-- --------------------------------------------------------
-- 호스트:                          localhost
-- 서버 버전:                        10.5.0-MariaDB - mariadb.org binary distribution
-- 서버 OS:                        Win64
-- HeidiSQL 버전:                  10.2.0.5599
-- --------------------------------------------------------

/*!40101 SET @OLD_CHARACTER_SET_CLIENT=@@CHARACTER_SET_CLIENT */;
/*!40101 SET NAMES utf8 */;
/*!50503 SET NAMES utf8mb4 */;
/*!40014 SET @OLD_FOREIGN_KEY_CHECKS=@@FOREIGN_KEY_CHECKS, FOREIGN_KEY_CHECKS=0 */;
/*!40101 SET @OLD_SQL_MODE=@@SQL_MODE, SQL_MODE='NO_AUTO_VALUE_ON_ZERO' */;


-- dg 데이터베이스 구조 내보내기
DROP DATABASE IF EXISTS `dg`;
CREATE DATABASE IF NOT EXISTS `dg` /*!40100 DEFAULT CHARACTER SET utf8 */;
USE `dg`;

-- 테이블 dg.authority_item 구조 내보내기
DROP TABLE IF EXISTS `authority_item`;
CREATE TABLE IF NOT EXISTS `authority_item` (
  `AuthorityName` varchar(45) NOT NULL COMMENT '권한 명',
  `AuthorityLocation` varchar(45) NOT NULL COMMENT '권한 주소',
  PRIMARY KEY (`AuthorityName`,`AuthorityLocation`),
  KEY `FK_authority_item_AuthorityLocation` (`AuthorityLocation`),
  CONSTRAINT `FK_authority_item_AuthorityLocation` FOREIGN KEY (`AuthorityLocation`) REFERENCES `def_authority_list` (`AuthorityLocation`),
  CONSTRAINT `FK_authority_item_AuthorityName_def_authority_main_AuthorityName` FOREIGN KEY (`AuthorityName`) REFERENCES `def_authority_main` (`AuthorityName`),
  CONSTRAINT `FK_authority_item_main_AuthorityName` FOREIGN KEY (`AuthorityName`) REFERENCES `def_authority_main` (`AuthorityName`)
) ENGINE=InnoDB DEFAULT CHARSET=utf8;

-- 테이블 데이터 dg.authority_item:~7 rows (대략적) 내보내기
/*!40000 ALTER TABLE `authority_item` DISABLE KEYS */;
INSERT INTO `authority_item` (`AuthorityName`, `AuthorityLocation`) VALUES
	('Admin', 'All'),
	('Admin', '권한 설정'),
	('Admin', '버튼 누르기'),
	('Disable', '권한 설정'),
	('User', 'All'),
	('User', '권한 설정'),
	('User', '버튼 누르기');
/*!40000 ALTER TABLE `authority_item` ENABLE KEYS */;

-- 테이블 dg.bom 구조 내보내기
DROP TABLE IF EXISTS `bom`;
CREATE TABLE IF NOT EXISTS `bom` (
  `BomNo` int(11) NOT NULL AUTO_INCREMENT COMMENT '고유번호',
  `WorkInstructionNo` bigint(20) NOT NULL COMMENT '고유번호(바코드값)',
  `ProductNo` int(11) NOT NULL DEFAULT 0 COMMENT '제품 번호(생성)',
  `OrderNo` int(11) NOT NULL COMMENT '수주 고유번호',
  `ProductType` varchar(50) DEFAULT NULL COMMENT '품목타입',
  `CustomerNo` int(11) DEFAULT NULL COMMENT '거래처',
  `BomSortation` varchar(50) DEFAULT NULL COMMENT '국내외구분',
  `BomManager` varchar(50) DEFAULT NULL COMMENT '구매담당',
  `BomETC1` varchar(50) DEFAULT NULL COMMENT '비고1',
  `BomOutTime` date DEFAULT NULL COMMENT '외주출고 시간',
  `BomInTime` date DEFAULT NULL COMMENT '외주입고 시간',
  PRIMARY KEY (`BomNo`),
  KEY `FK_bom_WorkInstructionNo_work_instruction_WorkInstructionNo` (`WorkInstructionNo`),
  KEY `FK_bom_OrderNo_work_order_OrderNo` (`OrderNo`),
  KEY `FK_bom_product` (`ProductNo`),
  CONSTRAINT `FK_bom_OrderNo_work_order_OrderNo` FOREIGN KEY (`OrderNo`) REFERENCES `work_order` (`OrderNo`),
  CONSTRAINT `FK_bom_product` FOREIGN KEY (`ProductNo`) REFERENCES `product` (`ProductNo`)
) ENGINE=InnoDB AUTO_INCREMENT=485 DEFAULT CHARSET=utf8 COMMENT='bom 리스트';

-- 테이블 데이터 dg.bom:~174 rows (대략적) 내보내기
/*!40000 ALTER TABLE `bom` DISABLE KEYS */;
INSERT INTO `bom` (`BomNo`, `WorkInstructionNo`, `ProductNo`, `OrderNo`, `ProductType`, `CustomerNo`, `BomSortation`, `BomManager`, `BomETC1`, `BomOutTime`, `BomInTime`) VALUES
	(293, 2210700100201, 2, 1, '자체 제작', 49, '국내', '', '', NULL, NULL),
	(294, 1210700100301, 3, 1, '외주 제작', 49, '국내', '', '', '2021-07-27', '2021-07-27'),
	(295, 1210700200101, 1, 2, '외주 제작', 49, '국내', '', '0.15R', '2021-07-27', '2021-07-27'),
	(296, 1210700200201, 2, 2, '외주 제작', 49, '국내', '', '', '2021-12-03', '2021-07-27'),
	(297, 2210700300101, 1, 3, '자체 제작', 49, '국내', '', '0.15R', NULL, NULL),
	(298, 1210700300201, 2, 3, '외주 제작', 49, '국내', '', '', '2021-12-03', '2021-07-27'),
	(299, 2210700400501, 5, 4, '자체 제작', 49, '국내', '', '', NULL, NULL),
	(300, 2210700400502, 5, 4, '자체 제작', 49, '국내', '', '', NULL, NULL),
	(301, 2210700500301, 3, 5, '자체 제작', 49, '국내', '', '', NULL, NULL),
	(302, 1210700500501, 5, 5, '외주 제작', 49, '국내', '', '', '2021-07-28', '2021-07-27'),
	(303, 2210700600401, 4, 6, '자체 제작', 49, '국내', '', '', NULL, NULL),
	(304, 1210700600501, 5, 6, '외주 제작', 49, '국내', '', '', '2021-07-28', '2021-07-28'),
	(305, 1210700600502, 5, 6, '외주 제작', 49, '국내', '', '', '2021-07-28', '2021-07-28'),
	(306, 2210700700301, 3, 7, '자체 제작', 49, '국내', '', '', NULL, NULL),
	(307, 2210700700401, 4, 7, '자체 제작', 49, '국내', '', '', NULL, NULL),
	(308, 1210700800201, 2, 8, '외주 제작', 49, '국내', '', '', '2021-12-03', '2021-07-28'),
	(309, 2210700800301, 3, 8, '자체 제작', 49, '국내', '', '', NULL, NULL),
	(310, 2210700800401, 4, 8, '자체 제작', 49, '국내', '', '', NULL, NULL),
	(311, 2210700800501, 5, 8, '자체 제작', 49, '국내', '', '', NULL, NULL),
	(312, 2210800900101, 1, 9, '자체 제작', 49, '국내', '', '0.15R', NULL, NULL),
	(313, 2210800900201, 2, 9, '자체 제작', 49, '국내', '', '', NULL, NULL),
	(315, 2211000900401, 4, 9, '자체 제작', 49, '국내', '', '', NULL, NULL),
	(316, 1211101100201, 2, 11, '외주 제작', 49, '국내', '', '', '2021-12-03', '2021-12-08'),
	(317, 2211101200101, 1, 12, '자체 제작', 49, '국내', '', '0.15R', NULL, NULL),
	(318, 2211101300201, 2, 13, '자체 제작', 49, '국내', '', '', NULL, NULL),
	(319, 2211101300301, 3, 13, '자체 제작', 49, '국내', '', '', NULL, NULL),
	(320, 2211101300401, 4, 13, '자체 제작', 49, '국내', '', '', NULL, NULL),
	(338, 2211201403401, 34, 14, '자체 제작', 60, '국내', '', '', NULL, NULL),
	(339, 2211201403501, 35, 14, '자체 제작', 60, '국내', '', '', NULL, NULL),
	(340, 2211201403601, 36, 14, '자체 제작', 60, '국내', '', '', NULL, NULL),
	(341, 2211201403602, 36, 14, '자체 제작', 60, '국내', '', '', NULL, NULL),
	(342, 2211201403603, 36, 14, '자체 제작', 60, '국내', '', '', NULL, NULL),
	(343, 2211201403604, 36, 14, '자체 제작', 60, '국내', '', '', NULL, NULL),
	(344, 2211201403605, 36, 14, '자체 제작', 60, '국내', '', '', NULL, NULL),
	(345, 2211201403606, 36, 14, '자체 제작', 60, '국내', '', '', NULL, NULL),
	(346, 2211201403607, 36, 14, '자체 제작', 60, '국내', '', '', NULL, NULL),
	(347, 2211201403608, 36, 14, '자체 제작', 60, '국내', '', '', NULL, NULL),
	(348, 2211201403609, 36, 14, '자체 제작', 60, '국내', '', '', NULL, NULL),
	(349, 2211201403610, 36, 14, '자체 제작', 60, '국내', '', '', NULL, NULL),
	(350, 2211201403611, 36, 14, '자체 제작', 60, '국내', '', '', NULL, NULL),
	(351, 2211201403612, 36, 14, '자체 제작', 60, '국내', '', '', NULL, NULL),
	(352, 2211201403613, 36, 14, '자체 제작', 60, '국내', '', '', NULL, NULL),
	(353, 2211201403614, 36, 14, '자체 제작', 60, '국내', '', '', NULL, NULL),
	(354, 2211201501901, 19, 15, '자체 제작', 84, '국내', '', '', NULL, NULL),
	(355, 2211201502301, 23, 15, '자체 제작', 84, '국내', '', '', NULL, NULL),
	(356, 2211201502201, 22, 15, '자체 제작', 84, '국내', '', '', NULL, NULL),
	(357, 2211201502501, 25, 15, '자체 제작', 84, '국내', '', '', NULL, NULL),
	(358, 2211201502502, 25, 15, '자체 제작', 84, '국내', '', '', NULL, NULL),
	(359, 2211201502503, 25, 15, '자체 제작', 84, '국내', '', '', NULL, NULL),
	(360, 2211201502504, 25, 15, '자체 제작', 84, '국내', '', '', NULL, NULL),
	(361, 2211201502601, 26, 15, '자체 제작', 84, '국내', '', '', NULL, NULL),
	(362, 2211201502602, 26, 15, '자체 제작', 84, '국내', '', '', NULL, NULL),
	(363, 2211201502603, 26, 15, '자체 제작', 84, '국내', '', '', NULL, NULL),
	(364, 2211201502604, 26, 15, '자체 제작', 84, '국내', '', '', NULL, NULL),
	(365, 2211201503001, 30, 15, '자체 제작', 84, '국내', '', '', NULL, NULL),
	(366, 2211201503101, 31, 15, '자체 제작', 84, '국내', '', '', NULL, NULL),
	(367, 2211201503201, 32, 15, '자체 제작', 84, '국내', '', '', NULL, NULL),
	(368, 2211201503202, 32, 15, '자체 제작', 84, '국내', '', '', NULL, NULL),
	(369, 2211201503203, 32, 15, '자체 제작', 84, '국내', '', '', NULL, NULL),
	(370, 2211201503204, 32, 15, '자체 제작', 84, '국내', '', '', NULL, NULL),
	(371, 2211201502401, 24, 15, '자체 제작', 84, '국내', '', '', NULL, NULL),
	(372, 2211201603701, 37, 16, '자체 제작', 89, '국내', '', '', NULL, NULL),
	(373, 2211201603801, 38, 16, '자체 제작', 89, '국내', '', '', NULL, NULL),
	(374, 2211201603802, 38, 16, '자체 제작', 89, '국내', '', '', NULL, NULL),
	(375, 2211201710601, 106, 17, '자체 제작', 56, '국내', '', '', NULL, NULL),
	(376, 2211201710701, 107, 17, '자체 제작', 56, '국내', '', '', NULL, NULL),
	(377, 2211201710801, 108, 17, '자체 제작', 56, '국내', '', '', NULL, NULL),
	(378, 2211201710901, 109, 17, '자체 제작', 56, '국내', '', '', NULL, NULL),
	(379, 2211201711001, 110, 17, '자체 제작', 56, '국내', '', '', NULL, NULL),
	(380, 2211201711101, 111, 17, '자체 제작', 56, '국내', '', '', NULL, NULL),
	(381, 2211201811301, 113, 18, '자체 제작', 104, '국내', '', '', NULL, NULL),
	(382, 2211201811401, 114, 18, '자체 제작', 104, '국내', '', '', NULL, NULL),
	(383, 2211201811501, 115, 18, '자체 제작', 104, '국내', '', '', NULL, NULL),
	(384, 2211201811601, 116, 18, '자체 제작', 104, '국내', '', '', NULL, NULL),
	(385, 2211201811701, 117, 18, '자체 제작', 104, '국내', '', '', NULL, NULL),
	(386, 2211201811801, 118, 18, '자체 제작', 104, '국내', '', '', NULL, NULL),
	(387, 2211201811901, 119, 18, '자체 제작', 104, '국내', '', '', NULL, NULL),
	(388, 2211201812001, 120, 18, '자체 제작', 104, '국내', '', '', NULL, NULL),
	(389, 2211201812101, 121, 18, '자체 제작', 104, '국내', '', '', NULL, NULL),
	(390, 2211201812201, 122, 18, '자체 제작', 104, '국내', '', '', NULL, NULL),
	(391, 2211201812301, 123, 18, '자체 제작', 104, '국내', '', '', NULL, NULL),
	(392, 2211201812401, 124, 18, '자체 제작', 104, '국내', '', '', NULL, NULL),
	(393, 2211201812501, 125, 18, '자체 제작', 104, '국내', '', '', NULL, NULL),
	(394, 2211201812601, 126, 18, '자체 제작', 104, '국내', '', '', NULL, NULL),
	(395, 2211201812701, 127, 18, '자체 제작', 104, '국내', '', '', NULL, NULL),
	(396, 2211201812801, 128, 18, '자체 제작', 104, '국내', '', '', NULL, NULL),
	(397, 2211201812901, 129, 18, '자체 제작', 104, '국내', '', '', NULL, NULL),
	(398, 2211201813001, 130, 18, '자체 제작', 104, '국내', '', '', NULL, NULL),
	(399, 2211201813101, 131, 18, '자체 제작', 104, '국내', '', '', NULL, NULL),
	(400, 2211201813201, 132, 18, '자체 제작', 104, '국내', '', '', NULL, NULL),
	(401, 2211201813301, 133, 18, '자체 제작', 104, '국내', '', '', NULL, NULL),
	(402, 2211201813401, 134, 18, '자체 제작', 104, '국내', '', '', NULL, NULL),
	(403, 2211201813501, 135, 18, '자체 제작', 104, '국내', '', '', NULL, NULL),
	(404, 2211201813601, 136, 18, '자체 제작', 104, '국내', '', '', NULL, NULL),
	(405, 2211201813701, 137, 18, '자체 제작', 104, '국내', '', '', NULL, NULL),
	(406, 2211201813801, 138, 18, '자체 제작', 104, '국내', '', '', NULL, NULL),
	(407, 2211201813901, 139, 18, '자체 제작', 104, '국내', '', '', NULL, NULL),
	(408, 2211201814001, 140, 18, '자체 제작', 104, '국내', '', '', NULL, NULL),
	(409, 2211201814101, 141, 18, '자체 제작', 104, '국내', '', '', NULL, NULL),
	(410, 2211201814201, 142, 18, '자체 제작', 104, '국내', '', '', NULL, NULL),
	(411, 2211201814301, 143, 18, '자체 제작', 104, '국내', '', '', NULL, NULL),
	(412, 2211201814401, 144, 18, '자체 제작', 104, '국내', '', '', NULL, NULL),
	(413, 2211201814501, 145, 18, '자체 제작', 104, '국내', '', '', NULL, NULL),
	(414, 2211201814601, 146, 18, '자체 제작', 104, '국내', '', '', NULL, NULL),
	(415, 2211201814701, 147, 18, '자체 제작', 104, '국내', '', '', NULL, NULL),
	(416, 2211201814801, 148, 18, '자체 제작', 104, '국내', '', '', NULL, NULL),
	(417, 2211201814901, 149, 18, '자체 제작', 104, '국내', '', '', NULL, NULL),
	(418, 2211201815001, 150, 18, '자체 제작', 104, '국내', '', '', NULL, NULL),
	(419, 2211201815101, 151, 18, '자체 제작', 104, '국내', '', '', NULL, NULL),
	(420, 2211201815201, 152, 18, '자체 제작', 104, '국내', '', '', NULL, NULL),
	(421, 2211201815301, 153, 18, '자체 제작', 104, '국내', '', '', NULL, NULL),
	(422, 2211201815401, 154, 18, '자체 제작', 104, '국내', '', '', NULL, NULL),
	(423, 2211201815501, 155, 18, '자체 제작', 104, '국내', '', '', NULL, NULL),
	(424, 2211201815601, 156, 18, '자체 제작', 104, '국내', '', '', NULL, NULL),
	(425, 2211201815701, 157, 18, '자체 제작', 104, '국내', '', '', NULL, NULL),
	(426, 2211201815801, 158, 18, '자체 제작', 104, '국내', '', '', NULL, NULL),
	(427, 2211201815901, 159, 18, '자체 제작', 104, '국내', '', '', NULL, NULL),
	(428, 2211201816001, 160, 18, '자체 제작', 104, '국내', '', '', NULL, NULL),
	(429, 2211201816101, 161, 18, '자체 제작', 104, '국내', '', '', NULL, NULL),
	(430, 2211201816201, 162, 18, '자체 제작', 104, '국내', '', '', NULL, NULL),
	(431, 2211201816301, 163, 18, '자체 제작', 104, '국내', '', '', NULL, NULL),
	(432, 2211201816401, 164, 18, '자체 제작', 104, '국내', '', '', NULL, NULL),
	(433, 2211201816501, 165, 18, '자체 제작', 104, '국내', '', '', NULL, NULL),
	(434, 2211201816601, 166, 18, '자체 제작', 104, '국내', '', '', NULL, NULL),
	(435, 2211201816701, 167, 18, '자체 제작', 104, '국내', '', '', NULL, NULL),
	(436, 2211201816801, 168, 18, '자체 제작', 104, '국내', '', '', NULL, NULL),
	(437, 2211201816901, 169, 18, '자체 제작', 104, '국내', '', '', NULL, NULL),
	(438, 2211201817001, 170, 18, '자체 제작', 104, '국내', '', '', NULL, NULL),
	(439, 2211201817101, 171, 18, '자체 제작', 104, '국내', '', '', NULL, NULL),
	(440, 2211201817201, 172, 18, '자체 제작', 104, '국내', '', '', NULL, NULL),
	(441, 2211201817301, 173, 18, '자체 제작', 104, '국내', '', '', NULL, NULL),
	(442, 2211201817401, 174, 18, '자체 제작', 104, '국내', '', '', NULL, NULL),
	(443, 2211201817501, 175, 18, '자체 제작', 104, '국내', '', '', NULL, NULL),
	(444, 2211201817601, 176, 18, '자체 제작', 104, '국내', '', '', NULL, NULL),
	(445, 2211201817701, 177, 18, '자체 제작', 104, '국내', '', '', NULL, NULL),
	(446, 2211201817801, 178, 18, '자체 제작', 104, '국내', '', '', NULL, NULL),
	(447, 2211201817901, 179, 18, '자체 제작', 104, '국내', '', '', NULL, NULL),
	(448, 2211201818001, 180, 18, '자체 제작', 104, '국내', '', '', NULL, NULL),
	(449, 2211201818101, 181, 18, '자체 제작', 104, '국내', '', '', NULL, NULL),
	(450, 2211201818201, 182, 18, '자체 제작', 104, '국내', '', '', NULL, NULL),
	(451, 2211201818301, 183, 18, '자체 제작', 104, '국내', '', '', NULL, NULL),
	(452, 2211201818401, 184, 18, '자체 제작', 104, '국내', '', '', NULL, NULL),
	(453, 2211201818501, 185, 18, '자체 제작', 104, '국내', '', '', NULL, NULL),
	(454, 2211201818601, 186, 18, '자체 제작', 104, '국내', '', '', NULL, NULL),
	(455, 2211201818701, 187, 18, '자체 제작', 104, '국내', '', '', NULL, NULL),
	(456, 2211201818801, 188, 18, '자체 제작', 104, '국내', '', '', NULL, NULL),
	(457, 2211201818901, 189, 18, '자체 제작', 104, '국내', '', '', NULL, NULL),
	(458, 2211201819001, 190, 18, '자체 제작', 104, '국내', '', '', NULL, NULL),
	(459, 2211201819101, 191, 18, '자체 제작', 104, '국내', '', '', NULL, NULL),
	(460, 2211201819201, 192, 18, '자체 제작', 104, '국내', '', '', NULL, NULL),
	(461, 2211201819301, 193, 18, '자체 제작', 104, '국내', '', '', NULL, NULL),
	(462, 2211201819401, 194, 18, '자체 제작', 104, '국내', '', '', NULL, NULL),
	(463, 2211201819501, 195, 18, '자체 제작', 104, '국내', '', '', NULL, NULL),
	(464, 2211201819601, 196, 18, '자체 제작', 104, '국내', '', '', NULL, NULL),
	(465, 2211201819701, 197, 18, '자체 제작', 104, '국내', '', '', NULL, NULL),
	(466, 2211201819801, 198, 18, '자체 제작', 104, '국내', '', '', NULL, NULL),
	(467, 2211201819901, 199, 18, '자체 제작', 104, '국내', '', '', NULL, NULL),
	(468, 2211201820001, 200, 18, '자체 제작', 104, '국내', '', '', NULL, NULL),
	(469, 2211201820101, 201, 18, '자체 제작', 104, '국내', '', '', NULL, NULL),
	(470, 2211201820201, 202, 18, '자체 제작', 104, '국내', '', '', NULL, NULL),
	(471, 2211201820301, 203, 18, '자체 제작', 104, '국내', '', '', NULL, NULL),
	(472, 2211201820401, 204, 18, '자체 제작', 104, '국내', '', '', NULL, NULL),
	(473, 2211201820501, 205, 18, '자체 제작', 104, '국내', '', '', NULL, NULL),
	(474, 2211201820601, 206, 18, '자체 제작', 104, '국내', '', '', NULL, NULL),
	(475, 2211201820701, 207, 18, '자체 제작', 104, '국내', '', '', NULL, NULL),
	(476, 2211201820801, 208, 18, '자체 제작', 104, '국내', '', '', NULL, NULL),
	(477, 2211201820901, 209, 18, '자체 제작', 104, '국내', '', '', NULL, NULL),
	(478, 2211201821001, 210, 18, '자체 제작', 104, '국내', '', '', NULL, NULL),
	(479, 2211201821101, 211, 18, '자체 제작', 104, '국내', '', '', NULL, NULL),
	(480, 2211201821201, 212, 18, '자체 제작', 104, '국내', '', '', NULL, NULL),
	(481, 2211201821301, 213, 18, '자체 제작', 104, '국내', '', '', NULL, NULL),
	(482, 2211201821401, 214, 18, '자체 제작', 104, '국내', '', '', NULL, NULL),
	(483, 2211201821501, 215, 18, '자체 제작', 104, '국내', '', '', NULL, NULL),
	(484, 2211201300101, 1, 13, '자체 제작', 49, '국내', '', '0.15R', NULL, NULL);
/*!40000 ALTER TABLE `bom` ENABLE KEYS */;

-- 테이블 dg.customer 구조 내보내기
DROP TABLE IF EXISTS `customer`;
CREATE TABLE IF NOT EXISTS `customer` (
  `CustomerNo` int(11) NOT NULL AUTO_INCREMENT COMMENT '고객사 고유번호',
  `CustomerGroup` varchar(50) NOT NULL COMMENT '고객사 그룹',
  `CustomerName` varchar(50) NOT NULL COMMENT '고객사 명',
  `CustomerGoods` varchar(50) DEFAULT NULL COMMENT '고객사 주요 거래품',
  `CustomerAddress` varchar(100) DEFAULT NULL COMMENT '고객사 주소',
  `CustomerNumber` varchar(50) DEFAULT NULL COMMENT '고객사 번호',
  `CustomerFax` varchar(50) DEFAULT NULL COMMENT '고객사 팩스',
  `CustomerMemo` varchar(100) DEFAULT NULL COMMENT '고객사 메모',
  PRIMARY KEY (`CustomerNo`)
) ENGINE=InnoDB AUTO_INCREMENT=707 DEFAULT CHARSET=utf8 COMMENT='고객사';

-- 테이블 데이터 dg.customer:~282 rows (대략적) 내보내기
/*!40000 ALTER TABLE `customer` DISABLE KEYS */;
INSERT INTO `customer` (`CustomerNo`, `CustomerGroup`, `CustomerName`, `CustomerGoods`, `CustomerAddress`, `CustomerNumber`, `CustomerFax`, `CustomerMemo`) VALUES
	(49, '매출처', '씨테크시스템', '소프트웨어', '경상남도 창원시 성산구', '010-9523-2770', '', ''),
	(50, '매출처', '(주)덕흥', 'Controller', '경상남도 김해시 진영읍', '010-5655-4587', NULL, '김해시 진영'),
	(51, '매출처', '화낙', 'Controller', '경상남도 창원시 성산구', '010-6778-1234', NULL, '화낙 컨트롤러'),
	(52, '매출처', '두산중공업', '베어링', '경기도 성남시', '010-2231-1123', NULL, ''),
	(53, '매출처', 'SNT', '볼트류', '경상남도 창원시 의창구', '055-528-5545', '051-153-5454', '베어링류'),
	(54, '매출처', 'Green Bolt', '볼트류', '경상남도 창원시 의창구', '055-120-0086', '051-835-5454', '볼트류'),
	(55, '매출처', 'ENTech', '컨트롤러 장비매입', '경상남도 창원시 북면', '055-200-5797', '051-554-7836', ''),
	(56, '매출처', '(주)구비테크', NULL, '대구시 달성군 현풍면 테크노대로4길 17', '010-6293-0011', NULL, 'gb5367@gubi.kr\r\n'),
	(57, '매출처', '동양정밀기계', NULL, '대구광역시 서구 북비산로29길 68', '010-3517-9107 ', NULL, 'hee3215913@naver.com'),
	(58, '매출처', '(주)국진과미래', NULL, '경기도 부천시 삼작로177번길 67(내동)', '032-676-1781', NULL, '6761781@naver.com'),
	(59, '매출처', '(주)단텍', NULL, '대구광역시 달서구 호산로 19(파호동)', '010-8507-0507', NULL, 'tinymindb@dantec.co.kr'),
	(60, '매출처', '(주)영남하이닉스', NULL, '경상북도 경산시 진량읍 공단4로40길 3', '010-6336-5051', NULL, 'ynim7757@hanmail.net'),
	(61, '매출처', '(주)지텍 자율주행로봇센터', NULL, '세종특별자치시 조치원읍 세종로 2511, 508호(산학협력관)', '010-4143-8556', NULL, 'gtecsj@g-robot.co.kr'),
	(62, '매출처', 'HS(에이치에스)INDUSTRY', NULL, '경북 경주시 외동읍 문산2산단2로 67', '010-6702-2902', NULL, 'hsindus88@daum.net'),
	(63, '매출처', '금원산업기계', NULL, '경상북도 구미시 공단동 130-11', '054-461-8083', NULL, 'Kumwon8083@naver.com'),
	(64, '매출처', '나현ENG', NULL, '대구시 달서구 달서대로109길 20, 122호(신당동, MJ테크노파크)', '010-9078-1497', NULL, 'nheng0325@daum.net'),
	(65, '매출처', '더원', NULL, '충청남도 천안시 동남구 신촌4로 16, 110동 315호', '', NULL, 'ciclon@naver.com'),
	(66, '매출처', '동방유체기계', NULL, '대구광역시 북구 노원동3가 58-8', '010-2030-0605', NULL, 'frubag@nate.com'),
	(67, '매출처', '솜텍', NULL, '대구시 달서구 성서공단북로 281', '010-6525-0082', NULL, 'somtec08@hanmail.net'),
	(68, '매출처', '엠오토텍', NULL, '충남 천안시 동남구 고재10길 39, 1층 103호', '010-2881-2516 ', NULL, 'psh2516@hotmail.com'),
	(69, '매출처', '영일엔지니어링 주식회사', NULL, '대구광역시 달성군 다사읍 세천로8길 40', '010-9955-3696 ', NULL, 'tax@yieng.co.kr'),
	(70, '매출처', '위너텍', NULL, '겅상북도 성주군 선남면 명관로 337-96', '', NULL, 'ju1177@hanmail.net'),
	(71, '매출처', '유한회사 고고로보틱스', NULL, '경기도 수원시 권선구 산업로156번길 142-10, A동 622호', '010-2905-0158', NULL, 'gofly@gogorobotics.kr'),
	(72, '매출처', '인테크', NULL, '대구광역시 북구 검단로 31길 36-14', '010-8588-6353 ', NULL, 'it3d@daum.net'),
	(73, '매출처', '제디', NULL, '대구시 북구 팔달로11길 18', '', NULL, 'jd67966069@daum.net'),
	(74, '매출처', '주식회사 갑우', NULL, '대구광역시 서구 가르뱅이로21길 11', '010-6274-9212', NULL, 'kapwoo@kapwoo.com'),
	(75, '매출처', '주식회사 로탑', NULL, '충청남도 천안시 동남구 풍세면 풍세산단로 233', '', NULL, 'rotoptax@rotop.co.kr'),
	(76, '매출처', '주식회사 비알오', NULL, '대구광역시 달서구 달서대로91길 102', '593-2123', NULL, 'brolaser@naver.com'),
	(77, '매출처', '주식회사 아라', NULL, '충청남도 아산시 배방읍 호서로79번길 20, 411호', '010-7162-7965', NULL, 'aratax19@bill36524.com'),
	(78, '매출처', '주식회사 에스엠', NULL, '경상북도 칠곡군 지천면 신동로 95-45', '054-976-5506  ', NULL, 'sangmu5412@hanmail.net'),
	(79, '매출처', '주식회사 옴니엔지니어링', NULL, '경상북도 구미시 산동면 첨단기업5로 10-48', '010-3746-8592', NULL, 'omnieng@hometax.go.kr'),
	(80, '매출처', '주식회사 유알하이텍', NULL, '대구광역시 달서구 파호동 206-9', '592-8651', NULL, 'urmetal@naver.com'),
	(81, '매출처', '주식회사 익스텐더', NULL, '충청남도 천안시 서북구 4산단7로 16-18', '010-5094-8577', NULL, 'ejhong@semicontest.com'),
	(82, '매출처', '주식회사 인스턴', NULL, '경상북도 구미시 4공단로7길 23-27 B동', '010-2515-2923', NULL, 'yhkuk@instern.co.kr'),
	(83, '매출처', '주식회사 제이엘로보틱스', NULL, '경기도 김포시 양촌읍 황금로 178', '010-5732-8586', NULL, 'kelim57328586@gmail.com'),
	(84, '매출처', '주식회사 지로보틱스', NULL, '충남 천안시 동남구 풍세면 풍세산단1로 6', '010-7244-8741', NULL, 'grtax@g-robot.co.kr'),
	(85, '매출처', '주식회사 지텍', NULL, '충청남도 천안시 동남구 풍세면 풍세산단1로 6', '010-4030-6569', NULL, 'gtec@gtec-fa.co.kr'),
	(86, '매출처', '주식회사 지텍 대구지사', NULL, '대구시 달성군 현풍면 테크노중앙대로 333, 206-비호', '', NULL, 'sonsu011@nate.com'),
	(87, '매출처', '주식회사엠시스', NULL, '경상북도 구미시 산동면 첨단기업로 127-28', '010-5630-3657', NULL, 'emsys9@bill36524.com'),
	(88, '매출처', '트윈텍', NULL, '대구광역시 달서구 성서공단로39길 27 301', '010-2033-7770', NULL, 'LBH0170@hanmail.net'),
	(89, '매출처', '디와이오토메이션㈜', NULL, '경기도 화성시 영천동 362-2 동익미라벨타워 1001호', '010-5032-9799', NULL, 'thebee24@dyautomation.co.kr'),
	(90, '매출처', '대교', NULL, '경상북도 성주군 성주읍 성주산업단지로 24', '010-2966-2083', NULL, 'daekyo8484@hanmail.net'),
	(91, '매출처', '㈜피엔티', NULL, '경북 구미시 첨단기업로 33(금전동)', '010-2633-7591', NULL, 'pntbuying@epnt.co.kr'),
	(92, '매입처', '오리온엔지니어링', '냉각 냉동기기', '대구광역시 북구 노원동로 30-1', '', '\r', NULL),
	(93, '매입처', '화천공작기계', '', '', '', '\r', NULL),
	(94, '매입처', '대경서비스센터', '기계수리', '대구광역시 서구 가르뱅이로10길 3-7', '527-7376', '', '527-7378\r'),
	(95, '매입처', '하트포드오토메이션(주)', '공작기계외', '', '', '\r', NULL),
	(96, '매입처', '동구종합상사', '공구외', '대구광역시 북구 노원동3가 461-1', '356-0949', '', '356-0943\r'),
	(97, '매입처', '(주)에스지테크', '기계공구 외', '서울 구로구 고척동 181-6 창성빌딩 4층', '02-2625-5366', '\r', NULL),
	(98, '매입처', '코리아통상', '공구', '대구시 북구 노원2가 84-1', '353-3620', '', '353-8718\r'),
	(99, '매입처', '한국미스미', '', '', '', '\r', NULL),
	(100, '매입처', '한국종합상사', '윤활유외', '대구광역시 북구 오봉로 29', '356-0458', '', '356-0459\r'),
	(101, '매입처', '모든연마', '', '', '', '\r', NULL),
	(102, '매입처', '영남전기관리', '전기안전관리대행', '대구시 수성구 무열로 159', '', '\r', NULL),
	(103, '매입처', '노무사김충옥사무소', '노무사', '대구광역시 수성구 범어천로 49(범어동)', '', '010-8596-6548', '\r'),
	(104, '매입처', '대건 ENG', '기계부품', '대구 북구 노원로1길 109', '', '\r', NULL),
	(105, '매입처', '대구명판', '', '', '351-4642', '', '352-4642\r'),
	(106, '매입처', '대원포장', '', '', '617-8338', '', '617-8339\r'),
	(107, '매입처', '동재엔지니어링', '', '', '010-3822-1384', '\r', NULL),
	(108, '매입처', '디지테크', '', '', '010-4921-4600', '\r', NULL),
	(109, '매입처', '모든랙기어', '기어류', '대구시 북구 노원로 17길 32-1', '352-1442', '', '353-3059\r'),
	(110, '매입처', '반도호이스트', '호이스트 외', '대구광역시 북구 노원로 94', '010-4004-4040', '\r', NULL),
	(111, '매입처', '성우코아', '', '', '', '\r', NULL),
	(112, '매입처', '에이치케이툴스', '', '북구 3공단로 75-1', '358-8044', '', '358-8043\r'),
	(113, '매입처', '오뚜기 정수기', '정수기', '대구광역시 북구 칠곡중앙대로99길 61', '010-8960-7327', '\r', NULL),
	(114, '매입처', '일성테크', '', '', '010-8599-5510', '054-932-5527\r', NULL),
	(115, '매입처', '중소기업기술인증원', '', '', '010-4814-2148', '02-832-2148\r', NULL),
	(116, '매입처', '중앙종합벤딩', '', '', '356-7514', '', '356-3687\r'),
	(117, '매입처', '컴시시', 'OA가구', '대구시 달서구 파도고개로 61', '652-5732', '\r', NULL),
	(118, '매입처', '코리아건드릴', '임가공', '대구광역시 북구 노원로17길 66', '354-6551', '', '354-8422\r'),
	(119, '매입처', '코어시스템', '컴퓨터및주변기기', '대구 북구 칠곡중앙대로80길 22', '010-6500-6115', '322-6115\r', NULL),
	(120, '매입처', '탑솔루션', '', '', '010-9132-9858', '031-430-7610\r', NULL),
	(121, '매입처', '툴뱅크석산', '', '', '583-4200', '', '593-6515\r'),
	(122, '매입처', '형제배관상사', '', '', '010-3811-6849', '521-0327\r', NULL),
	(123, '매입처', '형제중량물', '', '', '354-0700', '', '357-1545\r'),
	(124, '매입처', '한국정밀공업사', '금형', '대구시 북구 노원로10길 148', '010-4509-2833', '356-8969\r', NULL),
	(125, '매입처', '명량식당', '', '', '341-9500', '\r', NULL),
	(126, '매입처', '툴코리아', '절삭공구', '대구 북구 노원3가 1115번지', '358-1269', '', '358-1268\r'),
	(127, '매입처', '우수테크', '공작기계부품외', '대구광역시 달성군 다사읍 서재로33길 17', '', '\r', NULL),
	(128, '매입처', '애드마이더스', '', '', '010-2503-0302', '053-636-7724\r', NULL),
	(129, '매입처', '병열전기', '', '대구광역시 북구 경대로 7 (대현동)', '', '\r', NULL),
	(130, '매입처', '한국화낙서비스주식회사', '', '경상남도 창원시 성산구 연덕로 120 (웅남동)', '055-278-1288', '\r', NULL),
	(131, '매입처', '아이티큐', '', '', '', '\r', NULL),
	(132, '매입처', '세무법인 화평대구지사', '세무사', '', '070-4640-3857', '653-1080\r', NULL),
	(133, '매입처', '사단법인 대구제3산업단지관리공단', '경비업', '', '359-0303', '\r', NULL),
	(134, '매입처', '영진기계', '기계제작및 수리', '대구광역시 달서구 성서공단로 236 (월암동)', '582-1778', '', '581-1779\r'),
	(135, '매입처', '영남닥트', '함석공사', '', '010-3504-8267', '\r', NULL),
	(136, '매입처', '(주)다이나코리아', '무역업', '', '384-4717', '', '382-1994\r'),
	(137, '매입처', '주식회사 기성이앤씨', '', '', '657-8200', '\r', NULL),
	(138, '매입처', '(주)동성로지스', '화물자동차운송주선', '', '323-5552', '\r', NULL),
	(139, '매입처', '에스제이테크', '기타도급', '', '', '\r', NULL),
	(140, '매입처', '부영금속', '', '', '', '\r', NULL),
	(141, '매입처', '하나기공', '동력전달장치류', '', '604-3050', '\r', NULL),
	(142, '매입처', '신일건드릴', '기계부품가공', '대구 북구 노원로42길 41', '353-9450', '', '352-0762\r'),
	(143, '매입처', '두산공작기계', '', '', '010-7119-4889', '\r', NULL),
	(144, '매입처', '아림피앤피', '', '', '381-2051', '\r', NULL),
	(145, '매입처', '신한건드릴', '', '달서구 성서공단북로 382', '592-9000', '', '592-9001\r'),
	(146, '매입처', '한라엘이디', '', '부산광역시 강서구 미음국제7로 9', '051-501-0008', '051-782-8070\r', NULL),
	(147, '매입처', 'IMBT', '', '', '010-2987-7119', '\r', NULL),
	(148, '매입처', 'HB 프린팅', '', '', '010-9211-6866', '\r', NULL),
	(149, '매입처', '대우종합인쇄', '', '북구 오봉로 126-1', '357-3272', '', '352-0681\r'),
	(150, '매입처', '천지냉동', '', '', '010-3828-6682', '\r', NULL),
	(151, '매입처', '필플라워', '', '', '010-4507-4951', '252-0121\r', NULL),
	(152, '매입처', '동남공업사', '', '', '352-4989', '', '358-7633\r'),
	(153, '매입처', '한영정밀기어', '', '', '351-4755', '', '351-4755\r'),
	(154, '매입처', '우성정밀', '', '', '351-2970', '', '\r'),
	(155, '매입처', '대성인력', '', '', '010-2353-6567', '\r', NULL),
	(156, '매입처', '대우조각', '', '', '358-8833', '', '353-8733\r'),
	(157, '매입처', '성진철강', '', '', '', '\r', NULL),
	(158, '매입처', '제일알미늄', '', '', '', '\r', NULL),
	(159, '매입처', '경북비철금속', '비철금속', '경북 구미시 수출대로14길 5 다동 3호(임수동)', '054-476-7011', '054-476-7012\r', NULL),
	(160, '매입처', '광성스텐레스', '스텐가공판매 외', '대구 북구 노원동3가 201-2번지(노원로17길 41)', '354-5679', '', '354-5589\r'),
	(161, '매입처', '광진사', '철재 외', '대구광역시 북구 노원동로 38-1 (노원동2가)', '354-4310', '354-4310\r', NULL),
	(162, '매입처', '구일스틸', '철강외', '대구광역시 북구 오봉로 165-4(노원동3가 1200)', '352-9191', '353-1117\r', NULL),
	(163, '매입처', '(주)더블유에스스틸', '철판모형절단', '대구광역시 달서구 성서서로 66', '584-8651', '584-8653\r', NULL),
	(164, '매입처', '동서철강', '', '', '', '\r', NULL),
	(165, '매입처', '(주)맥스틸', '철강재외', '대구 북구 노원3가 420-1', '521-9600', '521-9655\r', NULL),
	(166, '매입처', '삼원수지', '합성수지기계부품', '대구광역시 북구 노원동로 24', '355-4205', '356-1114\r', NULL),
	(167, '매입처', '삼정금속', '산업용기계부품', '대구광역시 북구 노원로9길 27', '', '\r', NULL),
	(168, '매입처', '석영종합철강', '', '', '352-1903', '353-1903\r', NULL),
	(169, '매입처', '성화에스티', '', '', '351-7876', '351-7871\r', NULL),
	(170, '매입처', '신진에스엠', '금속가공', '대구시 북구3공단로 184', '341-8555', '341-8557\r', NULL),
	(171, '매입처', '신화특수금속', '금속열처리도금외', '대구광역시 북구 노원로1길 172', '354-6112', '354-6113\r', NULL),
	(172, '매입처', '(주)우진비철', '비철금속', '대구광역시 북구 노원로 135', '355-0700', '354-5625\r', NULL),
	(173, '매입처', '우양산업', '벨트 수지', '대구 북구 노원로 126', '356-0469', '355-0467\r', NULL),
	(174, '매입처', '정일상사', '', '', '', '\r', NULL),
	(175, '매입처', '(주)신일철강', '철강외', '달서구 파호동 92-6번지', '583-8387', '585-9794\r', NULL),
	(176, '매입처', '대길종합특수강', '', '북구 노원로1길 95', '341-7250', '341-9250\r', NULL),
	(177, '매입처', '대광알미늄(프로파일)', '', '달서구 성서서로 94', '585-9380', '585-9381\r', NULL),
	(178, '매입처', '성화물산', '', '', '010-3828-2546', '256-8946\r', NULL),
	(179, '매입처', '금호파이프', '', '', '352-3771', '\r', NULL),
	(180, '매입처', '삼광우레탄', '', '북구 노원3가 490-2', '352-0295', '\r', NULL),
	(181, '매입처', '유명특수강', '', '', '354-7275', '356-7276\r', NULL),
	(182, '매입처', '유림철재', '', '북구 오봉로 70', '358-0967', '357-0982\r', NULL),
	(183, '매입처', '창협', '', '', '586-0081', '582-2298\r', NULL),
	(184, '매입처', '한국스텐', '', '', '010-3517-4555', '356-4556\r', NULL),
	(185, '매입처', '동아특수강', '', '북구 오봉로 144-1', '352-3633', '352-0593\r', NULL),
	(186, '매입처', '유영철재', '', '', '352-6002', '355-5410\r', NULL),
	(187, '매입처', '대성종합철강', '', '대구광역시 북구 노원로 31', '354-8118', '352-5230\r', NULL),
	(188, '매입처', '원테크', '', '', '', '\r', NULL),
	(189, '매입처', '시지테크', '기계제작', '대구광역시 달서구 월곡로100길 35(월성동)', '010-7108-5692', '585-5692\r', NULL),
	(190, '매입처', 'U보링', '보링 기게제작', '대구광역시 달서구 성서로24길 37 (월암동)', '010-3540-7962', '582-8802\r', NULL),
	(191, '매입처', '건호 ENG', '기계부품외', '경상북도 칠곡군 지천면 금호로1길 26', '054-975-8067', '054-975-8068\r', NULL),
	(192, '매입처', '대운엔지니어링', '자동화기기', '대구 달서구 대천동 671', '', '\r', NULL),
	(193, '매입처', '대주정공', '기계부품', '대구광역시 달서구 장기로 361', '010-3527-3586', '587-3585\r', NULL),
	(194, '매입처', '대진하이텍', '기계부품', '대구광역시 북구 3공단로33길 55', '341-7188', '341-7288\r', NULL),
	(195, '매입처', '덕영정밀', '주형 및 금형', '대구광역시 북구 3공단로 155-24', '357-5796', '355-7380\r', NULL),
	(196, '매입처', '(주)동아베어링', '베어링외', '대구시 북구 유통단지로 16 17-33', '604-2305', '604-2306\r', NULL),
	(197, '매입처', '동인볼트상사', '', '', '253-1011', '253-1017\r', NULL),
	(198, '매입처', '두경산업', '', '', '592-1339', '586-1339\r', NULL),
	(199, '매입처', '디에스티', '', '', '010-3531-4567', '054-476-7906\r', NULL),
	(200, '매입처', '무예스프링', '', '', '357-6715', '356-6715\r', NULL),
	(201, '매입처', '벽천정밀', '', '', '010-8580-7252', '553-0369\r', NULL),
	(202, '매입처', '서현정밀', '금속절삭가공기계', '대구광역시 북구 노원로25길 63', '010-3518-7345', '355-7346\r', NULL),
	(203, '매입처', '석민공업사', '', '', '', '\r', NULL),
	(204, '매입처', '성원정공', '', '달서구 월암동 1075', '010-3824-3114', '593-0389\r', NULL),
	(205, '매입처', '성창정밀', '기계부품', '대구광역시 북구 노원동로 30-1', '010-9356-4739', '351-6889\r', NULL),
	(206, '매입처', '아인하이테크', '기계부품', '대구광역시 북구 노원로1길 112-3  1층', '010-5110-9068', '284-9069\r', NULL),
	(207, '매입처', '안성공업사', '기계부품', '대구광역시 북구 노원로 16길 10', '010-2526-8635', '356-9725\r', NULL),
	(208, '매입처', '(주)에스엠정공', '기계및철문제작', '대구광역시 달성군 하빈면 하빈로77길 45', '583-1784', '583-1785\r', NULL),
	(209, '매입처', '에스와이테크', '기계부품', '대구광역시 북구 팔달로45길 15', '356-2363', '356-2362\r', NULL),
	(210, '매입처', '영성정밀', '', '대구광역시 달서구 성서공단로39길 27  106호(갈산동  106호 ~ 107호)?', '010-3545-9867', '591-9868\r', NULL),
	(211, '매입처', '조은 ENG', '', '', '', '\r', NULL),
	(212, '매입처', '진일산업', '', '', '010-2810-5605', '592-2932\r', NULL),
	(213, '매입처', '진테크', '', '', '010-9939-6835', '357-6836\r', NULL),
	(214, '매입처', '케이에이치메탈', '', '', '010-3730-3681', '054-954-5426\r', NULL),
	(215, '매입처', '호성베아링', '', '', '010-3547-9063', '\r', NULL),
	(216, '매입처', '홍진레이저', '기계부품', '대구광역시 달서구 성서서로34길 23', '582-1216', '582-1217\r', NULL),
	(217, '매입처', '가산테크', '부품가공', '대구광역시 북구 노원3가 58-42', '010-3518-8887', '358-3937\r', NULL),
	(218, '매입처', 'MH 테크', '기계부품가공', '대구광역시 북구 오봉로10길 10-1', '010-5658-9728', '352-9728\r', NULL),
	(219, '매입처', '태경산업', '산업기계제작', '대구광역시 달성군 하빈면 달구벌대로8길 16', '583-3577', '583-3576\r', NULL),
	(220, '매입처', '대봉정공', '철공', '대구시 북구 3공단로44길2', '', '\r', NULL),
	(221, '매입처', '창경정밀', '금형가공외', '대구시 북구 노원로3가 245-7', '010-8594-6393', '356-3295\r', NULL),
	(222, '매입처', '창성정밀', '부품가공', '대구시 북구 노원로42길 43', '010-2505-0612', '352-0107\r', NULL),
	(223, '매입처', '덕경정밀', '기계가공', '북구 노원3가 237-25', '010-8621-7117', '\r', NULL),
	(224, '매입처', '와이제이(YJ)산업', '용접기계부품', '대구광역시 북구 노원로1길 109 (노원동3가)', '010-2034-8343', '356-8343\r', NULL),
	(225, '매입처', '대원테크', 'MC 수지 외', '대구광역시 북구 팔달북로2길 23-2 (노원동3가)', '010-2525-7106', '\r', NULL),
	(226, '매입처', '(주)우리엠에스', '', '대구광역시 달서구 성서로75길 13 (이곡동)', '593-0331', '593-0332\r', NULL),
	(227, '매입처', '동영테크', '기계부품외', '', '010-8583-5324', '\r', NULL),
	(228, '매입처', 'YH테크', '기계자동화부품', '대구광역시 북구 3공단로 161(노원동3가)?', '010-3378-6992', '358-6993\r', NULL),
	(229, '매입처', '경북알곤레이저용접', '용접', '달서구 신당동 1892', '"010-6460-2094, 352-9591"', '"591-0190, 261-9591"\r', NULL),
	(230, '매입처', '아주보링', '철공', '', '', '\r', NULL),
	(231, '매입처', '대성정밀기어', '부품기어', '북구 노원동로 30-1', '053-358-6889', '\r', NULL),
	(232, '매입처', '성은테크', '', '', '', '\r', NULL),
	(233, '매입처', '서진테크', '', '북구 노원동로3길 19', '010-6524-3027', '353-5993\r', NULL),
	(234, '매입처', '원민테크', '기계제작', '', '', '\r', NULL),
	(235, '매입처', '기흥이엔지', '', '', '592-9867', '353-9867\r', NULL),
	(236, '매입처', '(주)성호하이텍', '', '', '', '\r', NULL),
	(237, '매입처', '진성 ENG', '금속절삭기계 외', '대구광역시 북구 팔달로7길 7', '585-1683', '585-1684\r', NULL),
	(238, '매입처', '동아MCT', '', '대구 북구 팔달북로3길 54', '010-4504-8114', '\r', NULL),
	(239, '매입처', '제일CNC조각', '', '대구 북구 노원1가 14-9', '010-3803-4520', '355-7369\r', NULL),
	(240, '매입처', '준테크', '', '대구 북구 오봉로24길 35-7', '010-2520-5049', '289-3036\r', NULL),
	(241, '매입처', '대아푸레나', '', '대구 북구 노원3가 243-6', '352-1190', '351-1196\r', NULL),
	(242, '매입처', '태윤 ENG', '', '북구 오봉로21길 36', '010-5055-7739', '\r', NULL),
	(243, '매입처', '원테크', '', '달서구 신당동 321-200', '584-5861', '584-5863\r', NULL),
	(244, '매입처', '태광정공', '', '달서구 성서공단로35길 24-14(갈산동)', '010-9222-9242', '585-1210\r', NULL),
	(245, '매입처', '선일', '', '', '010-2502-4911', '054-975-8415\r', NULL),
	(246, '매입처', '대영테크', '', '달서구 성서로36길 50(월암동)', '583-5345', '\r', NULL),
	(247, '매입처', '평화기어', '', '', '358-1285', '358-4285\r', NULL),
	(248, '매입처', '한진테크', '', '달서구 장동 329번지', '010-3525-1325', '592-5316\r', NULL),
	(249, '매입처', '대원메카텍', '금형제작', '북구 노원로17길 42-1', '356-0123', '356-0122\r', NULL),
	(250, '매입처', '티에스테크', '', '달서구 달서대로64길 79', '582-1133', '582-1134\r', NULL),
	(251, '매입처', '진텍', '', '', '010-3825-0599', '\r', NULL),
	(252, '매입처', '동국테크', '', '', '010-3816-4889', '355-3756\r', NULL),
	(253, '매입처', '지앤에스', '', '', '', '\r', NULL),
	(254, '매입처', '신화 ENG', '', '북구 팔달로7길 113', '353-0731', '353-0732\r', NULL),
	(255, '매입처', '인승티엔에스', '', '달성군 하빈면 하빈로 92길 26', '582-6528', '\r', NULL),
	(256, '매입처', '덕테크', '', '노원3가 415-2', '010-4504-9118', '\r', NULL),
	(257, '매입처', '웅테크', '', '북구 노원동로42', '010-8322-2122', '\r', NULL),
	(258, '매입처', '태건엔텍', '', '북구 노원로17길 19-8', '357-1707', '357-1706\r', NULL),
	(259, '매입처', '삼우기계', '', '달서구 파호동 93-9번지', '592-1254', '592-1255\r', NULL),
	(260, '매입처', '수승테크', '', '', '355-3633', '355-3634\r', NULL),
	(261, '매입처', '세화기계', '', '달성군 다사읍 서재리 394-6', '583-6866', '583-6805\r', NULL),
	(262, '매입처', '에프엠정공', '', '달서구 문화회관10길 76', '359-3043', '359-3044\r', NULL),
	(263, '매입처', '마성', '', '대구광역시 북구 노원로 139-15(노원동3가)?', '010-9252-5270', '\r', NULL),
	(264, '매입처', '의성정공', '', '', '355-2495', '355-2496\r', NULL),
	(265, '매입처', '부명(인승관련)', '', '', '054-977-5301', '\r', NULL),
	(266, '매입처', 'YJ엠텍', '', '', '010-3827-8104', '053-611-5517\r', NULL),
	(267, '매입처', 'MK 테크', '', '', '010-9518-1428', '\r', NULL),
	(268, '매입처', '지티코리아', '', '북구 오봉로1길 24  1층', '010-5412-5328', '353-3328\r', NULL),
	(269, '매입처', '성지테크', '', '', '010-5550-8534', '294-3185\r', NULL),
	(270, '매입처', '덕우테크', '', '북구 팔달로41길106', '010-6546-7900', '216-7900\r', NULL),
	(271, '매입처', '선영이엔지', '', '대구 북구 팔달로7길 7', '010-4601-1157', '585-1684\r', NULL),
	(272, '매입처', '스파르탄스톤', '건축자재', '대구광역시 북구 노원로17길 29', '', '\r', NULL),
	(273, '매입처', '강원고주파', '', '', '053-358-7447', '053-358-7445\r', NULL),
	(274, '매입처', '남경금속', '알루미늄표면처리', '대구광여깃 북구 노원동로7길 16', '353-2445', '385-8228\r', NULL),
	(275, '매입처', '(주)대신분체', '표면처리 외', '1공장)북구 노원로 98-3  / 2공장)노원로1길 131', '352-8444', '352-8447\r', NULL),
	(276, '매입처', '대영공업사', '커텐봉', '대구광역시 북구 침산로67길 62', '352-2126', '\r', NULL),
	(277, '매입처', '대창금속열처리', '', '', '054-956-3240', '054-956-3242\r', NULL),
	(278, '매입처', '대풍샌딩', '비철금속표면처리', '대구광역시 북구 팔달북로2길 26', '357-3740', '357-3741\r', NULL),
	(279, '매입처', '동성와이어', '금형', '대구광역시 북구 팔달로27길 89', '352-7378', '353-0071\r', NULL),
	(280, '매입처', '명성산업', '전해연마', '대구광역시 북구 노원로1길 131-6', '010-9156-4414', '\r', NULL),
	(281, '매입처', '명성정밀연마', '금속절삭가공기계', '대구 북구 3공단로 239', '353-5097', '353-5093\r', NULL),
	(282, '매입처', '부강연마', '', '달서구 신당동 321-38', '010-3804-3039', '\r', NULL),
	(283, '매입처', '삼광쇼트기계공업사', '', '', '352-8856', '351-6150\r', NULL),
	(284, '매입처', '(주)서울열처리', '', '', '', '\r', NULL),
	(285, '매입처', '(주)성진아노다이징', '금속표면처리', '', '356-2813', '356-2814\r', NULL),
	(286, '매입처', '성창기공', '기계기료부품', '대구광역시 북구 3공단로 210', '354-7277', '354-9553\r', NULL),
	(287, '매입처', '세광연삭', '기계부품', '대구 북구 3공단로 184-03', '', '\r', NULL),
	(288, '매입처', '신성테크', '금속표면처리', '대구광역시 북구 노원로1길 16-1', '010-2991-3313', '351-8036\r', NULL),
	(289, '매입처', '에이스테크', '금형가공', '대구광역시 북구 3공단로 89-4', '', '\r', NULL),
	(290, '매입처', '오상정밀', '기타금속처리업', '대구광역시 북구 노원3가 271-2', '351-1454', '359-1454\r', NULL),
	(291, '매입처', '유창산업', '산업기계부품 표면처리', '대구광역시 북구 노원로25길 14-8', '359-3615', '359-3617\r', NULL),
	(292, '매입처', '이도도금', '도금', '대구광역시 북구 노원동로11길 7-6', '356-0140', '326-0147\r', NULL),
	(293, '매입처', '진성연삭', '', '', '', '\r', NULL),
	(294, '매입처', '청민금속열처리', '금속열처리', '대구광역시 북구 3공단로14길 8-6', '354-5888', '354-5889\r', NULL),
	(295, '매입처', '태광로타리연마', '연마', '대구광역시 달서구 달서대로58안길 18', '586-9434', '583-9434\r', NULL),
	(296, '매입처', '한성열처리', '', '', '359-2606', '355-0779\r', NULL),
	(297, '매입처', '해평특수알곤용접', '기계제작외', '대구광역시 북구 노원로25길 59-6', '355-6734', '355-6734\r', NULL),
	(298, '매입처', '제이에스연마', '기계조립외', '대구 달서구 신당동 1883번지', '010-6652-2708', '248-9968\r', NULL),
	(299, '매입처', '상주알곤용접', '용접', '대구광역시 북구 노원동로7길6', '', '\r', NULL),
	(300, '매입처', '다온연마', '', '북구 3공단로 75번지', '010-8560-2477', '352-2477\r', NULL),
	(301, '매입처', '영림정밀', '금형 부품', '대구광역시 달서구 이곡동 1276', '010-8584-3436', '584-3436\r', NULL),
	(302, '매입처', '대양열처리', '열처리', '달서구 성서공단로47길 12', '010-8584-3436', '357-5138\r', NULL),
	(303, '매입처', '광명도금공업사', '도금(경질크롬)', '', '053-353-7810', '\r', NULL),
	(304, '매입처', '화남산업', '금형', '', '351-3379', '354-2783\r', NULL),
	(305, '매입처', '명성연마', '금형', '대구 북구 노원로10길 124', '010-3523-5354', '356-6200\r', NULL),
	(306, '매입처', '영풍진공열처리', '열처리', '', '358-6074', '351-9926\r', NULL),
	(307, '매입처', '우일열처리', '열처리', '', '584-3660', '\r', NULL),
	(308, '매입처', '일우레이져', '', '대구 북구 노원3가 1101번지', '359-0233', '\r', NULL),
	(309, '매입처', '일진정밀연삭', '철공', '북구 팔달로37길 105(노원동2가)', '352-2982', '352-5982\r', NULL),
	(310, '매입처', '코스코', '', '북구 3공단로 89 A동', '341-7078', '341-7079\r', NULL),
	(311, '매입처', '형제도금', '', '북구 노원로9길 17-15', '358-3540', '353-7416\r', NULL),
	(312, '매입처', '동학알루텍', '', '', '359-0922', '\r', NULL),
	(313, '매입처', '대성공업사', '', '', '355-1467', '\r', NULL),
	(314, '매입처', '세광분체', '', '북구 노원로17길 19', '351-5704', '351-6704\r', NULL),
	(315, '매입처', '풍진산업', '금속표면처리', '북구 노원로1길 125-8', '351-2267', '351-2268\r', NULL),
	(316, '매입처', '제이에스데코', '', '구미시 공단동 수출대로 7길 84', '010-2430-5199', '054-463-1473\r', NULL),
	(317, '매입처', '금강테크', '', '북구 노원로1길 55-2', '010-8580-0001', '354-0709\r', NULL),
	(318, '매입처', '이건알루텍', '', '북구 노원로25길 64-3', '354-8091', '\r', NULL),
	(319, '매입처', '한영프론텍', '', '', '582-0891', '582-0893\r', NULL),
	(320, '매입처', '중앙용사', '', '달서구 달서대로94길 33', '010-7545-9822', '\r', NULL),
	(321, '매입처', '대성기어', '', '', '010-3840-2763', '592-2763\r', NULL),
	(322, '매입처', '거제금속(도금)', '', '', '010-9355-0137', '359-0136\r', NULL),
	(323, '매입처', '신영정공', '', '달서구 성서공단남로 175', '584-1497', '\r', NULL),
	(324, '매입처', '세림나노테크', '', '북구 3공단로 88-5', '521-0947', '\r', NULL),
	(325, '매입처', '대호분체산업', '', '대구 달서구 달서대로 91길 97', '588-4069', '585-7233\r', NULL),
	(326, '매입처', '상희정밀', '', '', '010-3804-5265', '351-5266\r', NULL),
	(327, '매입처', '삼진연마', '', '', '582-9063', '\r', NULL),
	(328, '매입처', '안일연마', '', '', '010-8560-8468', '\r', NULL),
	(329, '매입처', '다운연마', '', '서구 문화로 14길 28', '314-4300', '524-4301\r', NULL),
	(330, '매입처', '대영공업사', '', '북구 침산로67길 62', '352-2126', NULL, NULL);
/*!40000 ALTER TABLE `customer` ENABLE KEYS */;

-- 테이블 dg.customer_member 구조 내보내기
DROP TABLE IF EXISTS `customer_member`;
CREATE TABLE IF NOT EXISTS `customer_member` (
  `CustomerNo` int(11) NOT NULL COMMENT '고객사 고유번호',
  `CustomerMemberNo` int(11) NOT NULL AUTO_INCREMENT COMMENT '고객사 담당자 고유번호',
  `RankName` varchar(50) DEFAULT NULL COMMENT '직급 명',
  `CustomerMemberNumber` varchar(50) DEFAULT NULL COMMENT '고객사 담당자 전화번호',
  `CustomerMemberName` varchar(50) DEFAULT NULL COMMENT '고객사 담당자 이름',
  `CustomerMemberEmail` varchar(50) DEFAULT NULL COMMENT '고객사 담당자 이메일',
  `CustomerMemberMemo` varchar(100) DEFAULT NULL COMMENT '고객사 담당자 메모',
  PRIMARY KEY (`CustomerMemberNo`) USING BTREE,
  KEY `FK_customer_member_customer` (`CustomerNo`),
  KEY `FK_customer_member_def_rank` (`RankName`),
  CONSTRAINT `FK_customer_member_customer` FOREIGN KEY (`CustomerNo`) REFERENCES `customer` (`CustomerNo`) ON DELETE CASCADE ON UPDATE CASCADE,
  CONSTRAINT `FK_customer_member_def_rank` FOREIGN KEY (`RankName`) REFERENCES `def_rank` (`RankName`) ON DELETE CASCADE ON UPDATE CASCADE
) ENGINE=InnoDB AUTO_INCREMENT=325 DEFAULT CHARSET=utf8 COMMENT='고객사 담당자';

-- 테이블 데이터 dg.customer_member:~282 rows (대략적) 내보내기
/*!40000 ALTER TABLE `customer_member` DISABLE KEYS */;
INSERT INTO `customer_member` (`CustomerNo`, `CustomerMemberNo`, `RankName`, `CustomerMemberNumber`, `CustomerMemberName`, `CustomerMemberEmail`, `CustomerMemberMemo`) VALUES
	(49, 42, '관리자', '010-9523-2770', '강기원', 'kkk@citek.co.kr', '영업사원'),
	(50, 43, '관리자', '010-9966-7544', '문해수', 'MHS@citek.co.kr', '영업사원'),
	(51, 44, '관리자', '010-4451-2770', '이수연', 'lsy@citek.co.kr', '영업사원'),
	(49, 46, '관리자', '010-1255-4112', '도진호', 'DJH@citek.co.kr', '프로젝트매니터'),
	(49, 47, '관리자', '010-9864-6875', '최일', 'CI@citek.co.kr', '관리자'),
	(49, 48, '관리자', '010-4125-3113', '최용', 'CY@citek.co.kr', '용역'),
	(49, 49, '관리자', '010-1222-1010', '이상봉', 'LSB@citek.co.kr', ''),
	(56, 50, '관리자', '010-6293-0011', '서정권', 'gb5367@gubi.kr', NULL),
	(58, 51, '관리자', '010-9065-8546', '배점호', '6761781@naver.com', NULL),
	(59, 52, '관리자', '010-8507-0507', '조창구', 'tinymindb@dantec.co.kr', NULL),
	(60, 53, '관리자', '010-6336-5051', '임상홍', 'ynim7757@hanmail.net', NULL),
	(61, 54, '관리자', '010-4143-8556', '최부식', 'gtecsj@g-robot.co.kr', NULL),
	(62, 55, '관리자', '054-716-0021', '최해광', 'hsindus88@daum.net', NULL),
	(63, 56, '관리자', '054-461-8083', '권오필', 'Kumwon8083@naver.com', NULL),
	(64, 57, '관리자', '587-1497', '김병석', 'nheng0325@daum.net', NULL),
	(65, 58, '관리자', '', '박완래', 'ciclon@naver.com', NULL),
	(66, 59, '관리자', '010-2030-0605', '이상훈', 'frubag@nate.com', NULL),
	(57, 60, '관리자', '010-3517-9107', '금문식', 'hee3215913@naver.com', NULL),
	(67, 61, '관리자', '585-5032', '서삼열', 'somtec08@hanmail.net', NULL),
	(68, 62, '관리자', '010-2881-2516', '박숙향', 'psh2516@hotmail.com', NULL),
	(69, 63, '관리자', '588-1741', '최태원,이창은', 'tax@yieng.co.kr', NULL),
	(70, 64, '관리자', '', '이상주외1명', 'ju1177@hanmail.net', NULL),
	(71, 65, '관리자', '010-2905-0158', '김윤희', 'gofly@gogorobotics.kr', '서원일이사님'),
	(72, 66, '관리자', '010-8588-6353', '김대일', 'it3d@daum.net', NULL),
	(73, 67, '관리자', '', '석우회', 'jd67966069@daum.net', NULL),
	(74, 68, '관리자', '010-5504-5379', '윤종순', 'kapwoo@kapwoo.com', NULL),
	(75, 69, '관리자', '', '장대환', 'rotoptax@rotop.co.kr', NULL),
	(76, 70, '관리자', '010-6440-4121', '오명석외1명', 'brolaser@naver.com', NULL),
	(77, 71, '관리자', '010-7162-7965', '김진배', 'aratax19@bill36524.com', NULL),
	(78, 72, '관리자', '054-976-5506', '서상무', 'sangmu5412@hanmail.net', NULL),
	(79, 73, '관리자', '010-3746-8592', '차철희', 'omnieng@hometax.go.kr', NULL),
	(80, 74, '관리자', '010-3815-0682', '최희제', 'urmetal@naver.com', NULL),
	(81, 75, '관리자', '010-5388-7680', '박미연', 'ejhong@semicontest.com', NULL),
	(82, 76, '관리자', '010-2515-2923', '국연호', 'yhkuk@instern.co.kr', NULL),
	(83, 77, '관리자', '010-5732-8586', '임경석', 'kelim57328586@gmail.com', NULL),
	(84, 78, '관리자', '010-7244-8741', '황이연', 'grtax@g-robot.co.kr', NULL),
	(85, 79, '관리자', '010-4030-6569', '김광덕', 'gtec@gtec-fa.co.kr', NULL),
	(86, 80, '관리자', '', '김광덕', 'gtec@gtec-fa.co.kr', NULL),
	(87, 81, '관리자', '010-5630-3657', '박형근', 'emsys9@bill36524.com', NULL),
	(88, 82, '관리자', '586-8990', '이병훈', 'LBH0170@hanmail.net', NULL),
	(89, 83, '관리자', '010-3746-8592', '황태섭', 'thebee24@dyautomation.co.kr', NULL),
	(90, 84, '차장', '054-931-8990~3', '김해용', 'daekyo8484@hanmail.net', NULL),
	(91, 85, '관리자', '"본)054-461-9080 2)054-979-7941"', '김준섭', 'pntbuying@epnt.co.kr', NULL),
	(92, 86, '관리자', '', '최종환\r', NULL, NULL),
	(93, 87, '관리자', '', '김동환\r', NULL, NULL),
	(94, 88, '관리자', '', '문용식\r', NULL, NULL),
	(95, 89, '관리자', '', '고재범\r', NULL, NULL),
	(96, 90, '관리자', '', '이동훈\r', NULL, NULL),
	(97, 91, '관리자', '', '하갑수\r', NULL, NULL),
	(98, 92, '관리자', '', '박종원\r', NULL, NULL),
	(99, 93, '관리자', '', '조경윤\r', NULL, NULL),
	(100, 94, '관리자', '', '이근혁\r', NULL, NULL),
	(101, 95, '관리자', '', '이상록\r', NULL, NULL),
	(102, 96, '관리자', '', '임종규\r', NULL, NULL),
	(103, 97, '관리자', '', '김충옥\r', NULL, NULL),
	(104, 98, '관리자', '', '윤종덕\r', NULL, NULL),
	(105, 99, '관리자', '', '배동열\r', NULL, NULL),
	(106, 100, '관리자', '', '박신국\r', NULL, NULL),
	(107, 101, '관리자', '', '이재동\r', NULL, NULL),
	(108, 102, '관리자', '', '배수한\r', NULL, NULL),
	(109, 103, '관리자', '', '배재용\r', NULL, NULL),
	(110, 104, '관리자', '', '권재현\r', NULL, NULL),
	(111, 105, '관리자', '', '유인우\r', NULL, NULL),
	(112, 106, '관리자', '', '박형규\r', NULL, NULL),
	(113, 107, '관리자', '', '김태호\r', NULL, NULL),
	(114, 108, '관리자', '', '정성일\r', NULL, NULL),
	(115, 109, '관리자', '', '김춘자\r', NULL, NULL),
	(116, 110, '관리자', '', '채삼수\r', NULL, NULL),
	(117, 111, '관리자', '', '홍병열\r', NULL, NULL),
	(118, 112, '관리자', '', '김건우\r', NULL, NULL),
	(119, 113, '관리자', '325-6115', '이진영\r', NULL, NULL),
	(120, 114, '관리자', '', '이재욱\r', NULL, NULL),
	(121, 115, '관리자', '', '홍광희\r', NULL, NULL),
	(122, 116, '관리자', '', '류시인\r', NULL, NULL),
	(123, 117, '관리자', '', '신도환\r', NULL, NULL),
	(124, 118, '관리자', '', '정인현\r', NULL, NULL),
	(125, 119, '관리자', '', '김송월\r', NULL, NULL),
	(126, 120, '관리자', '010-3547-1269', '박정윤\r', NULL, NULL),
	(127, 121, '관리자', '', '예은희\r', NULL, NULL),
	(128, 122, '관리자', '070-7716-7878', '이응길\r', NULL, NULL),
	(129, 123, '관리자', '', '류병열\r', NULL, NULL),
	(130, 124, '관리자', '', '남궁 연\r', NULL, NULL),
	(131, 125, '관리자', '', '\r', NULL, NULL),
	(132, 126, '관리자', '', '허남식\r', NULL, NULL),
	(133, 127, '관리자', '', '김명석\r', NULL, NULL),
	(134, 128, '관리자', '', '안영진\r', NULL, NULL),
	(135, 129, '관리자', '', '공점돌\r', NULL, NULL),
	(136, 130, '관리자', '', '권인근\r', NULL, NULL),
	(137, 131, '관리자', '', '박정현\r', NULL, NULL),
	(138, 132, '관리자', '', '김병성\r', NULL, NULL),
	(139, 133, '관리자', '', '이진영\r', NULL, NULL),
	(140, 134, '관리자', '', '정승수\r', NULL, NULL),
	(141, 135, '관리자', '', '김용태\r', NULL, NULL),
	(142, 136, '관리자', '', '염경미\r', NULL, NULL),
	(143, 137, '관리자', '', '\r', NULL, NULL),
	(144, 138, '관리자', '381-2052', '\r', NULL, NULL),
	(145, 139, '관리자', '', '\r', NULL, NULL),
	(146, 140, '관리자', '', '송윤엽\r', NULL, NULL),
	(147, 141, '관리자', '', '지경은\r', NULL, NULL),
	(148, 142, '관리자', '', '권혁우\r', NULL, NULL),
	(149, 143, '관리자', '', '\r', NULL, NULL),
	(150, 144, '관리자', '', '\r', NULL, NULL),
	(151, 145, '관리자', '', '\r', NULL, NULL),
	(152, 146, '관리자', '', '\r', NULL, NULL),
	(153, 147, '관리자', '010-3857-6071', '\r', NULL, NULL),
	(154, 148, '관리자', '', '\r', NULL, NULL),
	(155, 149, '관리자', '', '\r', NULL, NULL),
	(156, 150, '관리자', '010-4503-2794', '이승욱\r', NULL, NULL),
	(157, 151, '관리자', '', '박상용\r', NULL, NULL),
	(158, 152, '관리자', '', '황인집\r', NULL, NULL),
	(159, 153, '관리자', '', '김영진\r', NULL, NULL),
	(160, 154, '관리자', '', '박성호\r', NULL, NULL),
	(161, 155, '관리자', '', '배재묵\r', NULL, NULL),
	(162, 156, '관리자', '', '박영도\r', NULL, NULL),
	(163, 157, '관리자', '', '김진석\r', NULL, NULL),
	(164, 158, '관리자', '', '박상현\r', NULL, NULL),
	(165, 159, '관리자', '', '김성중\r', NULL, NULL),
	(166, 160, '관리자', '', '안구호\r', NULL, NULL),
	(167, 161, '관리자', '', '정성균\r', NULL, NULL),
	(168, 162, '관리자', '', '김우찬\r', NULL, NULL),
	(169, 163, '관리자', '', '박근엽\r', NULL, NULL),
	(170, 164, '관리자', '', '이병문\r', NULL, NULL),
	(171, 165, '관리자', '', '정창규\r', NULL, NULL),
	(172, 166, '관리자', '', '김덕선\r', NULL, NULL),
	(173, 167, '관리자', '', '김동진\r', NULL, NULL),
	(174, 168, '관리자', '', '남상진\r', NULL, NULL),
	(175, 169, '관리자', '010-2788-5713', '최일송\r', NULL, NULL),
	(176, 170, '관리자', '010-4061-7250', '이순기\r', NULL, NULL),
	(177, 171, '관리자', '', '\r', NULL, NULL),
	(178, 172, '관리자', '253-9955', '정규만\r', NULL, NULL),
	(179, 173, '관리자', '', '\r', NULL, NULL),
	(180, 174, '관리자', '010-3821-1078', '\r', NULL, NULL),
	(181, 175, '관리자', '', '\r', NULL, NULL),
	(182, 176, '관리자', '', '\r', NULL, NULL),
	(183, 177, '관리자', '', '\r', NULL, NULL),
	(184, 178, '관리자', '354-4555', '이병철대표\r', NULL, NULL),
	(185, 179, '관리자', '', '\r', NULL, NULL),
	(186, 180, '관리자', '', '\r', NULL, NULL),
	(187, 181, '관리자', '', '\r', NULL, NULL),
	(188, 182, '관리자', '', '이석경\r', NULL, NULL),
	(189, 183, '관리자', '', '이종일\r', NULL, NULL),
	(190, 184, '관리자', '', '류연하\r', NULL, NULL),
	(191, 185, '관리자', '', '김영련\r', NULL, NULL),
	(192, 186, '관리자', '', '김성근\r', NULL, NULL),
	(193, 187, '관리자', '', '함용주\r', NULL, NULL),
	(194, 188, '관리자', '', '차재훈\r', NULL, NULL),
	(195, 189, '관리자', '', '김재일\r', NULL, NULL),
	(196, 190, '관리자', '010-4554-5117', '김시호\r', NULL, NULL),
	(197, 191, '관리자', '', '박동문\r', NULL, NULL),
	(198, 192, '관리자', '', '진인호\r', NULL, NULL),
	(199, 193, '관리자', '', '박종원\r', NULL, NULL),
	(200, 194, '관리자', '', '박승화\r', NULL, NULL),
	(201, 195, '관리자', '', '우동삼\r', NULL, NULL),
	(202, 196, '관리자', '', '황재록\r', NULL, NULL),
	(203, 197, '관리자', '', '김정태\r', NULL, NULL),
	(204, 198, '관리자', '', '이희용\r', NULL, NULL),
	(205, 199, '관리자', '', '김병일\r', NULL, NULL),
	(206, 200, '관리자', '', '차진영\r', NULL, NULL),
	(207, 201, '관리자', '', '안홍섭\r', NULL, NULL),
	(208, 202, '관리자', '', '허영수\r', NULL, NULL),
	(209, 203, '관리자', '010-7120-2362', '이승엽\r', NULL, NULL),
	(210, 204, '관리자', '', '김영설\r', NULL, NULL),
	(211, 205, '관리자', '', '김재현\r', NULL, NULL),
	(212, 206, '관리자', '', '신재학\r', NULL, NULL),
	(213, 207, '관리자', '', '안효근\r', NULL, NULL),
	(214, 208, '관리자', '', '이가혜\r', NULL, NULL),
	(215, 209, '관리자', '김평기이사님', '장한수\r', NULL, NULL),
	(216, 210, '관리자', '', '이정민\r', NULL, NULL),
	(217, 211, '관리자', '', '이영대\r', NULL, NULL),
	(218, 212, '관리자', '', '박경령\r', NULL, NULL),
	(219, 213, '관리자', '', '박만수\r', NULL, NULL),
	(220, 214, '관리자', '', '오태석\r', NULL, NULL),
	(221, 215, '관리자', '', '이창욱\r', NULL, NULL),
	(222, 216, '관리자', '', '박은서\r', NULL, NULL),
	(223, 217, '관리자', '', '송유석\r', NULL, NULL),
	(224, 218, '관리자', '', '남재형\r', NULL, NULL),
	(225, 219, '관리자', '', '황효기\r', NULL, NULL),
	(226, 220, '관리자', '010-9350-1739', '전병천\r', NULL, NULL),
	(227, 221, '관리자', '', '추교학\r', NULL, NULL),
	(228, 222, '관리자', '', '황용훈\r', NULL, NULL),
	(229, 223, '관리자', '', '"석재균', NULL, NULL),
	(230, 224, '관리자', '', '이희승\r', NULL, NULL),
	(231, 225, '관리자', '', '김병진\r', NULL, NULL),
	(232, 226, '관리자', '', '이승현\r', NULL, NULL),
	(233, 227, '관리자', '353-5999', '김태정\r', NULL, NULL),
	(234, 228, '관리자', '', '조정녀\r', NULL, NULL),
	(235, 229, '관리자', '', '김기형\r', NULL, NULL),
	(236, 230, '관리자', '', '김만호\r', NULL, NULL),
	(237, 231, '관리자', '', '황영모\r', NULL, NULL),
	(238, 232, '관리자', '', '이동하\r', NULL, NULL),
	(239, 233, '관리자', '', '홍태호\r', NULL, NULL),
	(240, 234, '관리자', '', '윤상주\r', NULL, NULL),
	(241, 235, '관리자', '', '\r', NULL, NULL),
	(242, 236, '관리자', '', '지상훈\r', NULL, NULL),
	(243, 237, '관리자', '010-2641-5860', '정종교\r', NULL, NULL),
	(244, 238, '관리자', '559-1211', '임호종\r', NULL, NULL),
	(245, 239, '관리자', '054-971-8416', '신강욱\r', NULL, NULL),
	(246, 240, '관리자', '583-5342', '박동수\r', NULL, NULL),
	(247, 241, '관리자', '010-9545-8653', '\r', NULL, NULL),
	(248, 242, '관리자', '592-5315', '이재석\r', NULL, NULL),
	(249, 243, '관리자', '', '배오한\r', NULL, NULL),
	(250, 244, '관리자', '010-4929-9977', '김진삼\r', NULL, NULL),
	(251, 245, '관리자', '', '김성태\r', NULL, NULL),
	(252, 246, '관리자', '355-3755', '이정한\r', NULL, NULL),
	(253, 247, '관리자', '010-6422-5127', '임종수\r', NULL, NULL),
	(254, 248, '관리자', '010-3505-0731', '김대중\r', NULL, NULL),
	(255, 249, '관리자', '010-4139-6528', '박희준대표\r', NULL, NULL),
	(256, 250, '관리자', '', '박정덕\r', NULL, NULL),
	(257, 251, '관리자', '', '김현수대표\r', NULL, NULL),
	(258, 252, '관리자', '010-3824-1704', '이은한\r', NULL, NULL),
	(259, 253, '관리자', '010-8853-3496', '석기영대표\r', NULL, NULL),
	(260, 254, '관리자', '010-5055-4044', '최혁재대표\r', NULL, NULL),
	(261, 255, '관리자', '010-9383-6866', '황의태대표\r', NULL, NULL),
	(262, 256, '관리자', '010-3526-3043', '김석규대표\r', NULL, NULL),
	(263, 257, '관리자', '', '박태규대표\r', NULL, NULL),
	(264, 258, '관리자', '010-3536-6904', '정환조대표\r', NULL, NULL),
	(265, 259, '관리자', '010-4810-1771', '\r', NULL, NULL),
	(266, 260, '관리자', ' 053-611-5557 ', '\r', NULL, NULL),
	(267, 261, '관리자', '', '김민규사장님\r', NULL, NULL),
	(268, 262, '관리자', '', '정진태대표님\r', NULL, NULL),
	(269, 263, '관리자', '', '황수근대표\r', NULL, NULL),
	(270, 264, '관리자', '', '김광준대표\r', NULL, NULL),
	(271, 265, '관리자', '', '피선호대표님\r', NULL, NULL),
	(272, 266, '관리자', '', '노순희\r', NULL, NULL),
	(273, 267, '관리자', '', '정창훈\r', NULL, NULL),
	(274, 268, '관리자', '', '권도은\r', NULL, NULL),
	(275, 269, '관리자', '010-8575-5740', '조영구\r', NULL, NULL),
	(276, 270, '관리자', '', '김태준\r', NULL, NULL),
	(277, 271, '관리자', '', '이성태\r', NULL, NULL),
	(278, 272, '관리자', '010-8856-6729', '최근호\r', NULL, NULL),
	(279, 273, '관리자', '', '박재호\r', NULL, NULL),
	(280, 274, '관리자', '', '박명식\r', NULL, NULL),
	(281, 275, '관리자', '', '김영수\r', NULL, NULL),
	(282, 276, '관리자', '', '지동진\r', NULL, NULL),
	(283, 277, '관리자', '', '서상수\r', NULL, NULL),
	(284, 278, '관리자', '', '박진창\r', NULL, NULL),
	(285, 279, '관리자', '', '이현우\r', NULL, NULL),
	(286, 280, '관리자', '', '이상칠\r', NULL, NULL),
	(287, 281, '관리자', '', '신일형\r', NULL, NULL),
	(288, 282, '관리자', '351-8033', '권혁보\r', NULL, NULL),
	(289, 283, '관리자', '', '박문석\r', NULL, NULL),
	(290, 284, '관리자', '010-4110-1454', '김진호\r', NULL, NULL),
	(291, 285, '관리자', '', '이재영\r', NULL, NULL),
	(292, 286, '관리자', '', '이동균\r', NULL, NULL),
	(293, 287, '관리자', '', '손진성\r', NULL, NULL),
	(294, 288, '관리자', '', '정재훈\r', NULL, NULL),
	(295, 289, '관리자', '', '김인득\r', NULL, NULL),
	(296, 290, '관리자', '010-5433-2606', '김미정\r', NULL, NULL),
	(297, 291, '관리자', '', '박정\r', NULL, NULL),
	(298, 292, '관리자', '', '신종삼\r', NULL, NULL),
	(299, 293, '관리자', '010-3817-8438', '김상근\r', NULL, NULL),
	(300, 294, '관리자', '', '임경영\r', NULL, NULL),
	(301, 295, '관리자', '', '김천식\r', NULL, NULL),
	(302, 296, '관리자', '', '배정환외\r', NULL, NULL),
	(303, 297, '관리자', '', '윤창한\r', NULL, NULL),
	(304, 298, '관리자', '', '이경자\r', NULL, NULL),
	(305, 299, '관리자', '', '임병학\r', NULL, NULL),
	(306, 300, '관리자', '', '\r', NULL, NULL),
	(307, 301, '관리자', '', '\r', NULL, NULL),
	(308, 302, '관리자', '', '차주연\r', NULL, NULL),
	(309, 303, '관리자', '', '심용운\r', NULL, NULL),
	(310, 304, '관리자', '010-8566-8642', '신훈종\r', NULL, NULL),
	(311, 305, '관리자', '', '임미숙\r', NULL, NULL),
	(312, 306, '관리자', '', '홍은실\r', NULL, NULL),
	(313, 307, '관리자', '', '편정열\r', NULL, NULL),
	(314, 308, '관리자', '010-3453-0725', '전재명\r', NULL, NULL),
	(315, 309, '관리자', '', '최수경\r', NULL, NULL),
	(316, 310, '관리자', '054-463-1472', '\r', NULL, NULL),
	(317, 311, '관리자', '354-9580', '손종태\r', NULL, NULL),
	(318, 312, '관리자', '', '이미라\r', NULL, NULL),
	(319, 313, '관리자', '', '\r', NULL, NULL),
	(320, 314, '관리자', '', '\r', NULL, NULL),
	(321, 315, '관리자', '592-2762', '이유철대표\r', NULL, NULL),
	(322, 316, '관리자', '', '정영환대표\r', NULL, NULL),
	(323, 317, '관리자', '', '\r', NULL, NULL),
	(324, 318, '관리자', '521-0948', '김수비\r', NULL, NULL),
	(325, 319, '관리자', '', '\r', NULL, NULL),
	(326, 320, '관리자', '', '\r', NULL, NULL),
	(327, 321, '관리자', '010-3807-9063', '\r', NULL, NULL),
	(328, 322, '관리자', '', '이부희대표\r', NULL, NULL),
	(329, 323, '관리자', '010-8582-4301', '고재원대표님\r', NULL, NULL),
	(330, 324, '관리자', '', '김태준대표\r', NULL, NULL);
/*!40000 ALTER TABLE `customer_member` ENABLE KEYS */;

-- 테이블 dg.dayofcnt 구조 내보내기
DROP TABLE IF EXISTS `dayofcnt`;
CREATE TABLE IF NOT EXISTS `dayofcnt` (
  `Day` date DEFAULT NULL COMMENT '저장날짜',
  `MachineName` varchar(50) NOT NULL COMMENT '장비명',
  `Value` varchar(50) CHARACTER SET utf8mb4 NOT NULL DEFAULT '' COMMENT '가동/비가동상태',
  `Count` int(11) NOT NULL COMMENT '횟수',
  `Memo` varchar(70) DEFAULT NULL,
  KEY `MachineName` (`MachineName`),
  CONSTRAINT `FK_dayofcnt_machine` FOREIGN KEY (`MachineName`) REFERENCES `machine` (`MachineName`) ON DELETE CASCADE ON UPDATE CASCADE
) ENGINE=InnoDB DEFAULT CHARSET=utf8;

-- 테이블 데이터 dg.dayofcnt:~1,683 rows (대략적) 내보내기
/*!40000 ALTER TABLE `dayofcnt` DISABLE KEYS */;
INSERT INTO `dayofcnt` (`Day`, `MachineName`, `Value`, `Count`, `Memo`) VALUES
	('2021-12-27', 'F500/50', 'Operation', 62257, NULL),
	('2021-12-27', 'F500/50', 'Unoperation', 15292, NULL),
	('2021-12-27', 'F650/50-1', 'Operation', 62091, NULL),
	('2021-12-27', 'F650/50-1', 'Unoperation', 15177, NULL),
	('2021-12-27', 'F650/50-2', 'Operation', 62015, NULL),
	('2021-12-27', 'F650/50-2', 'Unoperation', 15144, NULL),
	('2021-12-27', 'VX960M', 'Operation', 62076, NULL),
	('2021-12-27', 'VX960M', 'Unoperation', 15247, NULL),
	('2021-12-27', 'MCT-15', 'Operation', 62107, NULL),
	('2021-12-27', 'MCT-15', 'Unoperation', 15093, NULL),
	('2021-12-27', 'MCT-21', 'Operation', 62147, NULL),
	('2021-12-27', 'MCT-21', 'Unoperation', 15158, NULL),
	('2021-12-27', '오면가공기', 'Operation', 62047, NULL),
	('2021-12-27', '오면가공기', 'Unoperation', 15061, NULL),
	('2021-12-27', 'F500/50', 'Non-Error', 62165, NULL),
	('2021-12-27', 'F500/50', 'Error', 7041, NULL),
	('2021-12-27', 'F650/50-1', 'Non-Error', 62013, NULL),
	('2021-12-27', 'F650/50-1', 'Error', 5742, NULL),
	('2021-12-27', 'F650/50-2', 'Non-Error', 62270, NULL),
	('2021-12-27', 'F650/50-2', 'Error', 3427, NULL),
	('2021-12-27', 'VX960M', 'Non-Error', 62225, NULL),
	('2021-12-27', 'VX960M', 'Error', 6832, NULL),
	('2021-12-27', 'MCT-15', 'Non-Error', 62049, NULL),
	('2021-12-27', 'MCT-15', 'Error', 5896, NULL),
	('2021-12-27', 'MCT-21', 'Non-Error', 62107, NULL),
	('2021-12-27', 'MCT-21', 'Error', 6880, NULL),
	('2021-12-27', '오면가공기', 'Non-Error', 62091, NULL),
	('2021-12-27', '오면가공기', 'Error', 8149, NULL),
	('2021-12-26', 'F500/50', 'Operation', 62171, NULL),
	('2021-12-26', 'F500/50', 'Unoperation', 15110, NULL),
	('2021-12-26', 'F650/50-1', 'Operation', 62038, NULL),
	('2021-12-26', 'F650/50-1', 'Unoperation', 15159, NULL),
	('2021-12-26', 'F650/50-2', 'Operation', 62083, NULL),
	('2021-12-26', 'F650/50-2', 'Unoperation', 15240, NULL),
	('2021-12-26', 'VX960M', 'Operation', 62049, NULL),
	('2021-12-26', 'VX960M', 'Unoperation', 15127, NULL),
	('2021-12-26', 'MCT-15', 'Operation', 62188, NULL),
	('2021-12-26', 'MCT-15', 'Unoperation', 15259, NULL),
	('2021-12-26', 'MCT-21', 'Operation', 62132, NULL),
	('2021-12-26', 'MCT-21', 'Unoperation', 15185, NULL),
	('2021-12-26', '오면가공기', 'Operation', 62228, NULL),
	('2021-12-26', '오면가공기', 'Unoperation', 15285, NULL),
	('2021-12-26', 'F500/50', 'Non-Error', 62142, NULL),
	('2021-12-26', 'F500/50', 'Error', 7153, NULL),
	('2021-12-26', 'F650/50-1', 'Non-Error', 62043, NULL),
	('2021-12-26', 'F650/50-1', 'Error', 5556, NULL),
	('2021-12-26', 'F650/50-2', 'Non-Error', 62152, NULL),
	('2021-12-26', 'F650/50-2', 'Error', 3694, NULL),
	('2021-12-26', 'VX960M', 'Non-Error', 62112, NULL),
	('2021-12-26', 'VX960M', 'Error', 6965, NULL),
	('2021-12-26', 'MCT-15', 'Non-Error', 62156, NULL),
	('2021-12-26', 'MCT-15', 'Error', 6031, NULL),
	('2021-12-26', 'MCT-21', 'Non-Error', 62164, NULL),
	('2021-12-26', 'MCT-21', 'Error', 6759, NULL),
	('2021-12-26', '오면가공기', 'Non-Error', 62214, NULL),
	('2021-12-26', '오면가공기', 'Error', 8227, NULL),
	('2021-12-25', 'F500/50', 'Operation', 62194, NULL),
	('2021-12-25', 'F500/50', 'Unoperation', 15291, NULL),
	('2021-12-25', 'F650/50-1', 'Operation', 62270, NULL),
	('2021-12-25', 'F650/50-1', 'Unoperation', 15180, NULL),
	('2021-12-25', 'F650/50-2', 'Operation', 62091, NULL),
	('2021-12-25', 'F650/50-2', 'Unoperation', 15213, NULL),
	('2021-12-25', 'VX960M', 'Operation', 62193, NULL),
	('2021-12-25', 'VX960M', 'Unoperation', 15026, NULL),
	('2021-12-25', 'MCT-15', 'Operation', 62153, NULL),
	('2021-12-25', 'MCT-15', 'Unoperation', 15088, NULL),
	('2021-12-25', 'MCT-21', 'Operation', 62281, NULL),
	('2021-12-25', 'MCT-21', 'Unoperation', 15243, NULL),
	('2021-12-25', '오면가공기', 'Operation', 62073, NULL),
	('2021-12-25', '오면가공기', 'Unoperation', 15235, NULL),
	('2021-12-25', 'F500/50', 'Non-Error', 62058, NULL),
	('2021-12-25', 'F500/50', 'Error', 7184, NULL),
	('2021-12-25', 'F650/50-1', 'Non-Error', 62147, NULL),
	('2021-12-25', 'F650/50-1', 'Error', 5685, NULL),
	('2021-12-25', 'F650/50-2', 'Non-Error', 62185, NULL),
	('2021-12-25', 'F650/50-2', 'Error', 3471, NULL),
	('2021-12-25', 'VX960M', 'Non-Error', 62100, NULL),
	('2021-12-25', 'VX960M', 'Error', 6973, NULL),
	('2021-12-25', 'MCT-15', 'Non-Error', 62230, NULL),
	('2021-12-25', 'MCT-15', 'Error', 6078, NULL),
	('2021-12-25', 'MCT-21', 'Non-Error', 62177, NULL),
	('2021-12-25', 'MCT-21', 'Error', 6684, NULL),
	('2021-12-25', '오면가공기', 'Non-Error', 62100, NULL),
	('2021-12-25', '오면가공기', 'Error', 8182, NULL),
	('2021-12-24', 'F500/50', 'Operation', 62012, NULL),
	('2021-12-24', 'F500/50', 'Unoperation', 15112, NULL),
	('2021-12-24', 'F650/50-1', 'Operation', 62225, NULL),
	('2021-12-24', 'F650/50-1', 'Unoperation', 15189, NULL),
	('2021-12-24', 'F650/50-2', 'Operation', 62273, NULL),
	('2021-12-24', 'F650/50-2', 'Unoperation', 15197, NULL),
	('2021-12-24', 'VX960M', 'Operation', 62166, NULL),
	('2021-12-24', 'VX960M', 'Unoperation', 15241, NULL),
	('2021-12-24', 'MCT-15', 'Operation', 62105, NULL),
	('2021-12-24', 'MCT-15', 'Unoperation', 15104, NULL),
	('2021-12-24', 'MCT-21', 'Operation', 62207, NULL),
	('2021-12-24', 'MCT-21', 'Unoperation', 15122, NULL),
	('2021-12-24', '오면가공기', 'Operation', 62291, NULL),
	('2021-12-24', '오면가공기', 'Unoperation', 15187, NULL),
	('2021-12-24', 'F500/50', 'Non-Error', 62065, NULL),
	('2021-12-24', 'F500/50', 'Error', 7062, NULL),
	('2021-12-24', 'F650/50-1', 'Non-Error', 62115, NULL),
	('2021-12-24', 'F650/50-1', 'Error', 5591, NULL),
	('2021-12-24', 'F650/50-2', 'Non-Error', 62112, NULL),
	('2021-12-24', 'F650/50-2', 'Error', 3686, NULL),
	('2021-12-24', 'VX960M', 'Non-Error', 62193, NULL),
	('2021-12-24', 'VX960M', 'Error', 6796, NULL),
	('2021-12-24', 'MCT-15', 'Non-Error', 62268, NULL),
	('2021-12-24', 'MCT-15', 'Error', 5898, NULL),
	('2021-12-24', 'MCT-21', 'Non-Error', 62062, NULL),
	('2021-12-24', 'MCT-21', 'Error', 6948, NULL),
	('2021-12-24', '오면가공기', 'Non-Error', 62263, NULL),
	('2021-12-24', '오면가공기', 'Error', 8208, NULL),
	('2021-12-23', 'F500/50', 'Operation', 62249, NULL),
	('2021-12-23', 'F500/50', 'Unoperation', 15024, NULL),
	('2021-12-23', 'F650/50-1', 'Operation', 62272, NULL),
	('2021-12-23', 'F650/50-1', 'Unoperation', 15091, NULL),
	('2021-12-23', 'F650/50-2', 'Operation', 62237, NULL),
	('2021-12-23', 'F650/50-2', 'Unoperation', 15012, NULL),
	('2021-12-23', 'VX960M', 'Operation', 62251, NULL),
	('2021-12-23', 'VX960M', 'Unoperation', 15019, NULL),
	('2021-12-23', 'MCT-15', 'Operation', 62243, NULL),
	('2021-12-23', 'MCT-15', 'Unoperation', 15259, NULL),
	('2021-12-23', 'MCT-21', 'Operation', 62264, NULL),
	('2021-12-23', 'MCT-21', 'Unoperation', 15244, NULL),
	('2021-12-23', '오면가공기', 'Operation', 62130, NULL),
	('2021-12-23', '오면가공기', 'Unoperation', 15219, NULL),
	('2021-12-23', 'F500/50', 'Non-Error', 62106, NULL),
	('2021-12-23', 'F500/50', 'Error', 7171, NULL),
	('2021-12-23', 'F650/50-1', 'Non-Error', 62238, NULL),
	('2021-12-23', 'F650/50-1', 'Error', 5576, NULL),
	('2021-12-23', 'F650/50-2', 'Non-Error', 62269, NULL),
	('2021-12-23', 'F650/50-2', 'Error', 3618, NULL),
	('2021-12-23', 'VX960M', 'Non-Error', 62281, NULL),
	('2021-12-23', 'VX960M', 'Error', 6840, NULL),
	('2021-12-23', 'MCT-15', 'Non-Error', 62223, NULL),
	('2021-12-23', 'MCT-15', 'Error', 5841, NULL),
	('2021-12-23', 'MCT-21', 'Non-Error', 62211, NULL),
	('2021-12-23', 'MCT-21', 'Error', 6967, NULL),
	('2021-12-23', '오면가공기', 'Non-Error', 62211, NULL),
	('2021-12-23', '오면가공기', 'Error', 8189, NULL),
	('2021-12-22', 'F500/50', 'Operation', 62011, NULL),
	('2021-12-22', 'F500/50', 'Unoperation', 15088, NULL),
	('2021-12-22', 'F650/50-1', 'Operation', 62110, NULL),
	('2021-12-22', 'F650/50-1', 'Unoperation', 15284, NULL),
	('2021-12-22', 'F650/50-2', 'Operation', 62192, NULL),
	('2021-12-22', 'F650/50-2', 'Unoperation', 15109, NULL),
	('2021-12-22', 'VX960M', 'Operation', 62269, NULL),
	('2021-12-22', 'VX960M', 'Unoperation', 15119, NULL),
	('2021-12-22', 'MCT-15', 'Operation', 62086, NULL),
	('2021-12-22', 'MCT-15', 'Unoperation', 15076, NULL),
	('2021-12-22', 'MCT-21', 'Operation', 62121, NULL),
	('2021-12-22', 'MCT-21', 'Unoperation', 15080, NULL),
	('2021-12-22', '오면가공기', 'Operation', 62037, NULL),
	('2021-12-22', '오면가공기', 'Unoperation', 15244, NULL),
	('2021-12-22', 'F500/50', 'Non-Error', 62208, NULL),
	('2021-12-22', 'F500/50', 'Error', 7012, NULL),
	('2021-12-22', 'F650/50-1', 'Non-Error', 62034, NULL),
	('2021-12-22', 'F650/50-1', 'Error', 5637, NULL),
	('2021-12-22', 'F650/50-2', 'Non-Error', 62283, NULL),
	('2021-12-22', 'F650/50-2', 'Error', 3503, NULL),
	('2021-12-22', 'VX960M', 'Non-Error', 62267, NULL),
	('2021-12-22', 'VX960M', 'Error', 6812, NULL),
	('2021-12-22', 'MCT-15', 'Non-Error', 62125, NULL),
	('2021-12-22', 'MCT-15', 'Error', 6037, NULL),
	('2021-12-22', 'MCT-21', 'Non-Error', 62286, NULL),
	('2021-12-22', 'MCT-21', 'Error', 6754, NULL),
	('2021-12-22', '오면가공기', 'Non-Error', 62120, NULL),
	('2021-12-22', '오면가공기', 'Error', 8073, NULL),
	('2021-12-21', 'F500/50', 'Operation', 62004, NULL),
	('2021-12-21', 'F500/50', 'Unoperation', 15103, NULL),
	('2021-12-21', 'F650/50-1', 'Operation', 62204, NULL),
	('2021-12-21', 'F650/50-1', 'Unoperation', 15109, NULL),
	('2021-12-21', 'F650/50-2', 'Operation', 62235, NULL),
	('2021-12-21', 'F650/50-2', 'Unoperation', 15250, NULL),
	('2021-12-21', 'VX960M', 'Operation', 62245, NULL),
	('2021-12-21', 'VX960M', 'Unoperation', 15173, NULL),
	('2021-12-21', 'MCT-15', 'Operation', 62132, NULL),
	('2021-12-21', 'MCT-15', 'Unoperation', 15142, NULL),
	('2021-12-21', 'MCT-21', 'Operation', 62014, NULL),
	('2021-12-21', 'MCT-21', 'Unoperation', 15245, NULL),
	('2021-12-21', '오면가공기', 'Operation', 62281, NULL),
	('2021-12-21', '오면가공기', 'Unoperation', 15072, NULL),
	('2021-12-21', 'F500/50', 'Non-Error', 62119, NULL),
	('2021-12-21', 'F500/50', 'Error', 7079, NULL),
	('2021-12-21', 'F650/50-1', 'Non-Error', 62038, NULL),
	('2021-12-21', 'F650/50-1', 'Error', 5753, NULL),
	('2021-12-21', 'F650/50-2', 'Non-Error', 62251, NULL),
	('2021-12-21', 'F650/50-2', 'Error', 3597, NULL),
	('2021-12-21', 'VX960M', 'Non-Error', 62234, NULL),
	('2021-12-21', 'VX960M', 'Error', 6964, NULL),
	('2021-12-21', 'MCT-15', 'Non-Error', 62085, NULL),
	('2021-12-21', 'MCT-15', 'Error', 5979, NULL),
	('2021-12-21', 'MCT-21', 'Non-Error', 62115, NULL),
	('2021-12-21', 'MCT-21', 'Error', 6973, NULL),
	('2021-12-21', '오면가공기', 'Non-Error', 62228, NULL),
	('2021-12-21', '오면가공기', 'Error', 8256, NULL),
	('2021-12-20', 'F500/50', 'Operation', 62297, NULL),
	('2021-12-20', 'F500/50', 'Unoperation', 15117, NULL),
	('2021-12-20', 'F650/50-1', 'Operation', 62293, NULL),
	('2021-12-20', 'F650/50-1', 'Unoperation', 15215, NULL),
	('2021-12-20', 'F650/50-2', 'Operation', 62195, NULL),
	('2021-12-20', 'F650/50-2', 'Unoperation', 15033, NULL),
	('2021-12-20', 'VX960M', 'Operation', 62181, NULL),
	('2021-12-20', 'VX960M', 'Unoperation', 15204, NULL),
	('2021-12-20', 'MCT-15', 'Operation', 62179, NULL),
	('2021-12-20', 'MCT-15', 'Unoperation', 15283, NULL),
	('2021-12-20', 'MCT-21', 'Operation', 62277, NULL),
	('2021-12-20', 'MCT-21', 'Unoperation', 15239, NULL),
	('2021-12-20', '오면가공기', 'Operation', 62063, NULL),
	('2021-12-20', '오면가공기', 'Unoperation', 15200, NULL),
	('2021-12-20', 'F500/50', 'Non-Error', 62210, NULL),
	('2021-12-20', 'F500/50', 'Error', 7153, NULL),
	('2021-12-20', 'F650/50-1', 'Non-Error', 62133, NULL),
	('2021-12-20', 'F650/50-1', 'Error', 5709, NULL),
	('2021-12-20', 'F650/50-2', 'Non-Error', 62044, NULL),
	('2021-12-20', 'F650/50-2', 'Error', 3593, NULL),
	('2021-12-20', 'VX960M', 'Non-Error', 62233, NULL),
	('2021-12-20', 'VX960M', 'Error', 6973, NULL),
	('2021-12-20', 'MCT-15', 'Non-Error', 62133, NULL),
	('2021-12-20', 'MCT-15', 'Error', 5894, NULL),
	('2021-12-20', 'MCT-21', 'Non-Error', 62146, NULL),
	('2021-12-20', 'MCT-21', 'Error', 6780, NULL),
	('2021-12-20', '오면가공기', 'Non-Error', 62074, NULL),
	('2021-12-20', '오면가공기', 'Error', 8062, NULL),
	('2021-12-19', 'F500/50', 'Operation', 62091, NULL),
	('2021-12-19', 'F500/50', 'Unoperation', 15268, NULL),
	('2021-12-19', 'F650/50-1', 'Operation', 62169, NULL),
	('2021-12-19', 'F650/50-1', 'Unoperation', 15039, NULL),
	('2021-12-19', 'F650/50-2', 'Operation', 62290, NULL),
	('2021-12-19', 'F650/50-2', 'Unoperation', 15132, NULL),
	('2021-12-19', 'VX960M', 'Operation', 62090, NULL),
	('2021-12-19', 'VX960M', 'Unoperation', 15054, NULL),
	('2021-12-19', 'MCT-15', 'Operation', 62001, NULL),
	('2021-12-19', 'MCT-15', 'Unoperation', 15144, NULL),
	('2021-12-19', 'MCT-21', 'Operation', 62117, NULL),
	('2021-12-19', 'MCT-21', 'Unoperation', 15154, NULL),
	('2021-12-19', '오면가공기', 'Operation', 62118, NULL),
	('2021-12-19', '오면가공기', 'Unoperation', 15128, NULL),
	('2021-12-19', 'F500/50', 'Non-Error', 62288, NULL),
	('2021-12-19', 'F500/50', 'Error', 7154, NULL),
	('2021-12-19', 'F650/50-1', 'Non-Error', 62209, NULL),
	('2021-12-19', 'F650/50-1', 'Error', 5782, NULL),
	('2021-12-19', 'F650/50-2', 'Non-Error', 62182, NULL),
	('2021-12-19', 'F650/50-2', 'Error', 3467, NULL),
	('2021-12-19', 'VX960M', 'Non-Error', 62090, NULL),
	('2021-12-19', 'VX960M', 'Error', 6936, NULL),
	('2021-12-19', 'MCT-15', 'Non-Error', 62076, NULL),
	('2021-12-19', 'MCT-15', 'Error', 6019, NULL),
	('2021-12-19', 'MCT-21', 'Non-Error', 62044, NULL),
	('2021-12-19', 'MCT-21', 'Error', 6794, NULL),
	('2021-12-19', '오면가공기', 'Non-Error', 62147, NULL),
	('2021-12-19', '오면가공기', 'Error', 8089, NULL),
	('2021-12-18', 'F500/50', 'Operation', 62005, NULL),
	('2021-12-18', 'F500/50', 'Unoperation', 15059, NULL),
	('2021-12-18', 'F650/50-1', 'Operation', 62281, NULL),
	('2021-12-18', 'F650/50-1', 'Unoperation', 15028, NULL),
	('2021-12-18', 'F650/50-2', 'Operation', 62198, NULL),
	('2021-12-18', 'F650/50-2', 'Unoperation', 15006, NULL),
	('2021-12-18', 'VX960M', 'Operation', 62037, NULL),
	('2021-12-18', 'VX960M', 'Unoperation', 15166, NULL),
	('2021-12-18', 'MCT-15', 'Operation', 62120, NULL),
	('2021-12-18', 'MCT-15', 'Unoperation', 15103, NULL),
	('2021-12-18', 'MCT-21', 'Operation', 62155, NULL),
	('2021-12-18', 'MCT-21', 'Unoperation', 15167, NULL),
	('2021-12-18', '오면가공기', 'Operation', 62072, NULL),
	('2021-12-18', '오면가공기', 'Unoperation', 15158, NULL),
	('2021-12-18', 'F500/50', 'Non-Error', 62273, NULL),
	('2021-12-18', 'F500/50', 'Error', 7292, NULL),
	('2021-12-18', 'F650/50-1', 'Non-Error', 62040, NULL),
	('2021-12-18', 'F650/50-1', 'Error', 5725, NULL),
	('2021-12-18', 'F650/50-2', 'Non-Error', 62108, NULL),
	('2021-12-18', 'F650/50-2', 'Error', 3564, NULL),
	('2021-12-18', 'VX960M', 'Non-Error', 62195, NULL),
	('2021-12-18', 'VX960M', 'Error', 6872, NULL),
	('2021-12-18', 'MCT-15', 'Non-Error', 62042, NULL),
	('2021-12-18', 'MCT-15', 'Error', 6039, NULL),
	('2021-12-18', 'MCT-21', 'Non-Error', 62244, NULL),
	('2021-12-18', 'MCT-21', 'Error', 6837, NULL),
	('2021-12-18', '오면가공기', 'Non-Error', 62063, NULL),
	('2021-12-18', '오면가공기', 'Error', 8140, NULL),
	('2021-12-17', 'F500/50', 'Operation', 62211, NULL),
	('2021-12-17', 'F500/50', 'Unoperation', 15034, NULL),
	('2021-12-17', 'F650/50-1', 'Operation', 62139, NULL),
	('2021-12-17', 'F650/50-1', 'Unoperation', 15293, NULL),
	('2021-12-17', 'F650/50-2', 'Operation', 62149, NULL),
	('2021-12-17', 'F650/50-2', 'Unoperation', 15166, NULL),
	('2021-12-17', 'VX960M', 'Operation', 62082, NULL),
	('2021-12-17', 'VX960M', 'Unoperation', 15213, NULL),
	('2021-12-17', 'MCT-15', 'Operation', 62221, NULL),
	('2021-12-17', 'MCT-15', 'Unoperation', 15166, NULL),
	('2021-12-17', 'MCT-21', 'Operation', 62168, NULL),
	('2021-12-17', 'MCT-21', 'Unoperation', 15044, NULL),
	('2021-12-17', '오면가공기', 'Operation', 62016, NULL),
	('2021-12-17', '오면가공기', 'Unoperation', 15246, NULL),
	('2021-12-17', 'F500/50', 'Non-Error', 62286, NULL),
	('2021-12-17', 'F500/50', 'Error', 7089, NULL),
	('2021-12-17', 'F650/50-1', 'Non-Error', 62189, NULL),
	('2021-12-17', 'F650/50-1', 'Error', 5577, NULL),
	('2021-12-17', 'F650/50-2', 'Non-Error', 62121, NULL),
	('2021-12-17', 'F650/50-2', 'Error', 3474, NULL),
	('2021-12-17', 'VX960M', 'Non-Error', 62006, NULL),
	('2021-12-17', 'VX960M', 'Error', 6795, NULL),
	('2021-12-17', 'MCT-15', 'Non-Error', 62222, NULL),
	('2021-12-17', 'MCT-15', 'Error', 5972, NULL),
	('2021-12-17', 'MCT-21', 'Non-Error', 62268, NULL),
	('2021-12-17', 'MCT-21', 'Error', 6860, NULL),
	('2021-12-17', '오면가공기', 'Non-Error', 62106, NULL),
	('2021-12-17', '오면가공기', 'Error', 8285, NULL),
	('2021-12-16', 'F500/50', 'Operation', 62205, NULL),
	('2021-12-16', 'F500/50', 'Unoperation', 15173, NULL),
	('2021-12-16', 'F650/50-1', 'Operation', 62251, NULL),
	('2021-12-16', 'F650/50-1', 'Unoperation', 15135, NULL),
	('2021-12-16', 'F650/50-2', 'Operation', 62223, NULL),
	('2021-12-16', 'F650/50-2', 'Unoperation', 15110, NULL),
	('2021-12-16', 'VX960M', 'Operation', 62184, NULL),
	('2021-12-16', 'VX960M', 'Unoperation', 15287, NULL),
	('2021-12-16', 'MCT-15', 'Operation', 62286, NULL),
	('2021-12-16', 'MCT-15', 'Unoperation', 15270, NULL),
	('2021-12-16', 'MCT-21', 'Operation', 62193, NULL),
	('2021-12-16', 'MCT-21', 'Unoperation', 15156, NULL),
	('2021-12-16', '오면가공기', 'Operation', 62201, NULL),
	('2021-12-16', '오면가공기', 'Unoperation', 15236, NULL),
	('2021-12-16', 'F500/50', 'Non-Error', 62279, NULL),
	('2021-12-16', 'F500/50', 'Error', 7085, NULL),
	('2021-12-16', 'F650/50-1', 'Non-Error', 62192, NULL),
	('2021-12-16', 'F650/50-1', 'Error', 5602, NULL),
	('2021-12-16', 'F650/50-2', 'Non-Error', 62236, NULL),
	('2021-12-16', 'F650/50-2', 'Error', 3673, NULL),
	('2021-12-16', 'VX960M', 'Non-Error', 62060, NULL),
	('2021-12-16', 'VX960M', 'Error', 6767, NULL),
	('2021-12-16', 'MCT-15', 'Non-Error', 62220, NULL),
	('2021-12-16', 'MCT-15', 'Error', 6044, NULL),
	('2021-12-16', 'MCT-21', 'Non-Error', 62037, NULL),
	('2021-12-16', 'MCT-21', 'Error', 6687, NULL),
	('2021-12-16', '오면가공기', 'Non-Error', 62233, NULL),
	('2021-12-16', '오면가공기', 'Error', 8241, NULL),
	('2021-12-15', 'F500/50', 'Operation', 62203, NULL),
	('2021-12-15', 'F500/50', 'Unoperation', 15296, NULL),
	('2021-12-15', 'F650/50-1', 'Operation', 62271, NULL),
	('2021-12-15', 'F650/50-1', 'Unoperation', 15168, NULL),
	('2021-12-15', 'F650/50-2', 'Operation', 62026, NULL),
	('2021-12-15', 'F650/50-2', 'Unoperation', 15228, NULL),
	('2021-12-15', 'VX960M', 'Operation', 62164, NULL),
	('2021-12-15', 'VX960M', 'Unoperation', 15134, NULL),
	('2021-12-15', 'MCT-15', 'Operation', 62178, NULL),
	('2021-12-15', 'MCT-15', 'Unoperation', 15187, NULL),
	('2021-12-15', 'MCT-21', 'Operation', 62105, NULL),
	('2021-12-15', 'MCT-21', 'Unoperation', 15263, NULL),
	('2021-12-15', '오면가공기', 'Operation', 62102, NULL),
	('2021-12-15', '오면가공기', 'Unoperation', 15019, NULL),
	('2021-12-15', 'F500/50', 'Non-Error', 62089, NULL),
	('2021-12-15', 'F500/50', 'Error', 7088, NULL),
	('2021-12-15', 'F650/50-1', 'Non-Error', 62175, NULL),
	('2021-12-15', 'F650/50-1', 'Error', 5512, NULL),
	('2021-12-15', 'F650/50-2', 'Non-Error', 62135, NULL),
	('2021-12-15', 'F650/50-2', 'Error', 3441, NULL),
	('2021-12-15', 'VX960M', 'Non-Error', 62099, NULL),
	('2021-12-15', 'VX960M', 'Error', 6761, NULL),
	('2021-12-15', 'MCT-15', 'Non-Error', 62071, NULL),
	('2021-12-15', 'MCT-15', 'Error', 5920, NULL),
	('2021-12-15', 'MCT-21', 'Non-Error', 62161, NULL),
	('2021-12-15', 'MCT-21', 'Error', 6781, NULL),
	('2021-12-15', '오면가공기', 'Non-Error', 62032, NULL),
	('2021-12-15', '오면가공기', 'Error', 8152, NULL),
	('2021-12-14', 'F500/50', 'Operation', 62062, NULL),
	('2021-12-14', 'F500/50', 'Unoperation', 15155, NULL),
	('2021-12-14', 'F650/50-1', 'Operation', 62290, NULL),
	('2021-12-14', 'F650/50-1', 'Unoperation', 15087, NULL),
	('2021-12-14', 'F650/50-2', 'Operation', 62166, NULL),
	('2021-12-14', 'F650/50-2', 'Unoperation', 15269, NULL),
	('2021-12-14', 'VX960M', 'Operation', 62246, NULL),
	('2021-12-14', 'VX960M', 'Unoperation', 15125, NULL),
	('2021-12-14', 'MCT-15', 'Operation', 62188, NULL),
	('2021-12-14', 'MCT-15', 'Unoperation', 15264, NULL),
	('2021-12-14', 'MCT-21', 'Operation', 62155, NULL),
	('2021-12-14', 'MCT-21', 'Unoperation', 15285, NULL),
	('2021-12-14', '오면가공기', 'Operation', 62062, NULL),
	('2021-12-14', '오면가공기', 'Unoperation', 15056, NULL),
	('2021-12-14', 'F500/50', 'Non-Error', 62092, NULL),
	('2021-12-14', 'F500/50', 'Error', 7295, NULL),
	('2021-12-14', 'F650/50-1', 'Non-Error', 62000, NULL),
	('2021-12-14', 'F650/50-1', 'Error', 5515, NULL),
	('2021-12-14', 'F650/50-2', 'Non-Error', 62077, NULL),
	('2021-12-14', 'F650/50-2', 'Error', 3438, NULL),
	('2021-12-14', 'VX960M', 'Non-Error', 62260, NULL),
	('2021-12-14', 'VX960M', 'Error', 6973, NULL),
	('2021-12-14', 'MCT-15', 'Non-Error', 62050, NULL),
	('2021-12-14', 'MCT-15', 'Error', 6078, NULL),
	('2021-12-14', 'MCT-21', 'Non-Error', 62117, NULL),
	('2021-12-14', 'MCT-21', 'Error', 6683, NULL),
	('2021-12-14', '오면가공기', 'Non-Error', 62276, NULL),
	('2021-12-14', '오면가공기', 'Error', 8167, NULL),
	('2021-12-13', 'F500/50', 'Operation', 62005, NULL),
	('2021-12-13', 'F500/50', 'Unoperation', 15124, NULL),
	('2021-12-13', 'F650/50-1', 'Operation', 62008, NULL),
	('2021-12-13', 'F650/50-1', 'Unoperation', 15267, NULL),
	('2021-12-13', 'F650/50-2', 'Operation', 62110, NULL),
	('2021-12-13', 'F650/50-2', 'Unoperation', 15049, NULL),
	('2021-12-13', 'VX960M', 'Operation', 62218, NULL),
	('2021-12-13', 'VX960M', 'Unoperation', 15041, NULL),
	('2021-12-13', 'MCT-15', 'Operation', 62155, NULL),
	('2021-12-13', 'MCT-15', 'Unoperation', 15049, NULL),
	('2021-12-13', 'MCT-21', 'Operation', 62081, NULL),
	('2021-12-13', 'MCT-21', 'Unoperation', 15258, NULL),
	('2021-12-13', '오면가공기', 'Operation', 62150, NULL),
	('2021-12-13', '오면가공기', 'Unoperation', 15273, NULL),
	('2021-12-13', 'F500/50', 'Non-Error', 62019, NULL),
	('2021-12-13', 'F500/50', 'Error', 7173, NULL),
	('2021-12-13', 'F650/50-1', 'Non-Error', 62212, NULL),
	('2021-12-13', 'F650/50-1', 'Error', 5740, NULL),
	('2021-12-13', 'F650/50-2', 'Non-Error', 62267, NULL),
	('2021-12-13', 'F650/50-2', 'Error', 3412, NULL),
	('2021-12-13', 'VX960M', 'Non-Error', 62160, NULL),
	('2021-12-13', 'VX960M', 'Error', 6853, NULL),
	('2021-12-13', 'MCT-15', 'Non-Error', 62048, NULL),
	('2021-12-13', 'MCT-15', 'Error', 5829, NULL),
	('2021-12-13', 'MCT-21', 'Non-Error', 62078, NULL),
	('2021-12-13', 'MCT-21', 'Error', 6937, NULL),
	('2021-12-13', '오면가공기', 'Non-Error', 62159, NULL),
	('2021-12-13', '오면가공기', 'Error', 8019, NULL),
	('2021-12-12', 'F500/50', 'Operation', 62219, NULL),
	('2021-12-12', 'F500/50', 'Unoperation', 15138, NULL),
	('2021-12-12', 'F650/50-1', 'Operation', 62032, NULL),
	('2021-12-12', 'F650/50-1', 'Unoperation', 15047, NULL),
	('2021-12-12', 'F650/50-2', 'Operation', 62139, NULL),
	('2021-12-12', 'F650/50-2', 'Unoperation', 15257, NULL),
	('2021-12-12', 'VX960M', 'Operation', 62265, NULL),
	('2021-12-12', 'VX960M', 'Unoperation', 15258, NULL),
	('2021-12-12', 'MCT-15', 'Operation', 62193, NULL),
	('2021-12-12', 'MCT-15', 'Unoperation', 15190, NULL),
	('2021-12-12', 'MCT-21', 'Operation', 62074, NULL),
	('2021-12-12', 'MCT-21', 'Unoperation', 15101, NULL),
	('2021-12-12', '오면가공기', 'Operation', 62283, NULL),
	('2021-12-12', '오면가공기', 'Unoperation', 15212, NULL),
	('2021-12-12', 'F500/50', 'Non-Error', 62211, NULL),
	('2021-12-12', 'F500/50', 'Error', 7119, NULL),
	('2021-12-12', 'F650/50-1', 'Non-Error', 62264, NULL),
	('2021-12-12', 'F650/50-1', 'Error', 5562, NULL),
	('2021-12-12', 'F650/50-2', 'Non-Error', 62121, NULL),
	('2021-12-12', 'F650/50-2', 'Error', 3517, NULL),
	('2021-12-12', 'VX960M', 'Non-Error', 62222, NULL),
	('2021-12-12', 'VX960M', 'Error', 6848, NULL),
	('2021-12-12', 'MCT-15', 'Non-Error', 62141, NULL),
	('2021-12-12', 'MCT-15', 'Error', 6006, NULL),
	('2021-12-12', 'MCT-21', 'Non-Error', 62084, NULL),
	('2021-12-12', 'MCT-21', 'Error', 6733, NULL),
	('2021-12-12', '오면가공기', 'Non-Error', 62026, NULL),
	('2021-12-12', '오면가공기', 'Error', 8264, NULL),
	('2021-12-11', 'F500/50', 'Operation', 62045, NULL),
	('2021-12-11', 'F500/50', 'Unoperation', 15030, NULL),
	('2021-12-11', 'F650/50-1', 'Operation', 62018, NULL),
	('2021-12-11', 'F650/50-1', 'Unoperation', 15001, NULL),
	('2021-12-11', 'F650/50-2', 'Operation', 62250, NULL),
	('2021-12-11', 'F650/50-2', 'Unoperation', 15048, NULL),
	('2021-12-11', 'VX960M', 'Operation', 62091, NULL),
	('2021-12-11', 'VX960M', 'Unoperation', 15012, NULL),
	('2021-12-11', 'MCT-15', 'Operation', 62085, NULL),
	('2021-12-11', 'MCT-15', 'Unoperation', 15091, NULL),
	('2021-12-11', 'MCT-21', 'Operation', 62201, NULL),
	('2021-12-11', 'MCT-21', 'Unoperation', 15131, NULL),
	('2021-12-11', '오면가공기', 'Operation', 62052, NULL),
	('2021-12-11', '오면가공기', 'Unoperation', 15167, NULL),
	('2021-12-11', 'F500/50', 'Non-Error', 62078, NULL),
	('2021-12-11', 'F500/50', 'Error', 7193, NULL),
	('2021-12-11', 'F650/50-1', 'Non-Error', 62131, NULL),
	('2021-12-11', 'F650/50-1', 'Error', 5577, NULL),
	('2021-12-11', 'F650/50-2', 'Non-Error', 62294, NULL),
	('2021-12-11', 'F650/50-2', 'Error', 3436, NULL),
	('2021-12-11', 'VX960M', 'Non-Error', 62200, NULL),
	('2021-12-11', 'VX960M', 'Error', 6980, NULL),
	('2021-12-11', 'MCT-15', 'Non-Error', 62265, NULL),
	('2021-12-11', 'MCT-15', 'Error', 5932, NULL),
	('2021-12-11', 'MCT-21', 'Non-Error', 62240, NULL),
	('2021-12-11', 'MCT-21', 'Error', 6837, NULL),
	('2021-12-11', '오면가공기', 'Non-Error', 62076, NULL),
	('2021-12-11', '오면가공기', 'Error', 8203, NULL),
	('2021-12-10', 'F500/50', 'Operation', 62186, NULL),
	('2021-12-10', 'F500/50', 'Unoperation', 15023, NULL),
	('2021-12-10', 'F650/50-1', 'Operation', 62159, NULL),
	('2021-12-10', 'F650/50-1', 'Unoperation', 15125, NULL),
	('2021-12-10', 'F650/50-2', 'Operation', 62149, NULL),
	('2021-12-10', 'F650/50-2', 'Unoperation', 15069, NULL),
	('2021-12-10', 'VX960M', 'Operation', 62199, NULL),
	('2021-12-10', 'VX960M', 'Unoperation', 15187, NULL),
	('2021-12-10', 'MCT-15', 'Operation', 62042, NULL),
	('2021-12-10', 'MCT-15', 'Unoperation', 15246, NULL),
	('2021-12-10', 'MCT-21', 'Operation', 62207, NULL),
	('2021-12-10', 'MCT-21', 'Unoperation', 15299, NULL),
	('2021-12-10', '오면가공기', 'Operation', 62272, NULL),
	('2021-12-10', '오면가공기', 'Unoperation', 15163, NULL),
	('2021-12-10', 'F500/50', 'Non-Error', 62299, NULL),
	('2021-12-10', 'F500/50', 'Error', 7109, NULL),
	('2021-12-10', 'F650/50-1', 'Non-Error', 62249, NULL),
	('2021-12-10', 'F650/50-1', 'Error', 5517, NULL),
	('2021-12-10', 'F650/50-2', 'Non-Error', 62240, NULL),
	('2021-12-10', 'F650/50-2', 'Error', 3648, NULL),
	('2021-12-10', 'VX960M', 'Non-Error', 62219, NULL),
	('2021-12-10', 'VX960M', 'Error', 6740, NULL),
	('2021-12-10', 'MCT-15', 'Non-Error', 62209, NULL),
	('2021-12-10', 'MCT-15', 'Error', 6071, NULL),
	('2021-12-10', 'MCT-21', 'Non-Error', 62203, NULL),
	('2021-12-10', 'MCT-21', 'Error', 6837, NULL),
	('2021-12-10', '오면가공기', 'Non-Error', 62184, NULL),
	('2021-12-10', '오면가공기', 'Error', 8145, NULL),
	('2021-12-09', 'F500/50', 'Operation', 62173, NULL),
	('2021-12-09', 'F500/50', 'Unoperation', 15131, NULL),
	('2021-12-09', 'F650/50-1', 'Operation', 62137, NULL),
	('2021-12-09', 'F650/50-1', 'Unoperation', 15291, NULL),
	('2021-12-09', 'F650/50-2', 'Operation', 62146, NULL),
	('2021-12-09', 'F650/50-2', 'Unoperation', 15157, NULL),
	('2021-12-09', 'VX960M', 'Operation', 62047, NULL),
	('2021-12-09', 'VX960M', 'Unoperation', 15065, NULL),
	('2021-12-09', 'MCT-15', 'Operation', 62185, NULL),
	('2021-12-09', 'MCT-15', 'Unoperation', 15131, NULL),
	('2021-12-09', 'MCT-21', 'Operation', 62101, NULL),
	('2021-12-09', 'MCT-21', 'Unoperation', 15111, NULL),
	('2021-12-09', '오면가공기', 'Operation', 62255, NULL),
	('2021-12-09', '오면가공기', 'Unoperation', 15040, NULL),
	('2021-12-09', 'F500/50', 'Non-Error', 62035, NULL),
	('2021-12-09', 'F500/50', 'Error', 7055, NULL),
	('2021-12-09', 'F650/50-1', 'Non-Error', 62172, NULL),
	('2021-12-09', 'F650/50-1', 'Error', 5597, NULL),
	('2021-12-09', 'F650/50-2', 'Non-Error', 62267, NULL),
	('2021-12-09', 'F650/50-2', 'Error', 3545, NULL),
	('2021-12-09', 'VX960M', 'Non-Error', 62226, NULL),
	('2021-12-09', 'VX960M', 'Error', 6780, NULL),
	('2021-12-09', 'MCT-15', 'Non-Error', 62090, NULL),
	('2021-12-09', 'MCT-15', 'Error', 5955, NULL),
	('2021-12-09', 'MCT-21', 'Non-Error', 62282, NULL),
	('2021-12-09', 'MCT-21', 'Error', 6977, NULL),
	('2021-12-09', '오면가공기', 'Non-Error', 62048, NULL),
	('2021-12-09', '오면가공기', 'Error', 8247, NULL),
	('2021-12-08', 'F500/50', 'Operation', 62190, NULL),
	('2021-12-08', 'F500/50', 'Unoperation', 15208, NULL),
	('2021-12-08', 'F650/50-1', 'Operation', 62171, NULL),
	('2021-12-08', 'F650/50-1', 'Unoperation', 15231, NULL),
	('2021-12-08', 'F650/50-2', 'Operation', 62042, NULL),
	('2021-12-08', 'F650/50-2', 'Unoperation', 15120, NULL),
	('2021-12-08', 'VX960M', 'Operation', 62175, NULL),
	('2021-12-08', 'VX960M', 'Unoperation', 15214, NULL),
	('2021-12-08', 'MCT-15', 'Operation', 62244, NULL),
	('2021-12-08', 'MCT-15', 'Unoperation', 15279, NULL),
	('2021-12-08', 'MCT-21', 'Operation', 62065, NULL),
	('2021-12-08', 'MCT-21', 'Unoperation', 15088, NULL),
	('2021-12-08', '오면가공기', 'Operation', 62245, NULL),
	('2021-12-08', '오면가공기', 'Unoperation', 15063, NULL),
	('2021-12-08', 'F500/50', 'Non-Error', 62180, NULL),
	('2021-12-08', 'F500/50', 'Error', 7112, NULL),
	('2021-12-08', 'F650/50-1', 'Non-Error', 62020, NULL),
	('2021-12-08', 'F650/50-1', 'Error', 5564, NULL),
	('2021-12-08', 'F650/50-2', 'Non-Error', 62259, NULL),
	('2021-12-08', 'F650/50-2', 'Error', 3604, NULL),
	('2021-12-08', 'VX960M', 'Non-Error', 62244, NULL),
	('2021-12-08', 'VX960M', 'Error', 6697, NULL),
	('2021-12-08', 'MCT-15', 'Non-Error', 62216, NULL),
	('2021-12-08', 'MCT-15', 'Error', 5937, NULL),
	('2021-12-08', 'MCT-21', 'Non-Error', 62112, NULL),
	('2021-12-08', 'MCT-21', 'Error', 6783, NULL),
	('2021-12-08', '오면가공기', 'Non-Error', 62190, NULL),
	('2021-12-08', '오면가공기', 'Error', 8035, NULL),
	('2021-12-07', 'F500/50', 'Operation', 62205, NULL),
	('2021-12-07', 'F500/50', 'Unoperation', 15021, NULL),
	('2021-12-07', 'F650/50-1', 'Operation', 62091, NULL),
	('2021-12-07', 'F650/50-1', 'Unoperation', 15094, NULL),
	('2021-12-07', 'F650/50-2', 'Operation', 62196, NULL),
	('2021-12-07', 'F650/50-2', 'Unoperation', 15098, NULL),
	('2021-12-07', 'VX960M', 'Operation', 62203, NULL),
	('2021-12-07', 'VX960M', 'Unoperation', 15121, NULL),
	('2021-12-07', 'MCT-15', 'Operation', 62295, NULL),
	('2021-12-07', 'MCT-15', 'Unoperation', 15214, NULL),
	('2021-12-07', 'MCT-21', 'Operation', 62186, NULL),
	('2021-12-07', 'MCT-21', 'Unoperation', 15289, NULL),
	('2021-12-07', '오면가공기', 'Operation', 62288, NULL),
	('2021-12-07', '오면가공기', 'Unoperation', 15275, NULL),
	('2021-12-07', 'F500/50', 'Non-Error', 62209, NULL),
	('2021-12-07', 'F500/50', 'Error', 7221, NULL),
	('2021-12-07', 'F650/50-1', 'Non-Error', 62178, NULL),
	('2021-12-07', 'F650/50-1', 'Error', 5726, NULL),
	('2021-12-07', 'F650/50-2', 'Non-Error', 62299, NULL),
	('2021-12-07', 'F650/50-2', 'Error', 3617, NULL),
	('2021-12-07', 'VX960M', 'Non-Error', 62189, NULL),
	('2021-12-07', 'VX960M', 'Error', 6981, NULL),
	('2021-12-07', 'MCT-15', 'Non-Error', 62006, NULL),
	('2021-12-07', 'MCT-15', 'Error', 5830, NULL),
	('2021-12-07', 'MCT-21', 'Non-Error', 62208, NULL),
	('2021-12-07', 'MCT-21', 'Error', 6684, NULL),
	('2021-12-07', '오면가공기', 'Non-Error', 62006, NULL),
	('2021-12-07', '오면가공기', 'Error', 8014, NULL),
	('2021-12-06', 'F500/50', 'Operation', 62054, NULL),
	('2021-12-06', 'F500/50', 'Unoperation', 15225, NULL),
	('2021-12-06', 'F650/50-1', 'Operation', 62065, NULL),
	('2021-12-06', 'F650/50-1', 'Unoperation', 15251, NULL),
	('2021-12-06', 'F650/50-2', 'Operation', 62161, NULL),
	('2021-12-06', 'F650/50-2', 'Unoperation', 15052, NULL),
	('2021-12-06', 'VX960M', 'Operation', 62078, NULL),
	('2021-12-06', 'VX960M', 'Unoperation', 15235, NULL),
	('2021-12-06', 'MCT-15', 'Operation', 62041, NULL),
	('2021-12-06', 'MCT-15', 'Unoperation', 15100, NULL),
	('2021-12-06', 'MCT-21', 'Operation', 62076, NULL),
	('2021-12-06', 'MCT-21', 'Unoperation', 15080, NULL),
	('2021-12-06', '오면가공기', 'Operation', 62175, NULL),
	('2021-12-06', '오면가공기', 'Unoperation', 15033, NULL),
	('2021-12-06', 'F500/50', 'Non-Error', 62240, NULL),
	('2021-12-06', 'F500/50', 'Error', 7201, NULL),
	('2021-12-06', 'F650/50-1', 'Non-Error', 62287, NULL),
	('2021-12-06', 'F650/50-1', 'Error', 5734, NULL),
	('2021-12-06', 'F650/50-2', 'Non-Error', 62008, NULL),
	('2021-12-06', 'F650/50-2', 'Error', 3640, NULL),
	('2021-12-06', 'VX960M', 'Non-Error', 62274, NULL),
	('2021-12-06', 'VX960M', 'Error', 6738, NULL),
	('2021-12-06', 'MCT-15', 'Non-Error', 62032, NULL),
	('2021-12-06', 'MCT-15', 'Error', 5793, NULL),
	('2021-12-06', 'MCT-21', 'Non-Error', 62245, NULL),
	('2021-12-06', 'MCT-21', 'Error', 6681, NULL),
	('2021-12-06', '오면가공기', 'Non-Error', 62177, NULL),
	('2021-12-06', '오면가공기', 'Error', 8280, NULL),
	('2021-12-05', 'F500/50', 'Operation', 62267, NULL),
	('2021-12-05', 'F500/50', 'Unoperation', 15197, NULL),
	('2021-12-05', 'F650/50-1', 'Operation', 62184, NULL),
	('2021-12-05', 'F650/50-1', 'Unoperation', 15030, NULL),
	('2021-12-05', 'F650/50-2', 'Operation', 62199, NULL),
	('2021-12-05', 'F650/50-2', 'Unoperation', 15003, NULL),
	('2021-12-05', 'VX960M', 'Operation', 62021, NULL),
	('2021-12-05', 'VX960M', 'Unoperation', 15096, NULL),
	('2021-12-05', 'MCT-15', 'Operation', 62119, NULL),
	('2021-12-05', 'MCT-15', 'Unoperation', 15005, NULL),
	('2021-12-05', 'MCT-21', 'Operation', 62269, NULL),
	('2021-12-05', 'MCT-21', 'Unoperation', 15133, NULL),
	('2021-12-05', '오면가공기', 'Operation', 62155, NULL),
	('2021-12-05', '오면가공기', 'Unoperation', 15079, NULL),
	('2021-12-05', 'F500/50', 'Non-Error', 62228, NULL),
	('2021-12-05', 'F500/50', 'Error', 7007, NULL),
	('2021-12-05', 'F650/50-1', 'Non-Error', 62249, NULL),
	('2021-12-05', 'F650/50-1', 'Error', 5526, NULL),
	('2021-12-05', 'F650/50-2', 'Non-Error', 62282, NULL),
	('2021-12-05', 'F650/50-2', 'Error', 3532, NULL),
	('2021-12-05', 'VX960M', 'Non-Error', 62116, NULL),
	('2021-12-05', 'VX960M', 'Error', 6870, NULL),
	('2021-12-05', 'MCT-15', 'Non-Error', 62269, NULL),
	('2021-12-05', 'MCT-15', 'Error', 5982, NULL),
	('2021-12-05', 'MCT-21', 'Non-Error', 62179, NULL),
	('2021-12-05', 'MCT-21', 'Error', 6682, NULL),
	('2021-12-05', '오면가공기', 'Non-Error', 62084, NULL),
	('2021-12-05', '오면가공기', 'Error', 8108, NULL),
	('2021-12-04', 'F500/50', 'Operation', 62287, NULL),
	('2021-12-04', 'F500/50', 'Unoperation', 15213, NULL),
	('2021-12-04', 'F650/50-1', 'Operation', 62202, NULL),
	('2021-12-04', 'F650/50-1', 'Unoperation', 15073, NULL),
	('2021-12-04', 'F650/50-2', 'Operation', 62061, NULL),
	('2021-12-04', 'F650/50-2', 'Unoperation', 15084, NULL),
	('2021-12-04', 'VX960M', 'Operation', 62238, NULL),
	('2021-12-04', 'VX960M', 'Unoperation', 15039, NULL),
	('2021-12-04', 'MCT-15', 'Operation', 62080, NULL),
	('2021-12-04', 'MCT-15', 'Unoperation', 15286, NULL),
	('2021-12-04', 'MCT-21', 'Operation', 62292, NULL),
	('2021-12-04', 'MCT-21', 'Unoperation', 15299, NULL),
	('2021-12-04', '오면가공기', 'Operation', 62019, NULL),
	('2021-12-04', '오면가공기', 'Unoperation', 15100, NULL),
	('2021-12-04', 'F500/50', 'Non-Error', 62142, NULL),
	('2021-12-04', 'F500/50', 'Error', 7110, NULL),
	('2021-12-04', 'F650/50-1', 'Non-Error', 62125, NULL),
	('2021-12-04', 'F650/50-1', 'Error', 5797, NULL),
	('2021-12-04', 'F650/50-2', 'Non-Error', 62211, NULL),
	('2021-12-04', 'F650/50-2', 'Error', 3562, NULL),
	('2021-12-04', 'VX960M', 'Non-Error', 62177, NULL),
	('2021-12-04', 'VX960M', 'Error', 6787, NULL),
	('2021-12-04', 'MCT-15', 'Non-Error', 62270, NULL),
	('2021-12-04', 'MCT-15', 'Error', 5934, NULL),
	('2021-12-04', 'MCT-21', 'Non-Error', 62235, NULL),
	('2021-12-04', 'MCT-21', 'Error', 6810, NULL),
	('2021-12-04', '오면가공기', 'Non-Error', 62252, NULL),
	('2021-12-04', '오면가공기', 'Error', 8266, NULL),
	('2021-12-03', 'F500/50', 'Operation', 62274, NULL),
	('2021-12-03', 'F500/50', 'Unoperation', 15272, NULL),
	('2021-12-03', 'F650/50-1', 'Operation', 62240, NULL),
	('2021-12-03', 'F650/50-1', 'Unoperation', 15084, NULL),
	('2021-12-03', 'F650/50-2', 'Operation', 62001, NULL),
	('2021-12-03', 'F650/50-2', 'Unoperation', 15054, NULL),
	('2021-12-03', 'VX960M', 'Operation', 62267, NULL),
	('2021-12-03', 'VX960M', 'Unoperation', 15273, NULL),
	('2021-12-03', 'MCT-15', 'Operation', 62263, NULL),
	('2021-12-03', 'MCT-15', 'Unoperation', 15199, NULL),
	('2021-12-03', 'MCT-21', 'Operation', 62205, NULL),
	('2021-12-03', 'MCT-21', 'Unoperation', 15130, NULL),
	('2021-12-03', '오면가공기', 'Operation', 62034, NULL),
	('2021-12-03', '오면가공기', 'Unoperation', 15080, NULL),
	('2021-12-03', 'F500/50', 'Non-Error', 62297, NULL),
	('2021-12-03', 'F500/50', 'Error', 7049, NULL),
	('2021-12-03', 'F650/50-1', 'Non-Error', 62253, NULL),
	('2021-12-03', 'F650/50-1', 'Error', 5718, NULL),
	('2021-12-03', 'F650/50-2', 'Non-Error', 62032, NULL),
	('2021-12-03', 'F650/50-2', 'Error', 3508, NULL),
	('2021-12-03', 'VX960M', 'Non-Error', 62145, NULL),
	('2021-12-03', 'VX960M', 'Error', 6786, NULL),
	('2021-12-03', 'MCT-15', 'Non-Error', 62060, NULL),
	('2021-12-03', 'MCT-15', 'Error', 5788, NULL),
	('2021-12-03', 'MCT-21', 'Non-Error', 62138, NULL),
	('2021-12-03', 'MCT-21', 'Error', 6758, NULL),
	('2021-12-03', '오면가공기', 'Non-Error', 62289, NULL),
	('2021-12-03', '오면가공기', 'Error', 8003, NULL),
	('2021-12-02', 'F500/50', 'Operation', 62047, NULL),
	('2021-12-02', 'F500/50', 'Unoperation', 15228, NULL),
	('2021-12-02', 'F650/50-1', 'Operation', 62101, NULL),
	('2021-12-02', 'F650/50-1', 'Unoperation', 15122, NULL),
	('2021-12-02', 'F650/50-2', 'Operation', 62006, NULL),
	('2021-12-02', 'F650/50-2', 'Unoperation', 15264, NULL),
	('2021-12-02', 'VX960M', 'Operation', 62105, NULL),
	('2021-12-02', 'VX960M', 'Unoperation', 15031, NULL),
	('2021-12-02', 'MCT-15', 'Operation', 62141, NULL),
	('2021-12-02', 'MCT-15', 'Unoperation', 15013, NULL),
	('2021-12-02', 'MCT-21', 'Operation', 62243, NULL),
	('2021-12-02', 'MCT-21', 'Unoperation', 15278, NULL),
	('2021-12-02', '오면가공기', 'Operation', 62060, NULL),
	('2021-12-02', '오면가공기', 'Unoperation', 15069, NULL),
	('2021-12-02', 'F500/50', 'Non-Error', 62162, NULL),
	('2021-12-02', 'F500/50', 'Error', 7007, NULL),
	('2021-12-02', 'F650/50-1', 'Non-Error', 62147, NULL),
	('2021-12-02', 'F650/50-1', 'Error', 5613, NULL),
	('2021-12-02', 'F650/50-2', 'Non-Error', 62127, NULL),
	('2021-12-02', 'F650/50-2', 'Error', 3698, NULL),
	('2021-12-02', 'VX960M', 'Non-Error', 62206, NULL),
	('2021-12-02', 'VX960M', 'Error', 6827, NULL),
	('2021-12-02', 'MCT-15', 'Non-Error', 62079, NULL),
	('2021-12-02', 'MCT-15', 'Error', 6062, NULL),
	('2021-12-02', 'MCT-21', 'Non-Error', 62247, NULL),
	('2021-12-02', 'MCT-21', 'Error', 6785, NULL),
	('2021-12-02', '오면가공기', 'Non-Error', 62093, NULL),
	('2021-12-02', '오면가공기', 'Error', 8146, NULL),
	('2021-12-01', 'F500/50', 'Operation', 62152, NULL),
	('2021-12-01', 'F500/50', 'Unoperation', 15021, NULL),
	('2021-12-01', 'F650/50-1', 'Operation', 62250, NULL),
	('2021-12-01', 'F650/50-1', 'Unoperation', 15289, NULL),
	('2021-12-01', 'F650/50-2', 'Operation', 62096, NULL),
	('2021-12-01', 'F650/50-2', 'Unoperation', 15213, NULL),
	('2021-12-01', 'VX960M', 'Operation', 62177, NULL),
	('2021-12-01', 'VX960M', 'Unoperation', 15248, NULL),
	('2021-12-01', 'MCT-15', 'Operation', 62108, NULL),
	('2021-12-01', 'MCT-15', 'Unoperation', 15096, NULL),
	('2021-12-01', 'MCT-21', 'Operation', 62158, NULL),
	('2021-12-01', 'MCT-21', 'Unoperation', 15202, NULL),
	('2021-12-01', '오면가공기', 'Operation', 62238, NULL),
	('2021-12-01', '오면가공기', 'Unoperation', 15283, NULL),
	('2021-12-01', 'F500/50', 'Non-Error', 62103, NULL),
	('2021-12-01', 'F500/50', 'Error', 7265, NULL),
	('2021-12-01', 'F650/50-1', 'Non-Error', 62116, NULL),
	('2021-12-01', 'F650/50-1', 'Error', 5584, NULL),
	('2021-12-01', 'F650/50-2', 'Non-Error', 62075, NULL),
	('2021-12-01', 'F650/50-2', 'Error', 3522, NULL),
	('2021-12-01', 'VX960M', 'Non-Error', 62084, NULL),
	('2021-12-01', 'VX960M', 'Error', 6743, NULL),
	('2021-12-01', 'MCT-15', 'Non-Error', 62030, NULL),
	('2021-12-01', 'MCT-15', 'Error', 6066, NULL),
	('2021-12-01', 'MCT-21', 'Non-Error', 62116, NULL),
	('2021-12-01', 'MCT-21', 'Error', 6714, NULL),
	('2021-12-01', '오면가공기', 'Non-Error', 62131, NULL),
	('2021-12-01', '오면가공기', 'Error', 8251, NULL),
	('2021-11-30', 'F500/50', 'Operation', 62259, NULL),
	('2021-11-30', 'F500/50', 'Unoperation', 15245, NULL),
	('2021-11-30', 'F650/50-1', 'Operation', 62148, NULL),
	('2021-11-30', 'F650/50-1', 'Unoperation', 15006, NULL),
	('2021-11-30', 'F650/50-2', 'Operation', 62187, NULL),
	('2021-11-30', 'F650/50-2', 'Unoperation', 15015, NULL),
	('2021-11-30', 'VX960M', 'Operation', 62117, NULL),
	('2021-11-30', 'VX960M', 'Unoperation', 15238, NULL),
	('2021-11-30', 'MCT-15', 'Operation', 62242, NULL),
	('2021-11-30', 'MCT-15', 'Unoperation', 15196, NULL),
	('2021-11-30', 'MCT-21', 'Operation', 62254, NULL),
	('2021-11-30', 'MCT-21', 'Unoperation', 15083, NULL),
	('2021-11-30', '오면가공기', 'Operation', 62253, NULL),
	('2021-11-30', '오면가공기', 'Unoperation', 15118, NULL),
	('2021-11-30', 'F500/50', 'Non-Error', 62132, NULL),
	('2021-11-30', 'F500/50', 'Error', 7007, NULL),
	('2021-11-30', 'F650/50-1', 'Non-Error', 62240, NULL),
	('2021-11-30', 'F650/50-1', 'Error', 5776, NULL),
	('2021-11-30', 'F650/50-2', 'Non-Error', 62064, NULL),
	('2021-11-30', 'F650/50-2', 'Error', 3491, NULL),
	('2021-11-30', 'VX960M', 'Non-Error', 62262, NULL),
	('2021-11-30', 'VX960M', 'Error', 6824, NULL),
	('2021-11-30', 'MCT-15', 'Non-Error', 62199, NULL),
	('2021-11-30', 'MCT-15', 'Error', 6072, NULL),
	('2021-11-30', 'MCT-21', 'Non-Error', 62236, NULL),
	('2021-11-30', 'MCT-21', 'Error', 6700, NULL),
	('2021-11-30', '오면가공기', 'Non-Error', 62000, NULL),
	('2021-11-30', '오면가공기', 'Error', 8237, NULL),
	('2021-11-29', 'F500/50', 'Operation', 62283, NULL),
	('2021-11-29', 'F500/50', 'Unoperation', 15107, NULL),
	('2021-11-29', 'F650/50-1', 'Operation', 62284, NULL),
	('2021-11-29', 'F650/50-1', 'Unoperation', 15200, NULL),
	('2021-11-29', 'F650/50-2', 'Operation', 62147, NULL),
	('2021-11-29', 'F650/50-2', 'Unoperation', 15138, NULL),
	('2021-11-29', 'VX960M', 'Operation', 62249, NULL),
	('2021-11-29', 'VX960M', 'Unoperation', 15230, NULL),
	('2021-11-29', 'MCT-15', 'Operation', 62102, NULL),
	('2021-11-29', 'MCT-15', 'Unoperation', 15124, NULL),
	('2021-11-29', 'MCT-21', 'Operation', 62013, NULL),
	('2021-11-29', 'MCT-21', 'Unoperation', 15293, NULL),
	('2021-11-29', '오면가공기', 'Operation', 62227, NULL),
	('2021-11-29', '오면가공기', 'Unoperation', 15258, NULL),
	('2021-11-29', 'F500/50', 'Non-Error', 62009, NULL),
	('2021-11-29', 'F500/50', 'Error', 7169, NULL),
	('2021-11-29', 'F650/50-1', 'Non-Error', 62221, NULL),
	('2021-11-29', 'F650/50-1', 'Error', 5799, NULL),
	('2021-11-29', 'F650/50-2', 'Non-Error', 62233, NULL),
	('2021-11-29', 'F650/50-2', 'Error', 3667, NULL),
	('2021-11-29', 'VX960M', 'Non-Error', 62035, NULL),
	('2021-11-29', 'VX960M', 'Error', 6963, NULL),
	('2021-11-29', 'MCT-15', 'Non-Error', 62073, NULL),
	('2021-11-29', 'MCT-15', 'Error', 5926, NULL),
	('2021-11-29', 'MCT-21', 'Non-Error', 62184, NULL),
	('2021-11-29', 'MCT-21', 'Error', 6877, NULL),
	('2021-11-29', '오면가공기', 'Non-Error', 62145, NULL),
	('2021-11-29', '오면가공기', 'Error', 8126, NULL),
	('2021-11-28', 'F500/50', 'Operation', 62197, NULL),
	('2021-11-28', 'F500/50', 'Unoperation', 15009, NULL),
	('2021-11-28', 'F650/50-1', 'Operation', 62053, NULL),
	('2021-11-28', 'F650/50-1', 'Unoperation', 15237, NULL),
	('2021-11-28', 'F650/50-2', 'Operation', 62128, NULL),
	('2021-11-28', 'F650/50-2', 'Unoperation', 15231, NULL),
	('2021-11-28', 'VX960M', 'Operation', 62168, NULL),
	('2021-11-28', 'VX960M', 'Unoperation', 15150, NULL),
	('2021-11-28', 'MCT-15', 'Operation', 62248, NULL),
	('2021-11-28', 'MCT-15', 'Unoperation', 15189, NULL),
	('2021-11-28', 'MCT-21', 'Operation', 62201, NULL),
	('2021-11-28', 'MCT-21', 'Unoperation', 15138, NULL),
	('2021-11-28', '오면가공기', 'Operation', 62086, NULL),
	('2021-11-28', '오면가공기', 'Unoperation', 15018, NULL),
	('2021-11-28', 'F500/50', 'Non-Error', 62133, NULL),
	('2021-11-28', 'F500/50', 'Error', 7010, NULL),
	('2021-11-28', 'F650/50-1', 'Non-Error', 62253, NULL),
	('2021-11-28', 'F650/50-1', 'Error', 5536, NULL),
	('2021-11-28', 'F650/50-2', 'Non-Error', 62021, NULL),
	('2021-11-28', 'F650/50-2', 'Error', 3699, NULL),
	('2021-11-28', 'VX960M', 'Non-Error', 62233, NULL),
	('2021-11-28', 'VX960M', 'Error', 6955, NULL),
	('2021-11-28', 'MCT-15', 'Non-Error', 62041, NULL),
	('2021-11-28', 'MCT-15', 'Error', 5786, NULL),
	('2021-11-28', 'MCT-21', 'Non-Error', 62184, NULL),
	('2021-11-28', 'MCT-21', 'Error', 6694, NULL),
	('2021-11-28', '오면가공기', 'Non-Error', 62129, NULL),
	('2021-11-28', '오면가공기', 'Error', 8297, NULL),
	('2021-11-27', 'F500/50', 'Operation', 62198, NULL),
	('2021-11-27', 'F500/50', 'Unoperation', 15099, NULL),
	('2021-11-27', 'F650/50-1', 'Operation', 62200, NULL),
	('2021-11-27', 'F650/50-1', 'Unoperation', 15106, NULL),
	('2021-11-27', 'F650/50-2', 'Operation', 62231, NULL),
	('2021-11-27', 'F650/50-2', 'Unoperation', 15237, NULL),
	('2021-11-27', 'VX960M', 'Operation', 62193, NULL),
	('2021-11-27', 'VX960M', 'Unoperation', 15255, NULL),
	('2021-11-27', 'MCT-15', 'Operation', 62094, NULL),
	('2021-11-27', 'MCT-15', 'Unoperation', 15005, NULL),
	('2021-11-27', 'MCT-21', 'Operation', 62046, NULL),
	('2021-11-27', 'MCT-21', 'Unoperation', 15217, NULL),
	('2021-11-27', '오면가공기', 'Operation', 62044, NULL),
	('2021-11-27', '오면가공기', 'Unoperation', 15173, NULL),
	('2021-11-27', 'F500/50', 'Non-Error', 62131, NULL),
	('2021-11-27', 'F500/50', 'Error', 7135, NULL),
	('2021-11-27', 'F650/50-1', 'Non-Error', 62285, NULL),
	('2021-11-27', 'F650/50-1', 'Error', 5619, NULL),
	('2021-11-27', 'F650/50-2', 'Non-Error', 62040, NULL),
	('2021-11-27', 'F650/50-2', 'Error', 3543, NULL),
	('2021-11-27', 'VX960M', 'Non-Error', 62295, NULL),
	('2021-11-27', 'VX960M', 'Error', 6836, NULL),
	('2021-11-27', 'MCT-15', 'Non-Error', 62159, NULL),
	('2021-11-27', 'MCT-15', 'Error', 5835, NULL),
	('2021-11-27', 'MCT-21', 'Non-Error', 62071, NULL),
	('2021-11-27', 'MCT-21', 'Error', 6885, NULL),
	('2021-11-27', '오면가공기', 'Non-Error', 62221, NULL),
	('2021-11-27', '오면가공기', 'Error', 8184, NULL),
	('2021-11-26', 'F500/50', 'Operation', 62257, NULL),
	('2021-11-26', 'F500/50', 'Unoperation', 15135, NULL),
	('2021-11-26', 'F650/50-1', 'Operation', 62205, NULL),
	('2021-11-26', 'F650/50-1', 'Unoperation', 15020, NULL),
	('2021-11-26', 'F650/50-2', 'Operation', 62086, NULL),
	('2021-11-26', 'F650/50-2', 'Unoperation', 15072, NULL),
	('2021-11-26', 'VX960M', 'Operation', 62099, NULL),
	('2021-11-26', 'VX960M', 'Unoperation', 15283, NULL),
	('2021-11-26', 'MCT-15', 'Operation', 62215, NULL),
	('2021-11-26', 'MCT-15', 'Unoperation', 15230, NULL),
	('2021-11-26', 'MCT-21', 'Operation', 62203, NULL),
	('2021-11-26', 'MCT-21', 'Unoperation', 15027, NULL),
	('2021-11-26', '오면가공기', 'Operation', 62125, NULL),
	('2021-11-26', '오면가공기', 'Unoperation', 15244, NULL),
	('2021-11-26', 'F500/50', 'Non-Error', 62246, NULL),
	('2021-11-26', 'F500/50', 'Error', 7198, NULL),
	('2021-11-26', 'F650/50-1', 'Non-Error', 62253, NULL),
	('2021-11-26', 'F650/50-1', 'Error', 5570, NULL),
	('2021-11-26', 'F650/50-2', 'Non-Error', 62193, NULL),
	('2021-11-26', 'F650/50-2', 'Error', 3557, NULL),
	('2021-11-26', 'VX960M', 'Non-Error', 62204, NULL),
	('2021-11-26', 'VX960M', 'Error', 6939, NULL),
	('2021-11-26', 'MCT-15', 'Non-Error', 62048, NULL),
	('2021-11-26', 'MCT-15', 'Error', 5870, NULL),
	('2021-11-26', 'MCT-21', 'Non-Error', 62281, NULL),
	('2021-11-26', 'MCT-21', 'Error', 6928, NULL),
	('2021-11-26', '오면가공기', 'Non-Error', 62110, NULL),
	('2021-11-26', '오면가공기', 'Error', 8098, NULL),
	('2021-11-25', 'F500/50', 'Operation', 62159, NULL),
	('2021-11-25', 'F500/50', 'Unoperation', 15203, NULL),
	('2021-11-25', 'F650/50-1', 'Operation', 62240, NULL),
	('2021-11-25', 'F650/50-1', 'Unoperation', 15291, NULL),
	('2021-11-25', 'F650/50-2', 'Operation', 62133, NULL),
	('2021-11-25', 'F650/50-2', 'Unoperation', 15094, NULL),
	('2021-11-25', 'VX960M', 'Operation', 62071, NULL),
	('2021-11-25', 'VX960M', 'Unoperation', 15075, NULL),
	('2021-11-25', 'MCT-15', 'Operation', 62160, NULL),
	('2021-11-25', 'MCT-15', 'Unoperation', 15276, NULL),
	('2021-11-25', 'MCT-21', 'Operation', 62299, NULL),
	('2021-11-25', 'MCT-21', 'Unoperation', 15070, NULL),
	('2021-11-25', '오면가공기', 'Operation', 62052, NULL),
	('2021-11-25', '오면가공기', 'Unoperation', 15049, NULL),
	('2021-11-25', 'F500/50', 'Non-Error', 62092, NULL),
	('2021-11-25', 'F500/50', 'Error', 7013, NULL),
	('2021-11-25', 'F650/50-1', 'Non-Error', 62091, NULL),
	('2021-11-25', 'F650/50-1', 'Error', 5617, NULL),
	('2021-11-25', 'F650/50-2', 'Non-Error', 62011, NULL),
	('2021-11-25', 'F650/50-2', 'Error', 3404, NULL),
	('2021-11-25', 'VX960M', 'Non-Error', 62287, NULL),
	('2021-11-25', 'VX960M', 'Error', 6911, NULL),
	('2021-11-25', 'MCT-15', 'Non-Error', 62258, NULL),
	('2021-11-25', 'MCT-15', 'Error', 5807, NULL),
	('2021-11-25', 'MCT-21', 'Non-Error', 62234, NULL),
	('2021-11-25', 'MCT-21', 'Error', 6882, NULL),
	('2021-11-25', '오면가공기', 'Non-Error', 62019, NULL),
	('2021-11-25', '오면가공기', 'Error', 8084, NULL),
	('2021-11-24', 'F500/50', 'Operation', 62063, NULL),
	('2021-11-24', 'F500/50', 'Unoperation', 15064, NULL),
	('2021-11-24', 'F650/50-1', 'Operation', 62133, NULL),
	('2021-11-24', 'F650/50-1', 'Unoperation', 15171, NULL),
	('2021-11-24', 'F650/50-2', 'Operation', 62159, NULL),
	('2021-11-24', 'F650/50-2', 'Unoperation', 15281, NULL),
	('2021-11-24', 'VX960M', 'Operation', 62030, NULL),
	('2021-11-24', 'VX960M', 'Unoperation', 15205, NULL),
	('2021-11-24', 'MCT-15', 'Operation', 62038, NULL),
	('2021-11-24', 'MCT-15', 'Unoperation', 15176, NULL),
	('2021-11-24', 'MCT-21', 'Operation', 62166, NULL),
	('2021-11-24', 'MCT-21', 'Unoperation', 15001, NULL),
	('2021-11-24', '오면가공기', 'Operation', 62110, NULL),
	('2021-11-24', '오면가공기', 'Unoperation', 15246, NULL),
	('2021-11-24', 'F500/50', 'Non-Error', 62003, NULL),
	('2021-11-24', 'F500/50', 'Error', 7174, NULL),
	('2021-11-24', 'F650/50-1', 'Non-Error', 62262, NULL),
	('2021-11-24', 'F650/50-1', 'Error', 5689, NULL),
	('2021-11-24', 'F650/50-2', 'Non-Error', 62158, NULL),
	('2021-11-24', 'F650/50-2', 'Error', 3625, NULL),
	('2021-11-24', 'VX960M', 'Non-Error', 62049, NULL),
	('2021-11-24', 'VX960M', 'Error', 6860, NULL),
	('2021-11-24', 'MCT-15', 'Non-Error', 62118, NULL),
	('2021-11-24', 'MCT-15', 'Error', 5856, NULL),
	('2021-11-24', 'MCT-21', 'Non-Error', 62002, NULL),
	('2021-11-24', 'MCT-21', 'Error', 6774, NULL),
	('2021-11-24', '오면가공기', 'Non-Error', 62175, NULL),
	('2021-11-24', '오면가공기', 'Error', 8289, NULL),
	('2021-11-23', 'F500/50', 'Operation', 62019, NULL),
	('2021-11-23', 'F500/50', 'Unoperation', 15130, NULL),
	('2021-11-23', 'F650/50-1', 'Operation', 62292, NULL),
	('2021-11-23', 'F650/50-1', 'Unoperation', 15172, NULL),
	('2021-11-23', 'F650/50-2', 'Operation', 62285, NULL),
	('2021-11-23', 'F650/50-2', 'Unoperation', 15007, NULL),
	('2021-11-23', 'VX960M', 'Operation', 62081, NULL),
	('2021-11-23', 'VX960M', 'Unoperation', 15083, NULL),
	('2021-11-23', 'MCT-15', 'Operation', 62175, NULL),
	('2021-11-23', 'MCT-15', 'Unoperation', 15028, NULL),
	('2021-11-23', 'MCT-21', 'Operation', 62213, NULL),
	('2021-11-23', 'MCT-21', 'Unoperation', 15083, NULL),
	('2021-11-23', '오면가공기', 'Operation', 62077, NULL),
	('2021-11-23', '오면가공기', 'Unoperation', 15135, NULL),
	('2021-11-23', 'F500/50', 'Non-Error', 62144, NULL),
	('2021-11-23', 'F500/50', 'Error', 7018, NULL),
	('2021-11-23', 'F650/50-1', 'Non-Error', 62256, NULL),
	('2021-11-23', 'F650/50-1', 'Error', 5526, NULL),
	('2021-11-23', 'F650/50-2', 'Non-Error', 62265, NULL),
	('2021-11-23', 'F650/50-2', 'Error', 3446, NULL),
	('2021-11-23', 'VX960M', 'Non-Error', 62036, NULL),
	('2021-11-23', 'VX960M', 'Error', 6730, NULL),
	('2021-11-23', 'MCT-15', 'Non-Error', 62107, NULL),
	('2021-11-23', 'MCT-15', 'Error', 5890, NULL),
	('2021-11-23', 'MCT-21', 'Non-Error', 62206, NULL),
	('2021-11-23', 'MCT-21', 'Error', 6794, NULL),
	('2021-11-23', '오면가공기', 'Non-Error', 62260, NULL),
	('2021-11-23', '오면가공기', 'Error', 8053, NULL),
	('2021-11-22', 'F500/50', 'Operation', 62087, NULL),
	('2021-11-22', 'F500/50', 'Unoperation', 15275, NULL),
	('2021-11-22', 'F650/50-1', 'Operation', 62213, NULL),
	('2021-11-22', 'F650/50-1', 'Unoperation', 15243, NULL),
	('2021-11-22', 'F650/50-2', 'Operation', 62274, NULL),
	('2021-11-22', 'F650/50-2', 'Unoperation', 15042, NULL),
	('2021-11-22', 'VX960M', 'Operation', 62288, NULL),
	('2021-11-22', 'VX960M', 'Unoperation', 15113, NULL),
	('2021-11-22', 'MCT-15', 'Operation', 62004, NULL),
	('2021-11-22', 'MCT-15', 'Unoperation', 15282, NULL),
	('2021-11-22', 'MCT-21', 'Operation', 62200, NULL),
	('2021-11-22', 'MCT-21', 'Unoperation', 15152, NULL),
	('2021-11-22', '오면가공기', 'Operation', 62159, NULL),
	('2021-11-22', '오면가공기', 'Unoperation', 15042, NULL),
	('2021-11-22', 'F500/50', 'Non-Error', 62032, NULL),
	('2021-11-22', 'F500/50', 'Error', 7035, NULL),
	('2021-11-22', 'F650/50-1', 'Non-Error', 62079, NULL),
	('2021-11-22', 'F650/50-1', 'Error', 5791, NULL),
	('2021-11-22', 'F650/50-2', 'Non-Error', 62020, NULL),
	('2021-11-22', 'F650/50-2', 'Error', 3526, NULL),
	('2021-11-22', 'VX960M', 'Non-Error', 62270, NULL),
	('2021-11-22', 'VX960M', 'Error', 6758, NULL),
	('2021-11-22', 'MCT-15', 'Non-Error', 62148, NULL),
	('2021-11-22', 'MCT-15', 'Error', 6010, NULL),
	('2021-11-22', 'MCT-21', 'Non-Error', 62084, NULL),
	('2021-11-22', 'MCT-21', 'Error', 6722, NULL),
	('2021-11-22', '오면가공기', 'Non-Error', 62269, NULL),
	('2021-11-22', '오면가공기', 'Error', 8014, NULL),
	('2021-11-21', 'F500/50', 'Operation', 62162, NULL),
	('2021-11-21', 'F500/50', 'Unoperation', 15170, NULL),
	('2021-11-21', 'F650/50-1', 'Operation', 62065, NULL),
	('2021-11-21', 'F650/50-1', 'Unoperation', 15117, NULL),
	('2021-11-21', 'F650/50-2', 'Operation', 62088, NULL),
	('2021-11-21', 'F650/50-2', 'Unoperation', 15089, NULL),
	('2021-11-21', 'VX960M', 'Operation', 62183, NULL),
	('2021-11-21', 'VX960M', 'Unoperation', 15048, NULL),
	('2021-11-21', 'MCT-15', 'Operation', 62290, NULL),
	('2021-11-21', 'MCT-15', 'Unoperation', 15107, NULL),
	('2021-11-21', 'MCT-21', 'Operation', 62265, NULL),
	('2021-11-21', 'MCT-21', 'Unoperation', 15104, NULL),
	('2021-11-21', '오면가공기', 'Operation', 62025, NULL),
	('2021-11-21', '오면가공기', 'Unoperation', 15116, NULL),
	('2021-11-21', 'F500/50', 'Non-Error', 62205, NULL),
	('2021-11-21', 'F500/50', 'Error', 7075, NULL),
	('2021-11-21', 'F650/50-1', 'Non-Error', 62063, NULL),
	('2021-11-21', 'F650/50-1', 'Error', 5590, NULL),
	('2021-11-21', 'F650/50-2', 'Non-Error', 62260, NULL),
	('2021-11-21', 'F650/50-2', 'Error', 3530, NULL),
	('2021-11-21', 'VX960M', 'Non-Error', 62173, NULL),
	('2021-11-21', 'VX960M', 'Error', 6861, NULL),
	('2021-11-21', 'MCT-15', 'Non-Error', 62054, NULL),
	('2021-11-21', 'MCT-15', 'Error', 5830, NULL),
	('2021-11-21', 'MCT-21', 'Non-Error', 62067, NULL),
	('2021-11-21', 'MCT-21', 'Error', 6875, NULL),
	('2021-11-21', '오면가공기', 'Non-Error', 62186, NULL),
	('2021-11-21', '오면가공기', 'Error', 8038, NULL),
	('2021-11-20', 'F500/50', 'Operation', 62234, NULL),
	('2021-11-20', 'F500/50', 'Unoperation', 15157, NULL),
	('2021-11-20', 'F650/50-1', 'Operation', 62082, NULL),
	('2021-11-20', 'F650/50-1', 'Unoperation', 15239, NULL),
	('2021-11-20', 'F650/50-2', 'Operation', 62051, NULL),
	('2021-11-20', 'F650/50-2', 'Unoperation', 15136, NULL),
	('2021-11-20', 'VX960M', 'Operation', 62229, NULL),
	('2021-11-20', 'VX960M', 'Unoperation', 15138, NULL),
	('2021-11-20', 'MCT-15', 'Operation', 62001, NULL),
	('2021-11-20', 'MCT-15', 'Unoperation', 15195, NULL),
	('2021-11-20', 'MCT-21', 'Operation', 62069, NULL),
	('2021-11-20', 'MCT-21', 'Unoperation', 15063, NULL),
	('2021-11-20', '오면가공기', 'Operation', 62108, NULL),
	('2021-11-20', '오면가공기', 'Unoperation', 15052, NULL),
	('2021-11-20', 'F500/50', 'Non-Error', 62235, NULL),
	('2021-11-20', 'F500/50', 'Error', 7121, NULL),
	('2021-11-20', 'F650/50-1', 'Non-Error', 62202, NULL),
	('2021-11-20', 'F650/50-1', 'Error', 5546, NULL),
	('2021-11-20', 'F650/50-2', 'Non-Error', 62223, NULL),
	('2021-11-20', 'F650/50-2', 'Error', 3477, NULL),
	('2021-11-20', 'VX960M', 'Non-Error', 62019, NULL),
	('2021-11-20', 'VX960M', 'Error', 6849, NULL),
	('2021-11-20', 'MCT-15', 'Non-Error', 62153, NULL),
	('2021-11-20', 'MCT-15', 'Error', 6068, NULL),
	('2021-11-20', 'MCT-21', 'Non-Error', 62054, NULL),
	('2021-11-20', 'MCT-21', 'Error', 6699, NULL),
	('2021-11-20', '오면가공기', 'Non-Error', 62242, NULL),
	('2021-11-20', '오면가공기', 'Error', 8251, NULL),
	('2021-11-19', 'F500/50', 'Operation', 62228, NULL),
	('2021-11-19', 'F500/50', 'Unoperation', 15087, NULL),
	('2021-11-19', 'F650/50-1', 'Operation', 62052, NULL),
	('2021-11-19', 'F650/50-1', 'Unoperation', 15298, NULL),
	('2021-11-19', 'F650/50-2', 'Operation', 62135, NULL),
	('2021-11-19', 'F650/50-2', 'Unoperation', 15082, NULL),
	('2021-11-19', 'VX960M', 'Operation', 62006, NULL),
	('2021-11-19', 'VX960M', 'Unoperation', 15083, NULL),
	('2021-11-19', 'MCT-15', 'Operation', 62100, NULL),
	('2021-11-19', 'MCT-15', 'Unoperation', 15250, NULL),
	('2021-11-19', 'MCT-21', 'Operation', 62050, NULL),
	('2021-11-19', 'MCT-21', 'Unoperation', 15100, NULL),
	('2021-11-19', '오면가공기', 'Operation', 62052, NULL),
	('2021-11-19', '오면가공기', 'Unoperation', 15262, NULL),
	('2021-11-19', 'F500/50', 'Non-Error', 62253, NULL),
	('2021-11-19', 'F500/50', 'Error', 7180, NULL),
	('2021-11-19', 'F650/50-1', 'Non-Error', 62140, NULL),
	('2021-11-19', 'F650/50-1', 'Error', 5660, NULL),
	('2021-11-19', 'F650/50-2', 'Non-Error', 62080, NULL),
	('2021-11-19', 'F650/50-2', 'Error', 3620, NULL),
	('2021-11-19', 'VX960M', 'Non-Error', 62263, NULL),
	('2021-11-19', 'VX960M', 'Error', 6741, NULL),
	('2021-11-19', 'MCT-15', 'Non-Error', 62080, NULL),
	('2021-11-19', 'MCT-15', 'Error', 6024, NULL),
	('2021-11-19', 'MCT-21', 'Non-Error', 62055, NULL),
	('2021-11-19', 'MCT-21', 'Error', 6836, NULL),
	('2021-11-19', '오면가공기', 'Non-Error', 62026, NULL),
	('2021-11-19', '오면가공기', 'Error', 8259, NULL),
	('2021-11-18', 'F500/50', 'Operation', 62014, NULL),
	('2021-11-18', 'F500/50', 'Unoperation', 15196, NULL),
	('2021-11-18', 'F650/50-1', 'Operation', 62037, NULL),
	('2021-11-18', 'F650/50-1', 'Unoperation', 15199, NULL),
	('2021-11-18', 'F650/50-2', 'Operation', 62285, NULL),
	('2021-11-18', 'F650/50-2', 'Unoperation', 15228, NULL),
	('2021-11-18', 'VX960M', 'Operation', 62285, NULL),
	('2021-11-18', 'VX960M', 'Unoperation', 15140, NULL),
	('2021-11-18', 'MCT-15', 'Operation', 62145, NULL),
	('2021-11-18', 'MCT-15', 'Unoperation', 15008, NULL),
	('2021-11-18', 'MCT-21', 'Operation', 62204, NULL),
	('2021-11-18', 'MCT-21', 'Unoperation', 15096, NULL),
	('2021-11-18', '오면가공기', 'Operation', 62169, NULL),
	('2021-11-18', '오면가공기', 'Unoperation', 15259, NULL),
	('2021-11-18', 'F500/50', 'Non-Error', 62189, NULL),
	('2021-11-18', 'F500/50', 'Error', 7169, NULL),
	('2021-11-18', 'F650/50-1', 'Non-Error', 62275, NULL),
	('2021-11-18', 'F650/50-1', 'Error', 5772, NULL),
	('2021-11-18', 'F650/50-2', 'Non-Error', 62234, NULL),
	('2021-11-18', 'F650/50-2', 'Error', 3456, NULL),
	('2021-11-18', 'VX960M', 'Non-Error', 62178, NULL),
	('2021-11-18', 'VX960M', 'Error', 6810, NULL),
	('2021-11-18', 'MCT-15', 'Non-Error', 62082, NULL),
	('2021-11-18', 'MCT-15', 'Error', 5824, NULL),
	('2021-11-18', 'MCT-21', 'Non-Error', 62251, NULL),
	('2021-11-18', 'MCT-21', 'Error', 6916, NULL),
	('2021-11-18', '오면가공기', 'Non-Error', 62137, NULL),
	('2021-11-18', '오면가공기', 'Error', 8271, NULL),
	('2021-11-17', 'F500/50', 'Operation', 62047, NULL),
	('2021-11-17', 'F500/50', 'Unoperation', 15022, NULL),
	('2021-11-17', 'F650/50-1', 'Operation', 62268, NULL),
	('2021-11-17', 'F650/50-1', 'Unoperation', 15077, NULL),
	('2021-11-17', 'F650/50-2', 'Operation', 62181, NULL),
	('2021-11-17', 'F650/50-2', 'Unoperation', 15072, NULL),
	('2021-11-17', 'VX960M', 'Operation', 62118, NULL),
	('2021-11-17', 'VX960M', 'Unoperation', 15076, NULL),
	('2021-11-17', 'MCT-15', 'Operation', 62024, NULL),
	('2021-11-17', 'MCT-15', 'Unoperation', 15194, NULL),
	('2021-11-17', 'MCT-21', 'Operation', 62297, NULL),
	('2021-11-17', 'MCT-21', 'Unoperation', 15004, NULL),
	('2021-11-17', '오면가공기', 'Operation', 62029, NULL),
	('2021-11-17', '오면가공기', 'Unoperation', 15135, NULL),
	('2021-11-17', 'F500/50', 'Non-Error', 62290, NULL),
	('2021-11-17', 'F500/50', 'Error', 7142, NULL),
	('2021-11-17', 'F650/50-1', 'Non-Error', 62142, NULL),
	('2021-11-17', 'F650/50-1', 'Error', 5785, NULL),
	('2021-11-17', 'F650/50-2', 'Non-Error', 62100, NULL),
	('2021-11-17', 'F650/50-2', 'Error', 3645, NULL),
	('2021-11-17', 'VX960M', 'Non-Error', 62027, NULL),
	('2021-11-17', 'VX960M', 'Error', 6688, NULL),
	('2021-11-17', 'MCT-15', 'Non-Error', 62224, NULL),
	('2021-11-17', 'MCT-15', 'Error', 6002, NULL),
	('2021-11-17', 'MCT-21', 'Non-Error', 62114, NULL),
	('2021-11-17', 'MCT-21', 'Error', 6896, NULL),
	('2021-11-17', '오면가공기', 'Non-Error', 62150, NULL),
	('2021-11-17', '오면가공기', 'Error', 8094, NULL),
	('2021-11-16', 'F500/50', 'Operation', 62022, NULL),
	('2021-11-16', 'F500/50', 'Unoperation', 15130, NULL),
	('2021-11-16', 'F650/50-1', 'Operation', 62283, NULL),
	('2021-11-16', 'F650/50-1', 'Unoperation', 15126, NULL),
	('2021-11-16', 'F650/50-2', 'Operation', 62082, NULL),
	('2021-11-16', 'F650/50-2', 'Unoperation', 15031, NULL),
	('2021-11-16', 'VX960M', 'Operation', 62212, NULL),
	('2021-11-16', 'VX960M', 'Unoperation', 15065, NULL),
	('2021-11-16', 'MCT-15', 'Operation', 62292, NULL),
	('2021-11-16', 'MCT-15', 'Unoperation', 15063, NULL),
	('2021-11-16', 'MCT-21', 'Operation', 62042, NULL),
	('2021-11-16', 'MCT-21', 'Unoperation', 15019, NULL),
	('2021-11-16', '오면가공기', 'Operation', 62272, NULL),
	('2021-11-16', '오면가공기', 'Unoperation', 15100, NULL),
	('2021-11-16', 'F500/50', 'Non-Error', 62288, NULL),
	('2021-11-16', 'F500/50', 'Error', 7238, NULL),
	('2021-11-16', 'F650/50-1', 'Non-Error', 62026, NULL),
	('2021-11-16', 'F650/50-1', 'Error', 5516, NULL),
	('2021-11-16', 'F650/50-2', 'Non-Error', 62004, NULL),
	('2021-11-16', 'F650/50-2', 'Error', 3671, NULL),
	('2021-11-16', 'VX960M', 'Non-Error', 62146, NULL),
	('2021-11-16', 'VX960M', 'Error', 6903, NULL),
	('2021-11-16', 'MCT-15', 'Non-Error', 62042, NULL),
	('2021-11-16', 'MCT-15', 'Error', 5950, NULL),
	('2021-11-16', 'MCT-21', 'Non-Error', 62097, NULL),
	('2021-11-16', 'MCT-21', 'Error', 6971, NULL),
	('2021-11-16', '오면가공기', 'Non-Error', 62272, NULL),
	('2021-11-16', '오면가공기', 'Error', 8182, NULL),
	('2021-11-15', 'F500/50', 'Operation', 62094, NULL),
	('2021-11-15', 'F500/50', 'Unoperation', 15225, NULL),
	('2021-11-15', 'F650/50-1', 'Operation', 62245, NULL),
	('2021-11-15', 'F650/50-1', 'Unoperation', 15249, NULL),
	('2021-11-15', 'F650/50-2', 'Operation', 62213, NULL),
	('2021-11-15', 'F650/50-2', 'Unoperation', 15017, NULL),
	('2021-11-15', 'VX960M', 'Operation', 62045, NULL),
	('2021-11-15', 'VX960M', 'Unoperation', 15174, NULL),
	('2021-11-15', 'MCT-15', 'Operation', 62134, NULL),
	('2021-11-15', 'MCT-15', 'Unoperation', 15152, NULL),
	('2021-11-15', 'MCT-21', 'Operation', 62058, NULL),
	('2021-11-15', 'MCT-21', 'Unoperation', 15134, NULL),
	('2021-11-15', '오면가공기', 'Operation', 62197, NULL),
	('2021-11-15', '오면가공기', 'Unoperation', 15284, NULL),
	('2021-11-15', 'F500/50', 'Non-Error', 62229, NULL),
	('2021-11-15', 'F500/50', 'Error', 7292, NULL),
	('2021-11-15', 'F650/50-1', 'Non-Error', 62173, NULL),
	('2021-11-15', 'F650/50-1', 'Error', 5791, NULL),
	('2021-11-15', 'F650/50-2', 'Non-Error', 62038, NULL),
	('2021-11-15', 'F650/50-2', 'Error', 3616, NULL),
	('2021-11-15', 'VX960M', 'Non-Error', 62068, NULL),
	('2021-11-15', 'VX960M', 'Error', 6978, NULL),
	('2021-11-15', 'MCT-15', 'Non-Error', 62052, NULL),
	('2021-11-15', 'MCT-15', 'Error', 6071, NULL),
	('2021-11-15', 'MCT-21', 'Non-Error', 62077, NULL),
	('2021-11-15', 'MCT-21', 'Error', 6804, NULL),
	('2021-11-15', '오면가공기', 'Non-Error', 62098, NULL),
	('2021-11-15', '오면가공기', 'Error', 8113, NULL),
	('2021-11-14', 'F500/50', 'Operation', 62272, NULL),
	('2021-11-14', 'F500/50', 'Unoperation', 15124, NULL),
	('2021-11-14', 'F650/50-1', 'Operation', 62101, NULL),
	('2021-11-14', 'F650/50-1', 'Unoperation', 15134, NULL),
	('2021-11-14', 'F650/50-2', 'Operation', 62068, NULL),
	('2021-11-14', 'F650/50-2', 'Unoperation', 15237, NULL),
	('2021-11-14', 'VX960M', 'Operation', 62081, NULL),
	('2021-11-14', 'VX960M', 'Unoperation', 15296, NULL),
	('2021-11-14', 'MCT-15', 'Operation', 62039, NULL),
	('2021-11-14', 'MCT-15', 'Unoperation', 15207, NULL),
	('2021-11-14', 'MCT-21', 'Operation', 62017, NULL),
	('2021-11-14', 'MCT-21', 'Unoperation', 15064, NULL),
	('2021-11-14', '오면가공기', 'Operation', 62268, NULL),
	('2021-11-14', '오면가공기', 'Unoperation', 15252, NULL),
	('2021-11-14', 'F500/50', 'Non-Error', 62156, NULL),
	('2021-11-14', 'F500/50', 'Error', 7022, NULL),
	('2021-11-14', 'F650/50-1', 'Non-Error', 62245, NULL),
	('2021-11-14', 'F650/50-1', 'Error', 5758, NULL),
	('2021-11-14', 'F650/50-2', 'Non-Error', 62258, NULL),
	('2021-11-14', 'F650/50-2', 'Error', 3614, NULL),
	('2021-11-14', 'VX960M', 'Non-Error', 62298, NULL),
	('2021-11-14', 'VX960M', 'Error', 6935, NULL),
	('2021-11-14', 'MCT-15', 'Non-Error', 62045, NULL),
	('2021-11-14', 'MCT-15', 'Error', 5870, NULL),
	('2021-11-14', 'MCT-21', 'Non-Error', 62287, NULL),
	('2021-11-14', 'MCT-21', 'Error', 6961, NULL),
	('2021-11-14', '오면가공기', 'Non-Error', 62255, NULL),
	('2021-11-14', '오면가공기', 'Error', 8127, NULL),
	('2021-11-13', 'F500/50', 'Operation', 62168, NULL),
	('2021-11-13', 'F500/50', 'Unoperation', 15162, NULL),
	('2021-11-13', 'F650/50-1', 'Operation', 62007, NULL),
	('2021-11-13', 'F650/50-1', 'Unoperation', 15148, NULL),
	('2021-11-13', 'F650/50-2', 'Operation', 62121, NULL),
	('2021-11-13', 'F650/50-2', 'Unoperation', 15161, NULL),
	('2021-11-13', 'VX960M', 'Operation', 62143, NULL),
	('2021-11-13', 'VX960M', 'Unoperation', 15234, NULL),
	('2021-11-13', 'MCT-15', 'Operation', 62141, NULL),
	('2021-11-13', 'MCT-15', 'Unoperation', 15001, NULL),
	('2021-11-13', 'MCT-21', 'Operation', 62184, NULL),
	('2021-11-13', 'MCT-21', 'Unoperation', 15016, NULL),
	('2021-11-13', '오면가공기', 'Operation', 62130, NULL),
	('2021-11-13', '오면가공기', 'Unoperation', 15004, NULL),
	('2021-11-13', 'F500/50', 'Non-Error', 62228, NULL),
	('2021-11-13', 'F500/50', 'Error', 7230, NULL),
	('2021-11-13', 'F650/50-1', 'Non-Error', 62166, NULL),
	('2021-11-13', 'F650/50-1', 'Error', 5641, NULL),
	('2021-11-13', 'F650/50-2', 'Non-Error', 62207, NULL),
	('2021-11-13', 'F650/50-2', 'Error', 3413, NULL),
	('2021-11-13', 'VX960M', 'Non-Error', 62046, NULL),
	('2021-11-13', 'VX960M', 'Error', 6877, NULL),
	('2021-11-13', 'MCT-15', 'Non-Error', 62213, NULL),
	('2021-11-13', 'MCT-15', 'Error', 5979, NULL),
	('2021-11-13', 'MCT-21', 'Non-Error', 62031, NULL),
	('2021-11-13', 'MCT-21', 'Error', 6851, NULL),
	('2021-11-13', '오면가공기', 'Non-Error', 62174, NULL),
	('2021-11-13', '오면가공기', 'Error', 8053, NULL),
	('2021-11-12', 'F500/50', 'Operation', 62043, NULL),
	('2021-11-12', 'F500/50', 'Unoperation', 15056, NULL),
	('2021-11-12', 'F650/50-1', 'Operation', 62152, NULL),
	('2021-11-12', 'F650/50-1', 'Unoperation', 15291, NULL),
	('2021-11-12', 'F650/50-2', 'Operation', 62098, NULL),
	('2021-11-12', 'F650/50-2', 'Unoperation', 15220, NULL),
	('2021-11-12', 'VX960M', 'Operation', 62208, NULL),
	('2021-11-12', 'VX960M', 'Unoperation', 15078, NULL),
	('2021-11-12', 'MCT-15', 'Operation', 62067, NULL),
	('2021-11-12', 'MCT-15', 'Unoperation', 15102, NULL),
	('2021-11-12', 'MCT-21', 'Operation', 62009, NULL),
	('2021-11-12', 'MCT-21', 'Unoperation', 15040, NULL),
	('2021-11-12', '오면가공기', 'Operation', 62173, NULL),
	('2021-11-12', '오면가공기', 'Unoperation', 15145, NULL),
	('2021-11-12', 'F500/50', 'Non-Error', 62206, NULL),
	('2021-11-12', 'F500/50', 'Error', 7296, NULL),
	('2021-11-12', 'F650/50-1', 'Non-Error', 62263, NULL),
	('2021-11-12', 'F650/50-1', 'Error', 5627, NULL),
	('2021-11-12', 'F650/50-2', 'Non-Error', 62147, NULL),
	('2021-11-12', 'F650/50-2', 'Error', 3455, NULL),
	('2021-11-12', 'VX960M', 'Non-Error', 62134, NULL),
	('2021-11-12', 'VX960M', 'Error', 6894, NULL),
	('2021-11-12', 'MCT-15', 'Non-Error', 62032, NULL),
	('2021-11-12', 'MCT-15', 'Error', 5924, NULL),
	('2021-11-12', 'MCT-21', 'Non-Error', 62002, NULL),
	('2021-11-12', 'MCT-21', 'Error', 6870, NULL),
	('2021-11-12', '오면가공기', 'Non-Error', 62055, NULL),
	('2021-11-12', '오면가공기', 'Error', 8001, NULL),
	('2021-11-11', 'F500/50', 'Operation', 62139, NULL),
	('2021-11-11', 'F500/50', 'Unoperation', 15093, NULL),
	('2021-11-11', 'F650/50-1', 'Operation', 62047, NULL),
	('2021-11-11', 'F650/50-1', 'Unoperation', 15256, NULL),
	('2021-11-11', 'F650/50-2', 'Operation', 62239, NULL),
	('2021-11-11', 'F650/50-2', 'Unoperation', 15127, NULL),
	('2021-11-11', 'VX960M', 'Operation', 62219, NULL),
	('2021-11-11', 'VX960M', 'Unoperation', 15115, NULL),
	('2021-11-11', 'MCT-15', 'Operation', 62217, NULL),
	('2021-11-11', 'MCT-15', 'Unoperation', 15143, NULL),
	('2021-11-11', 'MCT-21', 'Operation', 62064, NULL),
	('2021-11-11', 'MCT-21', 'Unoperation', 15190, NULL),
	('2021-11-11', '오면가공기', 'Operation', 62160, NULL),
	('2021-11-11', '오면가공기', 'Unoperation', 15230, NULL),
	('2021-11-11', 'F500/50', 'Non-Error', 62071, NULL),
	('2021-11-11', 'F500/50', 'Error', 7266, NULL),
	('2021-11-11', 'F650/50-1', 'Non-Error', 62215, NULL),
	('2021-11-11', 'F650/50-1', 'Error', 5781, NULL),
	('2021-11-11', 'F650/50-2', 'Non-Error', 62157, NULL),
	('2021-11-11', 'F650/50-2', 'Error', 3646, NULL),
	('2021-11-11', 'VX960M', 'Non-Error', 62158, NULL),
	('2021-11-11', 'VX960M', 'Error', 6740, NULL),
	('2021-11-11', 'MCT-15', 'Non-Error', 62091, NULL),
	('2021-11-11', 'MCT-15', 'Error', 6080, NULL),
	('2021-11-11', 'MCT-21', 'Non-Error', 62004, NULL),
	('2021-11-11', 'MCT-21', 'Error', 6714, NULL),
	('2021-11-11', '오면가공기', 'Non-Error', 62167, NULL),
	('2021-11-11', '오면가공기', 'Error', 8129, NULL),
	('2021-11-10', 'F500/50', 'Operation', 62144, NULL),
	('2021-11-10', 'F500/50', 'Unoperation', 15031, NULL),
	('2021-11-10', 'F650/50-1', 'Operation', 62027, NULL),
	('2021-11-10', 'F650/50-1', 'Unoperation', 15043, NULL),
	('2021-11-10', 'F650/50-2', 'Operation', 62132, NULL),
	('2021-11-10', 'F650/50-2', 'Unoperation', 15233, NULL),
	('2021-11-10', 'VX960M', 'Operation', 62168, NULL),
	('2021-11-10', 'VX960M', 'Unoperation', 15142, NULL),
	('2021-11-10', 'MCT-15', 'Operation', 62208, NULL),
	('2021-11-10', 'MCT-15', 'Unoperation', 15012, NULL),
	('2021-11-10', 'MCT-21', 'Operation', 62038, NULL),
	('2021-11-10', 'MCT-21', 'Unoperation', 15155, NULL),
	('2021-11-10', '오면가공기', 'Operation', 62060, NULL),
	('2021-11-10', '오면가공기', 'Unoperation', 15137, NULL),
	('2021-11-10', 'F500/50', 'Non-Error', 62205, NULL),
	('2021-11-10', 'F500/50', 'Error', 7013, NULL),
	('2021-11-10', 'F650/50-1', 'Non-Error', 62053, NULL),
	('2021-11-10', 'F650/50-1', 'Error', 5724, NULL),
	('2021-11-10', 'F650/50-2', 'Non-Error', 62064, NULL),
	('2021-11-10', 'F650/50-2', 'Error', 3649, NULL),
	('2021-11-10', 'VX960M', 'Non-Error', 62150, NULL),
	('2021-11-10', 'VX960M', 'Error', 6694, NULL),
	('2021-11-10', 'MCT-15', 'Non-Error', 62184, NULL),
	('2021-11-10', 'MCT-15', 'Error', 5785, NULL),
	('2021-11-10', 'MCT-21', 'Non-Error', 62048, NULL),
	('2021-11-10', 'MCT-21', 'Error', 6920, NULL),
	('2021-11-10', '오면가공기', 'Non-Error', 62166, NULL),
	('2021-11-10', '오면가공기', 'Error', 8106, NULL),
	('2021-11-09', 'F500/50', 'Operation', 62031, NULL),
	('2021-11-09', 'F500/50', 'Unoperation', 15139, NULL),
	('2021-11-09', 'F650/50-1', 'Operation', 62003, NULL),
	('2021-11-09', 'F650/50-1', 'Unoperation', 15196, NULL),
	('2021-11-09', 'F650/50-2', 'Operation', 62072, NULL),
	('2021-11-09', 'F650/50-2', 'Unoperation', 15072, NULL),
	('2021-11-09', 'VX960M', 'Operation', 62145, NULL),
	('2021-11-09', 'VX960M', 'Unoperation', 15208, NULL),
	('2021-11-09', 'MCT-15', 'Operation', 62006, NULL),
	('2021-11-09', 'MCT-15', 'Unoperation', 15007, NULL),
	('2021-11-09', 'MCT-21', 'Operation', 62017, NULL),
	('2021-11-09', 'MCT-21', 'Unoperation', 15066, NULL),
	('2021-11-09', '오면가공기', 'Operation', 62278, NULL),
	('2021-11-09', '오면가공기', 'Unoperation', 15292, NULL),
	('2021-11-09', 'F500/50', 'Non-Error', 62027, NULL),
	('2021-11-09', 'F500/50', 'Error', 7161, NULL),
	('2021-11-09', 'F650/50-1', 'Non-Error', 62125, NULL),
	('2021-11-09', 'F650/50-1', 'Error', 5640, NULL),
	('2021-11-09', 'F650/50-2', 'Non-Error', 62028, NULL),
	('2021-11-09', 'F650/50-2', 'Error', 3421, NULL),
	('2021-11-09', 'VX960M', 'Non-Error', 62020, NULL),
	('2021-11-09', 'VX960M', 'Error', 6725, NULL),
	('2021-11-09', 'MCT-15', 'Non-Error', 62129, NULL),
	('2021-11-09', 'MCT-15', 'Error', 6017, NULL),
	('2021-11-09', 'MCT-21', 'Non-Error', 62172, NULL),
	('2021-11-09', 'MCT-21', 'Error', 6845, NULL),
	('2021-11-09', '오면가공기', 'Non-Error', 62021, NULL),
	('2021-11-09', '오면가공기', 'Error', 8201, NULL),
	('2021-11-08', 'F500/50', 'Operation', 62043, NULL),
	('2021-11-08', 'F500/50', 'Unoperation', 15211, NULL),
	('2021-11-08', 'F650/50-1', 'Operation', 62030, NULL),
	('2021-11-08', 'F650/50-1', 'Unoperation', 15115, NULL),
	('2021-11-08', 'F650/50-2', 'Operation', 62187, NULL),
	('2021-11-08', 'F650/50-2', 'Unoperation', 15288, NULL),
	('2021-11-08', 'VX960M', 'Operation', 62282, NULL),
	('2021-11-08', 'VX960M', 'Unoperation', 15246, NULL),
	('2021-11-08', 'MCT-15', 'Operation', 62084, NULL),
	('2021-11-08', 'MCT-15', 'Unoperation', 15282, NULL),
	('2021-11-08', 'MCT-21', 'Operation', 62261, NULL),
	('2021-11-08', 'MCT-21', 'Unoperation', 15158, NULL),
	('2021-11-08', '오면가공기', 'Operation', 62008, NULL),
	('2021-11-08', '오면가공기', 'Unoperation', 15168, NULL),
	('2021-11-08', 'F500/50', 'Non-Error', 62213, NULL),
	('2021-11-08', 'F500/50', 'Error', 7264, NULL),
	('2021-11-08', 'F650/50-1', 'Non-Error', 62080, NULL),
	('2021-11-08', 'F650/50-1', 'Error', 5707, NULL),
	('2021-11-08', 'F650/50-2', 'Non-Error', 62198, NULL),
	('2021-11-08', 'F650/50-2', 'Error', 3469, NULL),
	('2021-11-08', 'VX960M', 'Non-Error', 62051, NULL),
	('2021-11-08', 'VX960M', 'Error', 6734, NULL),
	('2021-11-08', 'MCT-15', 'Non-Error', 62084, NULL),
	('2021-11-08', 'MCT-15', 'Error', 6064, NULL),
	('2021-11-08', 'MCT-21', 'Non-Error', 62245, NULL),
	('2021-11-08', 'MCT-21', 'Error', 6764, NULL),
	('2021-11-08', '오면가공기', 'Non-Error', 62297, NULL),
	('2021-11-08', '오면가공기', 'Error', 8029, NULL),
	('2021-11-07', 'F500/50', 'Operation', 62154, NULL),
	('2021-11-07', 'F500/50', 'Unoperation', 15084, NULL),
	('2021-11-07', 'F650/50-1', 'Operation', 62257, NULL),
	('2021-11-07', 'F650/50-1', 'Unoperation', 15135, NULL),
	('2021-11-07', 'F650/50-2', 'Operation', 62202, NULL),
	('2021-11-07', 'F650/50-2', 'Unoperation', 15006, NULL),
	('2021-11-07', 'VX960M', 'Operation', 62024, NULL),
	('2021-11-07', 'VX960M', 'Unoperation', 15102, NULL),
	('2021-11-07', 'MCT-15', 'Operation', 62141, NULL),
	('2021-11-07', 'MCT-15', 'Unoperation', 15100, NULL),
	('2021-11-07', 'MCT-21', 'Operation', 62078, NULL),
	('2021-11-07', 'MCT-21', 'Unoperation', 15089, NULL),
	('2021-11-07', '오면가공기', 'Operation', 62212, NULL),
	('2021-11-07', '오면가공기', 'Unoperation', 15192, NULL),
	('2021-11-07', 'F500/50', 'Non-Error', 62027, NULL),
	('2021-11-07', 'F500/50', 'Error', 7160, NULL),
	('2021-11-07', 'F650/50-1', 'Non-Error', 62119, NULL),
	('2021-11-07', 'F650/50-1', 'Error', 5615, NULL),
	('2021-11-07', 'F650/50-2', 'Non-Error', 62217, NULL),
	('2021-11-07', 'F650/50-2', 'Error', 3540, NULL),
	('2021-11-07', 'VX960M', 'Non-Error', 62049, NULL),
	('2021-11-07', 'VX960M', 'Error', 6815, NULL),
	('2021-11-07', 'MCT-15', 'Non-Error', 62190, NULL),
	('2021-11-07', 'MCT-15', 'Error', 6055, NULL),
	('2021-11-07', 'MCT-21', 'Non-Error', 62181, NULL),
	('2021-11-07', 'MCT-21', 'Error', 6772, NULL),
	('2021-11-07', '오면가공기', 'Non-Error', 62229, NULL),
	('2021-11-07', '오면가공기', 'Error', 8263, NULL),
	('2021-11-06', 'F500/50', 'Operation', 62030, NULL),
	('2021-11-06', 'F500/50', 'Unoperation', 15261, NULL),
	('2021-11-06', 'F650/50-1', 'Operation', 62015, NULL),
	('2021-11-06', 'F650/50-1', 'Unoperation', 15193, NULL),
	('2021-11-06', 'F650/50-2', 'Operation', 62020, NULL),
	('2021-11-06', 'F650/50-2', 'Unoperation', 15120, NULL),
	('2021-11-06', 'VX960M', 'Operation', 62243, NULL),
	('2021-11-06', 'VX960M', 'Unoperation', 15254, NULL),
	('2021-11-06', 'MCT-15', 'Operation', 62243, NULL),
	('2021-11-06', 'MCT-15', 'Unoperation', 15153, NULL),
	('2021-11-06', 'MCT-21', 'Operation', 62035, NULL),
	('2021-11-06', 'MCT-21', 'Unoperation', 15017, NULL),
	('2021-11-06', '오면가공기', 'Operation', 62279, NULL),
	('2021-11-06', '오면가공기', 'Unoperation', 15147, NULL),
	('2021-11-06', 'F500/50', 'Non-Error', 62196, NULL),
	('2021-11-06', 'F500/50', 'Error', 7239, NULL),
	('2021-11-06', 'F650/50-1', 'Non-Error', 62007, NULL),
	('2021-11-06', 'F650/50-1', 'Error', 5721, NULL),
	('2021-11-06', 'F650/50-2', 'Non-Error', 62183, NULL),
	('2021-11-06', 'F650/50-2', 'Error', 3651, NULL),
	('2021-11-06', 'VX960M', 'Non-Error', 62108, NULL),
	('2021-11-06', 'VX960M', 'Error', 6776, NULL),
	('2021-11-06', 'MCT-15', 'Non-Error', 62122, NULL),
	('2021-11-06', 'MCT-15', 'Error', 5828, NULL),
	('2021-11-06', 'MCT-21', 'Non-Error', 62149, NULL),
	('2021-11-06', 'MCT-21', 'Error', 6694, NULL),
	('2021-11-06', '오면가공기', 'Non-Error', 62234, NULL),
	('2021-11-06', '오면가공기', 'Error', 8222, NULL),
	('2021-11-05', 'F500/50', 'Operation', 62110, NULL),
	('2021-11-05', 'F500/50', 'Unoperation', 15182, NULL),
	('2021-11-05', 'F650/50-1', 'Operation', 62283, NULL),
	('2021-11-05', 'F650/50-1', 'Unoperation', 15269, NULL),
	('2021-11-05', 'F650/50-2', 'Operation', 62195, NULL),
	('2021-11-05', 'F650/50-2', 'Unoperation', 15170, NULL),
	('2021-11-05', 'VX960M', 'Operation', 62265, NULL),
	('2021-11-05', 'VX960M', 'Unoperation', 15217, NULL),
	('2021-11-05', 'MCT-15', 'Operation', 62288, NULL),
	('2021-11-05', 'MCT-15', 'Unoperation', 15191, NULL),
	('2021-11-05', 'MCT-21', 'Operation', 62089, NULL),
	('2021-11-05', 'MCT-21', 'Unoperation', 15174, NULL),
	('2021-11-05', '오면가공기', 'Operation', 62005, NULL),
	('2021-11-05', '오면가공기', 'Unoperation', 15104, NULL),
	('2021-11-05', 'F500/50', 'Non-Error', 62204, NULL),
	('2021-11-05', 'F500/50', 'Error', 7110, NULL),
	('2021-11-05', 'F650/50-1', 'Non-Error', 62237, NULL),
	('2021-11-05', 'F650/50-1', 'Error', 5755, NULL),
	('2021-11-05', 'F650/50-2', 'Non-Error', 62267, NULL),
	('2021-11-05', 'F650/50-2', 'Error', 3667, NULL),
	('2021-11-05', 'VX960M', 'Non-Error', 62238, NULL),
	('2021-11-05', 'VX960M', 'Error', 6775, NULL),
	('2021-11-05', 'MCT-15', 'Non-Error', 62028, NULL),
	('2021-11-05', 'MCT-15', 'Error', 5962, NULL),
	('2021-11-05', 'MCT-21', 'Non-Error', 62200, NULL),
	('2021-11-05', 'MCT-21', 'Error', 6848, NULL),
	('2021-11-05', '오면가공기', 'Non-Error', 62249, NULL),
	('2021-11-05', '오면가공기', 'Error', 8139, NULL),
	('2021-11-04', 'F500/50', 'Operation', 62245, NULL),
	('2021-11-04', 'F500/50', 'Unoperation', 15210, NULL),
	('2021-11-04', 'F650/50-1', 'Operation', 62014, NULL),
	('2021-11-04', 'F650/50-1', 'Unoperation', 15041, NULL),
	('2021-11-04', 'F650/50-2', 'Operation', 62165, NULL),
	('2021-11-04', 'F650/50-2', 'Unoperation', 15103, NULL),
	('2021-11-04', 'VX960M', 'Operation', 62021, NULL),
	('2021-11-04', 'VX960M', 'Unoperation', 15094, NULL),
	('2021-11-04', 'MCT-15', 'Operation', 62108, NULL),
	('2021-11-04', 'MCT-15', 'Unoperation', 15260, NULL),
	('2021-11-04', 'MCT-21', 'Operation', 62076, NULL),
	('2021-11-04', 'MCT-21', 'Unoperation', 15202, NULL),
	('2021-11-04', '오면가공기', 'Operation', 62183, NULL),
	('2021-11-04', '오면가공기', 'Unoperation', 15008, NULL),
	('2021-11-04', 'F500/50', 'Non-Error', 62091, NULL),
	('2021-11-04', 'F500/50', 'Error', 7134, NULL),
	('2021-11-04', 'F650/50-1', 'Non-Error', 62097, NULL),
	('2021-11-04', 'F650/50-1', 'Error', 5581, NULL),
	('2021-11-04', 'F650/50-2', 'Non-Error', 62115, NULL),
	('2021-11-04', 'F650/50-2', 'Error', 3435, NULL),
	('2021-11-04', 'VX960M', 'Non-Error', 62127, NULL),
	('2021-11-04', 'VX960M', 'Error', 6921, NULL),
	('2021-11-04', 'MCT-15', 'Non-Error', 62188, NULL),
	('2021-11-04', 'MCT-15', 'Error', 6022, NULL),
	('2021-11-04', 'MCT-21', 'Non-Error', 62021, NULL),
	('2021-11-04', 'MCT-21', 'Error', 6974, NULL),
	('2021-11-04', '오면가공기', 'Non-Error', 62218, NULL),
	('2021-11-04', '오면가공기', 'Error', 8202, NULL),
	('2021-11-03', 'F500/50', 'Operation', 62056, NULL),
	('2021-11-03', 'F500/50', 'Unoperation', 15276, NULL),
	('2021-11-03', 'F650/50-1', 'Operation', 62010, NULL),
	('2021-11-03', 'F650/50-1', 'Unoperation', 15122, NULL),
	('2021-11-03', 'F650/50-2', 'Operation', 62283, NULL),
	('2021-11-03', 'F650/50-2', 'Unoperation', 15147, NULL),
	('2021-11-03', 'VX960M', 'Operation', 62186, NULL),
	('2021-11-03', 'VX960M', 'Unoperation', 15191, NULL),
	('2021-11-03', 'MCT-15', 'Operation', 62099, NULL),
	('2021-11-03', 'MCT-15', 'Unoperation', 15220, NULL),
	('2021-11-03', 'MCT-21', 'Operation', 62204, NULL),
	('2021-11-03', 'MCT-21', 'Unoperation', 15062, NULL),
	('2021-11-03', '오면가공기', 'Operation', 62299, NULL),
	('2021-11-03', '오면가공기', 'Unoperation', 15109, NULL),
	('2021-11-03', 'F500/50', 'Non-Error', 62250, NULL),
	('2021-11-03', 'F500/50', 'Error', 7023, NULL),
	('2021-11-03', 'F650/50-1', 'Non-Error', 62263, NULL),
	('2021-11-03', 'F650/50-1', 'Error', 5547, NULL),
	('2021-11-03', 'F650/50-2', 'Non-Error', 62049, NULL),
	('2021-11-03', 'F650/50-2', 'Error', 3504, NULL),
	('2021-11-03', 'VX960M', 'Non-Error', 62072, NULL),
	('2021-11-03', 'VX960M', 'Error', 6734, NULL),
	('2021-11-03', 'MCT-15', 'Non-Error', 62021, NULL),
	('2021-11-03', 'MCT-15', 'Error', 6050, NULL),
	('2021-11-03', 'MCT-21', 'Non-Error', 62061, NULL),
	('2021-11-03', 'MCT-21', 'Error', 6789, NULL),
	('2021-11-03', '오면가공기', 'Non-Error', 62075, NULL),
	('2021-11-03', '오면가공기', 'Error', 8039, NULL),
	('2021-11-02', 'F500/50', 'Operation', 62271, NULL),
	('2021-11-02', 'F500/50', 'Unoperation', 15038, NULL),
	('2021-11-02', 'F650/50-1', 'Operation', 62279, NULL),
	('2021-11-02', 'F650/50-1', 'Unoperation', 15081, NULL),
	('2021-11-02', 'F650/50-2', 'Operation', 62166, NULL),
	('2021-11-02', 'F650/50-2', 'Unoperation', 15291, NULL),
	('2021-11-02', 'VX960M', 'Operation', 62057, NULL),
	('2021-11-02', 'VX960M', 'Unoperation', 15013, NULL),
	('2021-11-02', 'MCT-15', 'Operation', 62195, NULL),
	('2021-11-02', 'MCT-15', 'Unoperation', 15037, NULL),
	('2021-11-02', 'MCT-21', 'Operation', 62201, NULL),
	('2021-11-02', 'MCT-21', 'Unoperation', 15295, NULL),
	('2021-11-02', '오면가공기', 'Operation', 62271, NULL),
	('2021-11-02', '오면가공기', 'Unoperation', 15173, NULL),
	('2021-11-02', 'F500/50', 'Non-Error', 62050, NULL),
	('2021-11-02', 'F500/50', 'Error', 7034, NULL),
	('2021-11-02', 'F650/50-1', 'Non-Error', 62018, NULL),
	('2021-11-02', 'F650/50-1', 'Error', 5789, NULL),
	('2021-11-02', 'F650/50-2', 'Non-Error', 62191, NULL),
	('2021-11-02', 'F650/50-2', 'Error', 3487, NULL),
	('2021-11-02', 'VX960M', 'Non-Error', 62166, NULL),
	('2021-11-02', 'VX960M', 'Error', 6955, NULL),
	('2021-11-02', 'MCT-15', 'Non-Error', 62243, NULL),
	('2021-11-02', 'MCT-15', 'Error', 5895, NULL),
	('2021-11-02', 'MCT-21', 'Non-Error', 62124, NULL),
	('2021-11-02', 'MCT-21', 'Error', 6966, NULL),
	('2021-11-02', '오면가공기', 'Non-Error', 62170, NULL),
	('2021-11-02', '오면가공기', 'Error', 8285, NULL),
	('2021-11-01', 'F500/50', 'Operation', 62014, NULL),
	('2021-11-01', 'F500/50', 'Unoperation', 15119, NULL),
	('2021-11-01', 'F650/50-1', 'Operation', 62253, NULL),
	('2021-11-01', 'F650/50-1', 'Unoperation', 15006, NULL),
	('2021-11-01', 'F650/50-2', 'Operation', 62174, NULL),
	('2021-11-01', 'F650/50-2', 'Unoperation', 15251, NULL),
	('2021-11-01', 'VX960M', 'Operation', 62133, NULL),
	('2021-11-01', 'VX960M', 'Unoperation', 15212, NULL),
	('2021-11-01', 'MCT-15', 'Operation', 62063, NULL),
	('2021-11-01', 'MCT-15', 'Unoperation', 15278, NULL),
	('2021-11-01', 'MCT-21', 'Operation', 62001, NULL),
	('2021-11-01', 'MCT-21', 'Unoperation', 15072, NULL),
	('2021-11-01', '오면가공기', 'Operation', 62059, NULL),
	('2021-11-01', '오면가공기', 'Unoperation', 15080, NULL),
	('2021-11-01', 'F500/50', 'Non-Error', 62225, NULL),
	('2021-11-01', 'F500/50', 'Error', 7282, NULL),
	('2021-11-01', 'F650/50-1', 'Non-Error', 62138, NULL),
	('2021-11-01', 'F650/50-1', 'Error', 5644, NULL),
	('2021-11-01', 'F650/50-2', 'Non-Error', 62005, NULL),
	('2021-11-01', 'F650/50-2', 'Error', 3594, NULL),
	('2021-11-01', 'VX960M', 'Non-Error', 62057, NULL),
	('2021-11-01', 'VX960M', 'Error', 6688, NULL),
	('2021-11-01', 'MCT-15', 'Non-Error', 62134, NULL),
	('2021-11-01', 'MCT-15', 'Error', 5856, NULL),
	('2021-11-01', 'MCT-21', 'Non-Error', 62250, NULL),
	('2021-11-01', 'MCT-21', 'Error', 6817, NULL),
	('2021-11-01', '오면가공기', 'Non-Error', 62246, NULL),
	('2021-11-01', '오면가공기', 'Error', 8213, NULL),
	('2021-10-31', 'F500/50', 'Operation', 62029, NULL),
	('2021-10-31', 'F500/50', 'Unoperation', 15106, NULL),
	('2021-10-31', 'F650/50-1', 'Operation', 62141, NULL),
	('2021-10-31', 'F650/50-1', 'Unoperation', 15090, NULL),
	('2021-10-31', 'F650/50-2', 'Operation', 62027, NULL),
	('2021-10-31', 'F650/50-2', 'Unoperation', 15164, NULL),
	('2021-10-31', 'VX960M', 'Operation', 62139, NULL),
	('2021-10-31', 'VX960M', 'Unoperation', 15206, NULL),
	('2021-10-31', 'MCT-15', 'Operation', 62011, NULL),
	('2021-10-31', 'MCT-15', 'Unoperation', 15039, NULL),
	('2021-10-31', 'MCT-21', 'Operation', 62164, NULL),
	('2021-10-31', 'MCT-21', 'Unoperation', 15101, NULL),
	('2021-10-31', '오면가공기', 'Operation', 62016, NULL),
	('2021-10-31', '오면가공기', 'Unoperation', 15077, NULL),
	('2021-10-31', 'F500/50', 'Non-Error', 62038, NULL),
	('2021-10-31', 'F500/50', 'Error', 7258, NULL),
	('2021-10-31', 'F650/50-1', 'Non-Error', 62279, NULL),
	('2021-10-31', 'F650/50-1', 'Error', 5518, NULL),
	('2021-10-31', 'F650/50-2', 'Non-Error', 62155, NULL),
	('2021-10-31', 'F650/50-2', 'Error', 3523, NULL),
	('2021-10-31', 'VX960M', 'Non-Error', 62150, NULL),
	('2021-10-31', 'VX960M', 'Error', 6767, NULL),
	('2021-10-31', 'MCT-15', 'Non-Error', 62252, NULL),
	('2021-10-31', 'MCT-15', 'Error', 5906, NULL),
	('2021-10-31', 'MCT-21', 'Non-Error', 62150, NULL),
	('2021-10-31', 'MCT-21', 'Error', 6766, NULL),
	('2021-10-31', '오면가공기', 'Non-Error', 62288, NULL),
	('2021-10-31', '오면가공기', 'Error', 8276, NULL),
	('2021-10-30', 'F500/50', 'Operation', 62219, NULL),
	('2021-10-30', 'F500/50', 'Unoperation', 15267, NULL),
	('2021-10-30', 'F650/50-1', 'Operation', 62080, NULL),
	('2021-10-30', 'F650/50-1', 'Unoperation', 15196, NULL),
	('2021-10-30', 'F650/50-2', 'Operation', 62144, NULL),
	('2021-10-30', 'F650/50-2', 'Unoperation', 15131, NULL),
	('2021-10-30', 'VX960M', 'Operation', 62224, NULL),
	('2021-10-30', 'VX960M', 'Unoperation', 15126, NULL),
	('2021-10-30', 'MCT-15', 'Operation', 62260, NULL),
	('2021-10-30', 'MCT-15', 'Unoperation', 15021, NULL),
	('2021-10-30', 'MCT-21', 'Operation', 62227, NULL),
	('2021-10-30', 'MCT-21', 'Unoperation', 15170, NULL),
	('2021-10-30', '오면가공기', 'Operation', 62172, NULL),
	('2021-10-30', '오면가공기', 'Unoperation', 15052, NULL),
	('2021-10-30', 'F500/50', 'Non-Error', 62041, NULL),
	('2021-10-30', 'F500/50', 'Error', 7050, NULL),
	('2021-10-30', 'F650/50-1', 'Non-Error', 62129, NULL),
	('2021-10-30', 'F650/50-1', 'Error', 5695, NULL),
	('2021-10-30', 'F650/50-2', 'Non-Error', 62287, NULL),
	('2021-10-30', 'F650/50-2', 'Error', 3650, NULL),
	('2021-10-30', 'VX960M', 'Non-Error', 62091, NULL),
	('2021-10-30', 'VX960M', 'Error', 6691, NULL),
	('2021-10-30', 'MCT-15', 'Non-Error', 62047, NULL),
	('2021-10-30', 'MCT-15', 'Error', 6010, NULL),
	('2021-10-30', 'MCT-21', 'Non-Error', 62086, NULL),
	('2021-10-30', 'MCT-21', 'Error', 6732, NULL),
	('2021-10-30', '오면가공기', 'Non-Error', 62013, NULL),
	('2021-10-30', '오면가공기', 'Error', 8202, NULL),
	('2021-10-29', 'F500/50', 'Operation', 62070, NULL),
	('2021-10-29', 'F500/50', 'Unoperation', 15048, NULL),
	('2021-10-29', 'F650/50-1', 'Operation', 62030, NULL),
	('2021-10-29', 'F650/50-1', 'Unoperation', 15007, NULL),
	('2021-10-29', 'F650/50-2', 'Operation', 62246, NULL),
	('2021-10-29', 'F650/50-2', 'Unoperation', 15007, NULL),
	('2021-10-29', 'VX960M', 'Operation', 62199, NULL),
	('2021-10-29', 'VX960M', 'Unoperation', 15076, NULL),
	('2021-10-29', 'MCT-15', 'Operation', 62081, NULL),
	('2021-10-29', 'MCT-15', 'Unoperation', 15179, NULL),
	('2021-10-29', 'MCT-21', 'Operation', 62050, NULL),
	('2021-10-29', 'MCT-21', 'Unoperation', 15017, NULL),
	('2021-10-29', '오면가공기', 'Operation', 62233, NULL),
	('2021-10-29', '오면가공기', 'Unoperation', 15214, NULL),
	('2021-10-29', 'F500/50', 'Non-Error', 62075, NULL),
	('2021-10-29', 'F500/50', 'Error', 7030, NULL),
	('2021-10-29', 'F650/50-1', 'Non-Error', 62225, NULL),
	('2021-10-29', 'F650/50-1', 'Error', 5635, NULL),
	('2021-10-29', 'F650/50-2', 'Non-Error', 62002, NULL),
	('2021-10-29', 'F650/50-2', 'Error', 3604, NULL),
	('2021-10-29', 'VX960M', 'Non-Error', 62117, NULL),
	('2021-10-29', 'VX960M', 'Error', 6961, NULL),
	('2021-10-29', 'MCT-15', 'Non-Error', 62120, NULL),
	('2021-10-29', 'MCT-15', 'Error', 5861, NULL),
	('2021-10-29', 'MCT-21', 'Non-Error', 62022, NULL),
	('2021-10-29', 'MCT-21', 'Error', 6858, NULL),
	('2021-10-29', '오면가공기', 'Non-Error', 62237, NULL),
	('2021-10-29', '오면가공기', 'Error', 8047, NULL),
	('2022-01-13', '오면가공기', '프로그램 셋업', 1, NULL),
	('2022-01-24', 'F500/50', 'Unoperation', 20000, NULL),
	('2022-01-24', 'F500/50', '프로그램 셋업', 500, '');
/*!40000 ALTER TABLE `dayofcnt` ENABLE KEYS */;

-- 테이블 dg.def_authority_list 구조 내보내기
DROP TABLE IF EXISTS `def_authority_list`;
CREATE TABLE IF NOT EXISTS `def_authority_list` (
  `AuthorityLocation` varchar(45) NOT NULL COMMENT '권한 주소',
  PRIMARY KEY (`AuthorityLocation`)
) ENGINE=InnoDB DEFAULT CHARSET=utf8 COMMENT='권한 주소';

-- 테이블 데이터 dg.def_authority_list:~3 rows (대략적) 내보내기
/*!40000 ALTER TABLE `def_authority_list` DISABLE KEYS */;
INSERT INTO `def_authority_list` (`AuthorityLocation`) VALUES
	('All'),
	('권한 설정'),
	('버튼 누르기');
/*!40000 ALTER TABLE `def_authority_list` ENABLE KEYS */;

-- 테이블 dg.def_authority_login 구조 내보내기
DROP TABLE IF EXISTS `def_authority_login`;
CREATE TABLE IF NOT EXISTS `def_authority_login` (
  `LogData` varchar(45) NOT NULL COMMENT '접속기록 정보',
  PRIMARY KEY (`LogData`)
) ENGINE=InnoDB DEFAULT CHARSET=utf8;

-- 테이블 데이터 dg.def_authority_login:~6 rows (대략적) 내보내기
/*!40000 ALTER TABLE `def_authority_login` DISABLE KEYS */;
INSERT INTO `def_authority_login` (`LogData`) VALUES
	('Disable'),
	('LogIn'),
	('LogOut'),
	('LogTry'),
	('PassWordChange'),
	('SignUp');
/*!40000 ALTER TABLE `def_authority_login` ENABLE KEYS */;

-- 테이블 dg.def_authority_main 구조 내보내기
DROP TABLE IF EXISTS `def_authority_main`;
CREATE TABLE IF NOT EXISTS `def_authority_main` (
  `AuthorityName` varchar(45) NOT NULL COMMENT '권한 명',
  PRIMARY KEY (`AuthorityName`)
) ENGINE=InnoDB DEFAULT CHARSET=utf8 COMMENT='권한';

-- 테이블 데이터 dg.def_authority_main:~3 rows (대략적) 내보내기
/*!40000 ALTER TABLE `def_authority_main` DISABLE KEYS */;
INSERT INTO `def_authority_main` (`AuthorityName`) VALUES
	('Admin'),
	('Disable'),
	('User');
/*!40000 ALTER TABLE `def_authority_main` ENABLE KEYS */;

-- 테이블 dg.def_customer_group 구조 내보내기
DROP TABLE IF EXISTS `def_customer_group`;
CREATE TABLE IF NOT EXISTS `def_customer_group` (
  `CustomerGroup` varchar(45) NOT NULL COMMENT '고객사 그룹',
  PRIMARY KEY (`CustomerGroup`)
) ENGINE=InnoDB DEFAULT CHARSET=utf8 COMMENT='고객사 그룹';

-- 테이블 데이터 dg.def_customer_group:~2 rows (대략적) 내보내기
/*!40000 ALTER TABLE `def_customer_group` DISABLE KEYS */;
INSERT INTO `def_customer_group` (`CustomerGroup`) VALUES
	('매입처'),
	('매출처');
/*!40000 ALTER TABLE `def_customer_group` ENABLE KEYS */;

-- 테이블 dg.def_fair 구조 내보내기
DROP TABLE IF EXISTS `def_fair`;
CREATE TABLE IF NOT EXISTS `def_fair` (
  `FairNo` int(11) NOT NULL AUTO_INCREMENT COMMENT '공정 고유번호',
  `FairName` varchar(45) NOT NULL COMMENT '공정 명',
  `FairSort` int(11) NOT NULL DEFAULT 0 COMMENT '공정 순서',
  `FairColor` int(11) NOT NULL DEFAULT 0 COMMENT '공정색상(frgb)',
  `FairGroup` varchar(45) DEFAULT NULL COMMENT '공정 그룹',
  `FairReal` varchar(45) DEFAULT NULL COMMENT '공정 타입',
  PRIMARY KEY (`FairNo`),
  KEY `FiarGroup` (`FairGroup`),
  KEY `FairReal` (`FairReal`),
  CONSTRAINT `FK_def_fair_def_fair_group` FOREIGN KEY (`FairGroup`) REFERENCES `def_fair_group` (`fairGroup`),
  CONSTRAINT `FK_def_fair_def_work_process` FOREIGN KEY (`FairReal`) REFERENCES `def_work_process` (`fairReal`) ON DELETE CASCADE ON UPDATE CASCADE
) ENGINE=InnoDB AUTO_INCREMENT=14 DEFAULT CHARSET=utf8;

-- 테이블 데이터 dg.def_fair:~4 rows (대략적) 내보내기
/*!40000 ALTER TABLE `def_fair` DISABLE KEYS */;
INSERT INTO `def_fair` (`FairNo`, `FairName`, `FairSort`, `FairColor`, `FairGroup`, `FairReal`) VALUES
	(10, '가공', 1, -4144960, '생산 공정', '가공'),
	(11, '사상', 3, 0, '생산 공정', '사상'),
	(12, '방전', 2, 0, '생산 공정', '방전'),
	(13, '조립', 4, 0, '생산 공정', '조립');
/*!40000 ALTER TABLE `def_fair` ENABLE KEYS */;

-- 테이블 dg.def_fair_group 구조 내보내기
DROP TABLE IF EXISTS `def_fair_group`;
CREATE TABLE IF NOT EXISTS `def_fair_group` (
  `fairGroup` varchar(45) NOT NULL COMMENT '공정 그룹',
  PRIMARY KEY (`fairGroup`)
) ENGINE=InnoDB DEFAULT CHARSET=utf8;

-- 테이블 데이터 dg.def_fair_group:~2 rows (대략적) 내보내기
/*!40000 ALTER TABLE `def_fair_group` DISABLE KEYS */;
INSERT INTO `def_fair_group` (`fairGroup`) VALUES
	('생산 공정'),
	('출하 공정');
/*!40000 ALTER TABLE `def_fair_group` ENABLE KEYS */;

-- 테이블 dg.def_machine_type 구조 내보내기
DROP TABLE IF EXISTS `def_machine_type`;
CREATE TABLE IF NOT EXISTS `def_machine_type` (
  `MachineType` varchar(45) NOT NULL COMMENT '장비 타입',
  PRIMARY KEY (`MachineType`)
) ENGINE=InnoDB DEFAULT CHARSET=utf8 COMMENT='장비 타입';

-- 테이블 데이터 dg.def_machine_type:~7 rows (대략적) 내보내기
/*!40000 ALTER TABLE `def_machine_type` DISABLE KEYS */;
INSERT INTO `def_machine_type` (`MachineType`) VALUES
	('CNC선반'),
	('Kiosk'),
	('MCT'),
	('가공기'),
	('사출기'),
	('탭핑머신'),
	('호핑머신');
/*!40000 ALTER TABLE `def_machine_type` ENABLE KEYS */;

-- 테이블 dg.def_order_state 구조 내보내기
DROP TABLE IF EXISTS `def_order_state`;
CREATE TABLE IF NOT EXISTS `def_order_state` (
  `OrderStateName` varchar(45) NOT NULL COMMENT '수주 상태 명',
  PRIMARY KEY (`OrderStateName`)
) ENGINE=InnoDB DEFAULT CHARSET=utf8 COMMENT='수주상태 (Def)';

-- 테이블 데이터 dg.def_order_state:~6 rows (대략적) 내보내기
/*!40000 ALTER TABLE `def_order_state` DISABLE KEYS */;
INSERT INTO `def_order_state` (`OrderStateName`) VALUES
	('1'),
	('2'),
	('3'),
	('4'),
	('5'),
	('6');
/*!40000 ALTER TABLE `def_order_state` ENABLE KEYS */;

-- 테이블 dg.def_product_type 구조 내보내기
DROP TABLE IF EXISTS `def_product_type`;
CREATE TABLE IF NOT EXISTS `def_product_type` (
  `ProductType` varchar(45) NOT NULL COMMENT '품목 타입 (외주, 자체)',
  PRIMARY KEY (`ProductType`)
) ENGINE=InnoDB DEFAULT CHARSET=utf8;

-- 테이블 데이터 dg.def_product_type:~2 rows (대략적) 내보내기
/*!40000 ALTER TABLE `def_product_type` DISABLE KEYS */;
INSERT INTO `def_product_type` (`ProductType`) VALUES
	('외주 제작'),
	('자체 제작');
/*!40000 ALTER TABLE `def_product_type` ENABLE KEYS */;

-- 테이블 dg.def_rank 구조 내보내기
DROP TABLE IF EXISTS `def_rank`;
CREATE TABLE IF NOT EXISTS `def_rank` (
  `RankName` varchar(45) NOT NULL COMMENT '직급 명',
  PRIMARY KEY (`RankName`)
) ENGINE=InnoDB DEFAULT CHARSET=utf8 COMMENT='직급 명';

-- 테이블 데이터 dg.def_rank:~12 rows (대략적) 내보내기
/*!40000 ALTER TABLE `def_rank` DISABLE KEYS */;
INSERT INTO `def_rank` (`RankName`) VALUES
	('과장'),
	('관리자'),
	('대리'),
	('대표 이사'),
	('반장'),
	('부장'),
	('사원'),
	('사원T'),
	('실장'),
	('이사'),
	('주임'),
	('차장');
/*!40000 ALTER TABLE `def_rank` ENABLE KEYS */;

-- 테이블 dg.def_repair 구조 내보내기
DROP TABLE IF EXISTS `def_repair`;
CREATE TABLE IF NOT EXISTS `def_repair` (
  `RepairNo` int(11) NOT NULL AUTO_INCREMENT COMMENT '고유번호',
  `RepairName` varchar(50) DEFAULT NULL COMMENT '점검명',
  PRIMARY KEY (`RepairNo`)
) ENGINE=InnoDB AUTO_INCREMENT=12 DEFAULT CHARSET=utf8 COMMENT='점검명';

-- 테이블 데이터 dg.def_repair:~10 rows (대략적) 내보내기
/*!40000 ALTER TABLE `def_repair` DISABLE KEYS */;
INSERT INTO `def_repair` (`RepairNo`, `RepairName`) VALUES
	(1, '공압 안전범위 확인'),
	(2, '하부 절삭유 누수 확인'),
	(3, '절삭 부산물 확인'),
	(4, '절삭유 여분 확인'),
	(5, '전압 상태 확인'),
	(6, '안전장치_보호구 착용 여부 확인'),
	(8, '흡기 벨브 확인'),
	(9, '우산 챙겼는지 확인'),
	(10, '화재_소화기 유무 확인'),
	(11, '화재_소화기 상태 확인');
/*!40000 ALTER TABLE `def_repair` ENABLE KEYS */;

-- 테이블 dg.def_unit 구조 내보내기
DROP TABLE IF EXISTS `def_unit`;
CREATE TABLE IF NOT EXISTS `def_unit` (
  `unit` varchar(50) NOT NULL DEFAULT '' COMMENT '단위명',
  PRIMARY KEY (`unit`)
) ENGINE=InnoDB DEFAULT CHARSET=utf8;

-- 테이블 데이터 dg.def_unit:~3 rows (대략적) 내보내기
/*!40000 ALTER TABLE `def_unit` DISABLE KEYS */;
INSERT INTO `def_unit` (`unit`) VALUES
	('(미지정)'),
	('EA'),
	('Kg');
/*!40000 ALTER TABLE `def_unit` ENABLE KEYS */;

-- 테이블 dg.def_work_process 구조 내보내기
DROP TABLE IF EXISTS `def_work_process`;
CREATE TABLE IF NOT EXISTS `def_work_process` (
  `fairReal` varchar(50) NOT NULL COMMENT '공정명',
  PRIMARY KEY (`fairReal`)
) ENGINE=InnoDB DEFAULT CHARSET=utf8;

-- 테이블 데이터 dg.def_work_process:~4 rows (대략적) 내보내기
/*!40000 ALTER TABLE `def_work_process` DISABLE KEYS */;
INSERT INTO `def_work_process` (`fairReal`) VALUES
	('가공'),
	('방전'),
	('사상'),
	('조립');
/*!40000 ALTER TABLE `def_work_process` ENABLE KEYS */;

-- 테이블 dg.def_work_process_state 구조 내보내기
DROP TABLE IF EXISTS `def_work_process_state`;
CREATE TABLE IF NOT EXISTS `def_work_process_state` (
  `WorkProcessStateName` varchar(45) NOT NULL COMMENT '작업공정 상태',
  PRIMARY KEY (`WorkProcessStateName`)
) ENGINE=InnoDB DEFAULT CHARSET=utf8 COMMENT='작업공정 상태(Def)';

-- 테이블 데이터 dg.def_work_process_state:~6 rows (대략적) 내보내기
/*!40000 ALTER TABLE `def_work_process_state` DISABLE KEYS */;
INSERT INTO `def_work_process_state` (`WorkProcessStateName`) VALUES
	('0'),
	('1'),
	('2'),
	('3'),
	('4'),
	('5');
/*!40000 ALTER TABLE `def_work_process_state` ENABLE KEYS */;

-- 테이블 dg.label_data 구조 내보내기
DROP TABLE IF EXISTS `label_data`;
CREATE TABLE IF NOT EXISTS `label_data` (
  `LabelNo` int(11) NOT NULL AUTO_INCREMENT COMMENT '고유번호',
  `LabelCount` int(11) NOT NULL COMMENT '라벨인쇄수량',
  `LabelStartTime` datetime DEFAULT NULL COMMENT '라벨인쇄시작시작',
  `LabelEndTime` datetime DEFAULT NULL COMMENT '라벨인쇄종료시간',
  `TimeLag` int(11) DEFAULT NULL COMMENT '시간차',
  PRIMARY KEY (`LabelNo`)
) ENGINE=InnoDB AUTO_INCREMENT=21 DEFAULT CHARSET=utf8;

-- 테이블 데이터 dg.label_data:~15 rows (대략적) 내보내기
/*!40000 ALTER TABLE `label_data` DISABLE KEYS */;
INSERT INTO `label_data` (`LabelNo`, `LabelCount`, `LabelStartTime`, `LabelEndTime`, `TimeLag`) VALUES
	(1, 4, '2021-03-22 11:09:59', '2021-03-22 11:10:12', 1150),
	(2, 124, '2021-10-26 11:13:42', '2021-10-26 11:14:02', 1021),
	(3, 251, '2021-03-22 11:20:00', '2021-03-22 11:38:13', 1118),
	(4, 320, '2021-10-26 11:21:30', '2021-10-26 11:31:22', 20),
	(5, 122, '2021-10-26 11:32:17', '2021-10-26 11:32:37', 20),
	(6, 45, '2021-10-26 11:22:12', '2021-10-26 11:32:47', 35),
	(7, 63, '2021-10-26 11:51:34', '2021-10-26 11:52:40', 66),
	(8, 7, '2021-10-26 11:54:18', '2021-10-26 11:55:24', 66),
	(9, 4, '2021-10-26 11:55:36', '2021-10-26 11:35:47', 1300),
	(12, 4, '2021-10-26 11:36:53', '2021-10-26 11:37:43', 50),
	(13, 6, '2021-10-26 17:32:43', '2021-10-26 17:32:51', 8),
	(14, 9, '2021-10-26 17:32:59', '2021-10-26 17:33:06', 7),
	(15, 7, '2021-10-26 17:33:15', '2021-10-26 17:33:23', 8),
	(17, 32, '2021-10-26 17:33:47', '2021-10-26 17:33:54', 7),
	(20, 4, '2021-03-22 13:30:21', '2021-03-22 13:30:51', 1100);
/*!40000 ALTER TABLE `label_data` ENABLE KEYS */;

-- 테이블 dg.machine 구조 내보내기
DROP TABLE IF EXISTS `machine`;
CREATE TABLE IF NOT EXISTS `machine` (
  `MachineNo` int(11) NOT NULL AUTO_INCREMENT COMMENT '고유번호',
  `MachineName` varchar(50) NOT NULL COMMENT '설비명칭',
  `MachineType` varchar(50) NOT NULL COMMENT '설비타입',
  `MachineManagementNo` varchar(50) DEFAULT NULL COMMENT '모델명',
  `MachineCompany` varchar(50) DEFAULT NULL COMMENT '제조사',
  `MachineDayDate` varchar(50) DEFAULT NULL COMMENT '구매(생산년도)',
  `MachineManager` varchar(50) DEFAULT NULL COMMENT '관리자(정)',
  `MachineLocation` varchar(50) DEFAULT NULL COMMENT '배정위치',
  `MachineNote` varchar(50) DEFAULT NULL COMMENT '특이사항',
  `MachineETC` varchar(50) DEFAULT NULL COMMENT '비고',
  PRIMARY KEY (`MachineNo`),
  KEY `MachineType` (`MachineType`),
  KEY `MachineName` (`MachineName`),
  CONSTRAINT `FK_machine_MachineType_def_machine_type_MachineType` FOREIGN KEY (`MachineType`) REFERENCES `def_machine_type` (`MachineType`) ON DELETE CASCADE ON UPDATE CASCADE
) ENGINE=InnoDB AUTO_INCREMENT=36 DEFAULT CHARSET=utf8;

-- 테이블 데이터 dg.machine:~13 rows (대략적) 내보내기
/*!40000 ALTER TABLE `machine` DISABLE KEYS */;
INSERT INTO `machine` (`MachineNo`, `MachineName`, `MachineType`, `MachineManagementNo`, `MachineCompany`, `MachineDayDate`, `MachineManager`, `MachineLocation`, `MachineNote`, `MachineETC`) VALUES
	(1, 'F500/50', '가공기', 'DG-M-001\r\n', '위아', NULL, NULL, NULL, 'BT50\r\n\r\n\r\n\r\n\r\n\r\n\r\n\r\n\r\n\r\n\r\n\r\n\r\n', NULL),
	(2, 'F650/50-1', 'CNC선반', 'DG-M-002', '위아', NULL, NULL, NULL, 'BT50\r\n\r\n\r\n\r\n\r\n\r\n\r\n\r\n\r\n\r\n\r\n\r\n\r\n', NULL),
	(3, 'F650/50-2', 'CNC선반', 'DG-M-003\r\n', '위아', NULL, NULL, NULL, 'BT50\r\n\r\n\r\n\r\n\r\n\r\n\r\n\r\n\r\n\r\n\r\n\r\n\r\n', NULL),
	(4, 'VX960M', '사출기', 'DG-M-004\r\n', '위아', NULL, NULL, NULL, 'BT50\r\n\r\n\r\n\r\n\r\n\r\n\r\n\r\n\r\n\r\n\r\n\r\n\r\n', NULL),
	(5, 'MCT-15', 'MCT', 'DG-M-005\r\n', '하트포드\r\n', NULL, NULL, NULL, 'BT50\r\n\r\n\r\n\r\n\r\n\r\n\r\n\r\n\r\n\r\n\r\n\r\n\r\n', NULL),
	(6, 'MCT-21', 'MCT', 'DG-M-006\r\n', '하트포드\r\n', NULL, NULL, NULL, 'BT50\r\n\r\n\r\n\r\n\r\n\r\n\r\n\r\n\r\n\r\n\r\n\r\n\r\n', NULL),
	(7, '오면가공기', 'CNC선반', 'DG-M-007\r\n', '두산\r\n', NULL, NULL, NULL, 'BT50\r\n\r\n\r\n\r\n\r\n\r\n\r\n\r\n\r\n\r\n\r\n\r\n\r\n', NULL),
	(8, 'NSM-T', 'CNC선반', 'DG-M-008', '위아', NULL, NULL, NULL, 'BT50\r\n\r\n\r\n\r\n\r\n\r\n\r\n\r\n\r\n\r\n\r\n\r\n\r\n', '2대 보유'),
	(9, '범용 밀링 6호기', 'CNC선반', 'DG-M-009', '봉신', NULL, NULL, NULL, 'BT50\r\n\r\n\r\n\r\n\r\n\r\n\r\n\r\n\r\n\r\n\r\n\r\n\r\n', NULL),
	(10, '선반 6자', 'CNC선반', 'DG-M-010', '위아', NULL, NULL, NULL, 'BT50\r\n\r\n\r\n\r\n\r\n\r\n\r\n\r\n\r\n\r\n\r\n\r\n\r\n', NULL),
	(11, '레디알 머시인', 'Kiosk', 'DG-M-011', '두산', NULL, NULL, NULL, 'BT50\r\n\r\n\r\n\r\n\r\n\r\n\r\n\r\n\r\n\r\n\r\n\r\n\r\n', NULL),
	(12, 'CNC 선반', 'CNC선반', 'DG-M-012', NULL, NULL, NULL, NULL, 'BT50\r\n\r\n\r\n\r\n\r\n\r\n\r\n\r\n\r\n\r\n\r\n\r\n\r\n', NULL),
	(13, 'CNC 선반', 'CNC선반', 'DG-M-013', NULL, NULL, NULL, NULL, 'BT50\r\n\r\n\r\n\r\n\r\n\r\n\r\n\r\n\r\n\r\n\r\n\r\n\r\n', NULL);
/*!40000 ALTER TABLE `machine` ENABLE KEYS */;

-- 테이블 dg.machine_data 구조 내보내기
DROP TABLE IF EXISTS `machine_data`;
CREATE TABLE IF NOT EXISTS `machine_data` (
  `MachineNo` int(11) NOT NULL AUTO_INCREMENT COMMENT '장비데이터 고유번호',
  `MachineValue` varchar(50) NOT NULL DEFAULT '0' COMMENT '장비 가동/비가동',
  `MachineTime` datetime NOT NULL DEFAULT current_timestamp() COMMENT '장비 데이터 시간',
  `MachineNumber` varchar(70) NOT NULL COMMENT '장비 이름',
  PRIMARY KEY (`MachineNo`),
  KEY `MachineName` (`MachineNumber`),
  CONSTRAINT `FK_machine_data_machine` FOREIGN KEY (`MachineNumber`) REFERENCES `machine` (`MachineName`) ON DELETE CASCADE ON UPDATE CASCADE
) ENGINE=InnoDB AUTO_INCREMENT=2176 DEFAULT CHARSET=utf8;

-- 테이블 데이터 dg.machine_data:~2,170 rows (대략적) 내보내기
/*!40000 ALTER TABLE `machine_data` DISABLE KEYS */;
INSERT INTO `machine_data` (`MachineNo`, `MachineValue`, `MachineTime`, `MachineNumber`) VALUES
	(1, 'Unoperation', '2021-04-15 10:17:56', 'F650/50-2'),
	(2, 'Operation', '2021-04-15 10:17:57', 'VX960M'),
	(3, 'Operation', '2021-04-15 10:17:57', 'MCT-15'),
	(4, 'Unoperation', '2021-04-15 10:17:58', 'F650/50-1'),
	(5, 'Unoperation', '2021-04-15 10:18:02', 'F500/50'),
	(6, 'Unoperation', '2021-04-15 10:18:04', 'F650/50-2'),
	(7, 'Operation', '2021-04-15 10:18:05', 'VX960M'),
	(8, 'Unoperation', '2021-04-15 10:18:05', 'MCT-15'),
	(9, 'Unoperation', '2021-04-15 10:18:06', 'F650/50-1'),
	(10, 'Unoperation', '2021-04-15 10:18:10', 'F500/50'),
	(11, 'Unoperation', '2021-04-15 10:18:11', 'F650/50-2'),
	(12, 'Operation', '2021-04-15 10:18:13', 'VX960M'),
	(13, 'Operation', '2021-04-15 10:18:13', 'MCT-15'),
	(14, 'Unoperation', '2021-04-15 10:18:13', 'F650/50-1'),
	(15, 'Unoperation', '2021-04-15 10:18:18', 'F500/50'),
	(16, 'Unoperation', '2021-04-15 10:18:19', 'F650/50-2'),
	(17, 'Operation', '2021-04-15 10:18:20', 'VX960M'),
	(18, 'Operation', '2021-04-15 10:18:21', 'MCT-15'),
	(19, 'Unoperation', '2021-04-15 10:18:21', 'F650/50-1'),
	(20, 'Unoperation', '2021-04-15 10:18:25', 'F500/50'),
	(21, 'Unoperation', '2021-04-15 10:18:27', 'F650/50-2'),
	(22, 'Operation', '2021-04-15 10:18:28', 'VX960M'),
	(23, 'Operation', '2021-04-15 10:18:28', 'MCT-15'),
	(24, 'Unoperation', '2021-04-15 10:18:29', 'F650/50-1'),
	(25, 'Unoperation', '2021-04-15 10:18:33', 'F500/50'),
	(26, 'Unoperation', '2021-04-15 10:18:35', 'F650/50-2'),
	(27, 'Operation', '2021-04-15 10:18:36', 'VX960M'),
	(28, 'Operation', '2021-04-15 10:18:36', 'MCT-15'),
	(29, 'Unoperation', '2021-04-15 10:18:37', 'F650/50-1'),
	(30, 'Unoperation', '2021-04-15 10:18:41', 'F500/50'),
	(31, 'Unoperation', '2021-04-15 10:18:42', 'F650/50-2'),
	(32, 'Operation', '2021-04-15 10:18:44', 'VX960M'),
	(33, 'Operation', '2021-04-15 10:18:44', 'MCT-15'),
	(34, 'Unoperation', '2021-04-15 10:18:44', 'F650/50-1'),
	(35, 'Unoperation', '2021-04-15 10:18:49', 'F500/50'),
	(36, 'Unoperation', '2021-04-15 10:18:50', 'F650/50-2'),
	(37, 'Operation', '2021-04-15 10:18:51', 'VX960M'),
	(38, 'Operation', '2021-04-15 10:18:52', 'MCT-15'),
	(39, 'Unoperation', '2021-04-15 10:18:52', 'F650/50-1'),
	(40, 'Unoperation', '2021-04-15 10:18:56', 'F500/50'),
	(41, 'Unoperation', '2021-04-15 10:18:58', 'F650/50-2'),
	(42, 'Operation', '2021-04-15 10:18:59', 'VX960M'),
	(43, 'Operation', '2021-04-15 10:18:59', 'MCT-15'),
	(44, 'Operation', '2021-04-15 10:19:00', 'F650/50-1'),
	(45, 'Unoperation', '2021-04-15 10:19:04', 'F500/50'),
	(46, 'Unoperation', '2021-04-15 10:19:06', 'F650/50-2'),
	(47, 'Operation', '2021-04-15 10:19:07', 'VX960M'),
	(48, 'Operation', '2021-04-15 10:19:07', 'MCT-15'),
	(49, 'Operation', '2021-04-15 10:19:08', 'F650/50-1'),
	(50, 'Unoperation', '2021-04-15 10:19:12', 'F500/50'),
	(51, 'Unoperation', '2021-04-15 10:19:14', 'F650/50-2'),
	(52, 'Operation', '2021-04-15 10:19:15', 'VX960M'),
	(53, 'Operation', '2021-04-15 10:19:15', 'MCT-15'),
	(54, 'Unoperation', '2021-04-15 10:19:15', 'F650/50-1'),
	(55, 'Unoperation', '2021-04-15 10:19:20', 'F500/50'),
	(56, 'Unoperation', '2021-04-15 10:19:21', 'F650/50-2'),
	(57, 'Operation', '2021-04-15 10:19:23', 'VX960M'),
	(58, 'Operation', '2021-04-15 10:19:23', 'MCT-15'),
	(59, 'Unoperation', '2021-04-15 10:19:23', 'F650/50-1'),
	(60, 'Unoperation', '2021-04-15 10:19:27', 'F500/50'),
	(61, 'Unoperation', '2021-04-15 10:19:29', 'F650/50-2'),
	(62, 'Operation', '2021-04-15 10:19:30', 'VX960M'),
	(63, 'Operation', '2021-04-15 10:19:31', 'MCT-15'),
	(64, 'Unoperation', '2021-04-15 10:19:31', 'F650/50-1'),
	(65, 'Unoperation', '2021-04-15 10:19:35', 'F500/50'),
	(66, 'Unoperation', '2021-04-15 10:19:37', 'F650/50-2'),
	(67, 'Operation', '2021-04-15 10:19:38', 'VX960M'),
	(68, 'Operation', '2021-04-15 10:19:38', 'MCT-15'),
	(69, 'Unoperation', '2021-04-15 10:19:39', 'F650/50-1'),
	(70, 'Unoperation', '2021-04-15 10:19:43', 'F500/50'),
	(71, 'Unoperation', '2021-04-15 10:19:45', 'F650/50-2'),
	(72, 'Operation', '2021-04-15 10:19:46', 'VX960M'),
	(73, 'Operation', '2021-04-15 10:19:46', 'MCT-15'),
	(74, 'Unoperation', '2021-04-15 10:19:47', 'F650/50-1'),
	(75, 'Unoperation', '2021-04-15 10:19:51', 'F500/50'),
	(76, 'Unoperation', '2021-04-15 10:19:52', 'F650/50-2'),
	(77, 'Operation', '2021-04-15 10:19:54', 'VX960M'),
	(78, 'Operation', '2021-04-15 10:19:54', 'MCT-15'),
	(79, 'Unoperation', '2021-04-15 10:19:54', 'F650/50-1'),
	(80, 'Unoperation', '2021-04-15 10:19:59', 'F500/50'),
	(81, 'Unoperation', '2021-04-15 10:20:00', 'F650/50-2'),
	(82, 'Operation', '2021-04-15 10:20:01', 'VX960M'),
	(83, 'Operation', '2021-04-15 10:20:02', 'MCT-15'),
	(84, 'Unoperation', '2021-04-15 10:20:02', 'F650/50-1'),
	(85, 'Unoperation', '2021-04-15 10:20:06', 'F500/50'),
	(86, 'Unoperation', '2021-04-15 10:20:08', 'F650/50-2'),
	(87, 'Operation', '2021-04-15 10:20:09', 'VX960M'),
	(88, 'Operation', '2021-04-15 10:20:10', 'MCT-15'),
	(89, 'Unoperation', '2021-04-15 10:20:10', 'F650/50-1'),
	(90, 'Unoperation', '2021-04-15 10:20:14', 'F500/50'),
	(91, 'Unoperation', '2021-04-15 10:20:16', 'F650/50-2'),
	(92, 'Operation', '2021-04-15 10:20:17', 'VX960M'),
	(93, 'Operation', '2021-04-15 10:20:17', 'MCT-15'),
	(94, 'Unoperation', '2021-04-15 10:20:18', 'F650/50-1'),
	(95, 'Unoperation', '2021-04-15 10:20:22', 'F500/50'),
	(96, 'Unoperation', '2021-04-15 10:20:24', 'F650/50-2'),
	(97, 'Operation', '2021-04-15 10:20:25', 'VX960M'),
	(98, 'Operation', '2021-04-15 10:20:25', 'MCT-15'),
	(99, 'Operation', '2021-04-15 10:20:25', 'F650/50-1'),
	(100, 'Unoperation', '2021-04-15 10:20:30', 'F500/50'),
	(101, 'Unoperation', '2021-04-15 10:20:31', 'F650/50-2'),
	(102, 'Operation', '2021-04-15 10:20:33', 'VX960M'),
	(103, 'Operation', '2021-04-15 10:20:33', 'MCT-15'),
	(104, 'Operation', '2021-04-15 10:20:33', 'F650/50-1'),
	(105, 'Unoperation', '2021-04-15 10:20:37', 'F500/50'),
	(106, 'Unoperation', '2021-04-15 10:20:39', 'F650/50-2'),
	(107, 'Operation', '2021-04-15 10:20:40', 'VX960M'),
	(108, 'Operation', '2021-04-15 10:20:41', 'MCT-15'),
	(109, 'Unoperation', '2021-04-15 10:20:41', 'F650/50-1'),
	(110, 'Unoperation', '2021-04-15 10:20:45', 'F500/50'),
	(111, 'Unoperation', '2021-04-15 10:20:47', 'F650/50-2'),
	(112, 'Operation', '2021-04-15 10:20:48', 'VX960M'),
	(113, 'Operation', '2021-04-15 10:20:48', 'MCT-15'),
	(114, 'Unoperation', '2021-04-15 10:20:49', 'F650/50-1'),
	(115, 'Unoperation', '2021-04-15 10:20:53', 'F500/50'),
	(116, 'Unoperation', '2021-04-15 10:20:55', 'F650/50-2'),
	(117, 'Operation', '2021-04-15 10:20:56', 'VX960M'),
	(118, 'Operation', '2021-04-15 10:20:56', 'MCT-15'),
	(119, 'Unoperation', '2021-04-15 10:20:57', 'F650/50-1'),
	(120, 'Unoperation', '2021-04-15 10:21:01', 'F500/50'),
	(121, 'Unoperation', '2021-04-15 10:21:02', 'F650/50-2'),
	(122, 'Operation', '2021-04-15 10:21:04', 'VX960M'),
	(123, 'Operation', '2021-04-15 10:21:04', 'MCT-15'),
	(124, 'Unoperation', '2021-04-15 10:21:04', 'F650/50-1'),
	(125, 'Unoperation', '2021-04-15 10:21:08', 'F500/50'),
	(126, 'Unoperation', '2021-04-15 10:21:10', 'F650/50-2'),
	(127, 'Operation', '2021-04-15 10:21:11', 'VX960M'),
	(128, 'Operation', '2021-04-15 10:21:12', 'MCT-15'),
	(129, 'Unoperation', '2021-04-15 10:21:12', 'F650/50-1'),
	(130, 'Unoperation', '2021-04-15 10:21:16', 'F500/50'),
	(131, 'Unoperation', '2021-04-15 10:21:18', 'F650/50-2'),
	(132, 'Operation', '2021-04-15 10:21:19', 'VX960M'),
	(133, 'Operation', '2021-04-15 10:21:20', 'MCT-15'),
	(134, 'Unoperation', '2021-04-15 10:21:20', 'F650/50-1'),
	(135, 'Unoperation', '2021-04-15 10:21:24', 'F500/50'),
	(136, 'Unoperation', '2021-04-15 10:21:26', 'F650/50-2'),
	(137, 'Operation', '2021-04-15 10:21:27', 'VX960M'),
	(138, 'Operation', '2021-04-15 10:21:27', 'MCT-15'),
	(139, 'Unoperation', '2021-04-15 10:21:28', 'F650/50-1'),
	(140, 'Unoperation', '2021-04-15 10:21:32', 'F500/50'),
	(141, 'Unoperation', '2021-04-15 10:21:34', 'F650/50-2'),
	(142, 'Operation', '2021-04-15 10:21:35', 'VX960M'),
	(143, 'Operation', '2021-04-15 10:21:35', 'MCT-15'),
	(144, 'Unoperation', '2021-04-15 10:21:35', 'F650/50-1'),
	(145, 'Unoperation', '2021-04-15 10:21:40', 'F500/50'),
	(146, 'Unoperation', '2021-04-15 10:21:41', 'F650/50-2'),
	(147, 'Operation', '2021-04-15 10:21:43', 'VX960M'),
	(148, 'Operation', '2021-04-15 10:21:43', 'MCT-15'),
	(149, 'Unoperation', '2021-04-15 10:21:43', 'F650/50-1'),
	(150, 'Unoperation', '2021-04-15 10:21:47', 'F500/50'),
	(151, 'Unoperation', '2021-04-15 10:21:49', 'F650/50-2'),
	(152, 'Operation', '2021-04-15 10:21:50', 'VX960M'),
	(153, 'Operation', '2021-04-15 10:21:51', 'MCT-15'),
	(154, 'Unoperation', '2021-04-15 10:21:51', 'F650/50-1'),
	(155, 'Unoperation', '2021-04-15 10:21:55', 'F500/50'),
	(156, 'Unoperation', '2021-04-15 10:21:57', 'F650/50-2'),
	(157, 'Operation', '2021-04-15 10:21:58', 'VX960M'),
	(158, 'Operation', '2021-04-15 10:21:58', 'MCT-15'),
	(159, 'Unoperation', '2021-04-15 10:21:59', 'F650/50-1'),
	(160, 'Unoperation', '2021-04-15 10:22:03', 'F500/50'),
	(161, 'Unoperation', '2021-04-15 10:22:05', 'F650/50-2'),
	(162, 'Operation', '2021-04-15 10:22:06', 'VX960M'),
	(163, 'Operation', '2021-04-15 10:22:06', 'MCT-15'),
	(164, 'Unoperation', '2021-04-15 10:22:06', 'F650/50-1'),
	(165, 'Unoperation', '2021-04-15 10:22:11', 'F500/50'),
	(166, 'Unoperation', '2021-04-15 10:22:12', 'F650/50-2'),
	(167, 'Operation', '2021-04-15 10:22:14', 'VX960M'),
	(168, 'Operation', '2021-04-15 10:22:14', 'MCT-15'),
	(169, 'Unoperation', '2021-04-15 10:22:14', 'F650/50-1'),
	(170, 'Unoperation', '2021-04-15 10:22:18', 'F500/50'),
	(171, 'Unoperation', '2021-04-15 10:22:20', 'F650/50-2'),
	(172, 'Operation', '2021-04-15 10:22:21', 'VX960M'),
	(173, 'Operation', '2021-04-15 10:22:22', 'MCT-15'),
	(174, 'Unoperation', '2021-04-15 10:22:22', 'F650/50-1'),
	(175, 'Unoperation', '2021-04-15 10:22:26', 'F500/50'),
	(176, 'Unoperation', '2021-04-15 10:22:28', 'F650/50-2'),
	(177, 'Operation', '2021-04-15 10:22:29', 'VX960M'),
	(178, 'Operation', '2021-04-15 10:22:30', 'MCT-15'),
	(179, 'Unoperation', '2021-04-15 10:22:30', 'F650/50-1'),
	(180, 'Unoperation', '2021-04-15 10:22:34', 'F500/50'),
	(181, 'Unoperation', '2021-04-15 10:22:36', 'F650/50-2'),
	(182, 'Operation', '2021-04-15 10:22:37', 'VX960M'),
	(183, 'Operation', '2021-04-15 10:22:37', 'MCT-15'),
	(184, 'Unoperation', '2021-04-15 10:22:38', 'F650/50-1'),
	(185, 'Unoperation', '2021-04-15 10:22:42', 'F500/50'),
	(186, 'Unoperation', '2021-04-15 10:22:44', 'F650/50-2'),
	(187, 'Operation', '2021-04-15 10:22:45', 'VX960M'),
	(188, 'Operation', '2021-04-15 10:22:45', 'MCT-15'),
	(189, 'Operation', '2021-04-15 10:22:45', 'F650/50-1'),
	(190, 'Unoperation', '2021-04-15 10:22:50', 'F500/50'),
	(191, 'Unoperation', '2021-04-15 10:22:51', 'F650/50-2'),
	(192, 'Operation', '2021-04-15 10:22:53', 'VX960M'),
	(193, 'Operation', '2021-04-15 10:22:53', 'MCT-15'),
	(194, 'Unoperation', '2021-04-15 10:22:53', 'F650/50-1'),
	(195, 'Unoperation', '2021-04-15 10:22:57', 'F500/50'),
	(196, 'Unoperation', '2021-04-15 10:22:59', 'F650/50-2'),
	(197, 'Operation', '2021-04-15 10:23:00', 'VX960M'),
	(198, 'Operation', '2021-04-15 10:23:01', 'MCT-15'),
	(199, 'Unoperation', '2021-04-15 10:23:01', 'F650/50-1'),
	(200, 'Unoperation', '2021-04-15 10:23:05', 'F500/50'),
	(201, 'Unoperation', '2021-04-15 10:23:07', 'F650/50-2'),
	(202, 'Operation', '2021-04-15 10:23:08', 'VX960M'),
	(203, 'Operation', '2021-04-15 10:23:09', 'MCT-15'),
	(204, 'Unoperation', '2021-04-15 10:23:09', 'F650/50-1'),
	(205, 'Unoperation', '2021-04-15 10:23:13', 'F500/50'),
	(206, 'Unoperation', '2021-04-15 10:23:15', 'F650/50-2'),
	(207, 'Operation', '2021-04-15 10:23:16', 'VX960M'),
	(208, 'Operation', '2021-04-15 10:23:16', 'MCT-15'),
	(209, 'Unoperation', '2021-04-15 10:23:16', 'F650/50-1'),
	(210, 'Unoperation', '2021-04-15 10:23:21', 'F500/50'),
	(211, 'Unoperation', '2021-04-15 10:23:22', 'F650/50-2'),
	(212, 'Operation', '2021-04-15 10:23:24', 'VX960M'),
	(213, 'Unoperation', '2021-04-15 10:23:24', 'MCT-15'),
	(214, 'Unoperation', '2021-04-15 10:23:24', 'F650/50-1'),
	(215, 'Unoperation', '2021-04-15 10:23:28', 'F500/50'),
	(216, 'Unoperation', '2021-04-15 10:23:30', 'F650/50-2'),
	(217, 'Operation', '2021-04-15 10:23:31', 'VX960M'),
	(218, 'Unoperation', '2021-04-15 10:23:32', 'MCT-15'),
	(219, 'Unoperation', '2021-04-15 10:23:32', 'F650/50-1'),
	(220, 'Unoperation', '2021-04-15 10:23:36', 'F500/50'),
	(221, 'Unoperation', '2021-04-15 10:23:38', 'F650/50-2'),
	(222, 'Operation', '2021-04-15 10:23:39', 'VX960M'),
	(223, 'Unoperation', '2021-04-15 10:23:40', 'MCT-15'),
	(224, 'Unoperation', '2021-04-15 10:23:40', 'F650/50-1'),
	(225, 'Unoperation', '2021-04-15 10:23:44', 'F500/50'),
	(226, 'Unoperation', '2021-04-15 10:23:46', 'F650/50-2'),
	(227, 'Operation', '2021-04-15 10:23:47', 'VX960M'),
	(228, 'Unoperation', '2021-04-15 10:23:47', 'MCT-15'),
	(229, 'Operation', '2021-04-15 10:23:48', 'F650/50-1'),
	(230, 'Unoperation', '2021-04-15 10:23:52', 'F500/50'),
	(231, 'Unoperation', '2021-04-15 10:23:54', 'F650/50-2'),
	(232, 'Operation', '2021-04-15 10:23:55', 'VX960M'),
	(233, 'Unoperation', '2021-04-15 10:23:55', 'MCT-15'),
	(234, 'Operation', '2021-04-15 10:23:55', 'F650/50-1'),
	(235, 'Unoperation', '2021-04-15 10:23:59', 'F500/50'),
	(236, 'Unoperation', '2021-04-15 10:24:01', 'F650/50-2'),
	(237, 'Operation', '2021-04-15 10:24:03', 'VX960M'),
	(238, 'Unoperation', '2021-04-15 10:24:03', 'MCT-15'),
	(239, 'Unoperation', '2021-04-15 10:24:03', 'F650/50-1'),
	(240, 'Unoperation', '2021-04-15 10:24:07', 'F500/50'),
	(241, 'Operation', '2021-04-15 10:24:09', 'F650/50-2'),
	(242, 'Operation', '2021-04-15 10:24:10', 'VX960M'),
	(243, 'Unoperation', '2021-04-15 10:24:11', 'MCT-15'),
	(244, 'Unoperation', '2021-04-15 10:24:11', 'F650/50-1'),
	(245, 'Unoperation', '2021-04-15 10:24:15', 'F500/50'),
	(246, 'Unoperation', '2021-04-15 10:24:17', 'F650/50-2'),
	(247, 'Operation', '2021-04-15 10:24:18', 'VX960M'),
	(248, 'Unoperation', '2021-04-15 10:24:19', 'MCT-15'),
	(249, 'Unoperation', '2021-04-15 10:24:19', 'F650/50-1'),
	(250, 'Unoperation', '2021-04-15 10:24:23', 'F500/50'),
	(251, 'Unoperation', '2021-04-15 10:24:25', 'F650/50-2'),
	(252, 'Operation', '2021-04-15 10:24:26', 'VX960M'),
	(253, 'Unoperation', '2021-04-15 10:24:26', 'F650/50-1'),
	(254, 'Unoperation', '2021-04-15 10:24:26', 'MCT-15'),
	(255, 'Unoperation', '2021-04-15 10:24:31', 'F500/50'),
	(256, 'Unoperation', '2021-04-15 10:24:32', 'F650/50-2'),
	(257, 'Operation', '2021-04-15 10:24:34', 'VX960M'),
	(258, 'Unoperation', '2021-04-15 10:24:34', 'F650/50-1'),
	(259, 'Unoperation', '2021-04-15 10:24:34', 'MCT-15'),
	(260, 'Unoperation', '2021-04-15 10:24:38', 'F500/50'),
	(261, 'Unoperation', '2021-04-15 10:24:40', 'F650/50-2'),
	(262, 'Operation', '2021-04-15 10:24:41', 'VX960M'),
	(263, 'Unoperation', '2021-04-15 10:24:42', 'F650/50-1'),
	(264, 'Unoperation', '2021-04-15 10:24:42', 'MCT-15'),
	(265, 'Unoperation', '2021-04-15 10:24:46', 'F500/50'),
	(266, 'Unoperation', '2021-04-15 10:24:48', 'F650/50-2'),
	(267, 'Operation', '2021-04-15 10:24:49', 'VX960M'),
	(268, 'Unoperation', '2021-04-15 10:24:50', 'F650/50-1'),
	(269, 'Unoperation', '2021-04-15 10:24:50', 'MCT-15'),
	(270, 'Unoperation', '2021-04-15 10:24:54', 'F500/50'),
	(271, 'Unoperation', '2021-04-15 10:24:56', 'F650/50-2'),
	(272, 'Operation', '2021-04-15 10:24:57', 'VX960M'),
	(273, 'Unoperation', '2021-04-15 10:24:57', 'F650/50-1'),
	(274, 'Unoperation', '2021-04-15 10:24:58', 'MCT-15'),
	(275, 'Unoperation', '2021-04-15 10:25:02', 'F500/50'),
	(276, 'Unoperation', '2021-04-15 10:25:04', 'F650/50-2'),
	(277, 'Operation', '2021-04-15 10:25:05', 'VX960M'),
	(278, 'Operation', '2021-04-15 10:25:05', 'F650/50-1'),
	(279, 'Unoperation', '2021-04-15 10:25:05', 'MCT-15'),
	(280, 'Unoperation', '2021-04-15 10:25:09', 'F500/50'),
	(281, 'Unoperation', '2021-04-15 10:25:11', 'F650/50-2'),
	(282, 'Operation', '2021-04-15 10:25:13', 'VX960M'),
	(283, 'Operation', '2021-04-15 10:25:13', 'F650/50-1'),
	(284, 'Unoperation', '2021-04-15 10:25:13', 'MCT-15'),
	(285, 'Unoperation', '2021-04-15 10:25:17', 'F500/50'),
	(286, 'Unoperation', '2021-04-15 10:25:19', 'F650/50-2'),
	(287, 'Operation', '2021-04-15 10:25:20', 'VX960M'),
	(288, 'Unoperation', '2021-04-15 10:25:21', 'F650/50-1'),
	(289, 'Unoperation', '2021-04-15 10:25:21', 'MCT-15'),
	(290, 'Unoperation', '2021-04-15 10:25:25', 'F500/50'),
	(291, 'Unoperation', '2021-04-15 10:25:27', 'F650/50-2'),
	(292, 'Operation', '2021-04-15 10:25:28', 'VX960M'),
	(293, 'Unoperation', '2021-04-15 10:25:29', 'F650/50-1'),
	(294, 'Unoperation', '2021-04-15 10:25:29', 'MCT-15'),
	(295, 'Unoperation', '2021-04-15 10:25:33', 'F500/50'),
	(296, 'Unoperation', '2021-04-15 10:25:35', 'F650/50-2'),
	(297, 'Operation', '2021-04-15 10:25:36', 'VX960M'),
	(298, 'Unoperation', '2021-04-15 10:25:36', 'F650/50-1'),
	(299, 'Operation', '2021-04-15 10:25:36', 'MCT-15'),
	(300, 'Unoperation', '2021-04-15 10:25:41', 'F500/50'),
	(301, 'Unoperation', '2021-04-15 10:25:42', 'F650/50-2'),
	(302, 'Operation', '2021-04-15 10:25:44', 'VX960M'),
	(303, 'Unoperation', '2021-04-15 10:25:44', 'F650/50-1'),
	(304, 'Operation', '2021-04-15 10:25:44', 'MCT-15'),
	(305, 'Unoperation', '2021-04-15 10:25:48', 'F500/50'),
	(306, 'Unoperation', '2021-04-15 10:25:50', 'F650/50-2'),
	(307, 'Operation', '2021-04-15 10:25:51', 'VX960M'),
	(308, 'Unoperation', '2021-04-15 10:25:52', 'F650/50-1'),
	(309, 'Operation', '2021-04-15 10:25:52', 'MCT-15'),
	(310, 'Unoperation', '2021-04-15 10:25:56', 'F500/50'),
	(311, 'Unoperation', '2021-04-15 10:25:58', 'F650/50-2'),
	(312, 'Operation', '2021-04-15 10:25:59', 'VX960M'),
	(313, 'Unoperation', '2021-04-15 10:26:00', 'F650/50-1'),
	(314, 'Operation', '2021-04-15 10:26:00', 'MCT-15'),
	(315, 'Unoperation', '2021-04-15 10:26:04', 'F500/50'),
	(316, 'Unoperation', '2021-04-15 10:26:06', 'F650/50-2'),
	(317, 'Operation', '2021-04-15 10:26:07', 'VX960M'),
	(318, 'Unoperation', '2021-04-15 10:26:07', 'F650/50-1'),
	(319, 'Operation', '2021-04-15 10:26:08', 'MCT-15'),
	(320, 'Unoperation', '2021-04-15 10:26:12', 'F500/50'),
	(321, 'Unoperation', '2021-04-15 10:26:14', 'F650/50-2'),
	(322, 'Operation', '2021-04-15 10:26:15', 'VX960M'),
	(323, 'Unoperation', '2021-04-15 10:26:15', 'F650/50-1'),
	(324, 'Operation', '2021-04-15 10:26:15', 'MCT-15'),
	(325, 'Unoperation', '2021-04-15 10:26:19', 'F500/50'),
	(326, 'Unoperation', '2021-04-15 10:26:21', 'F650/50-2'),
	(327, 'Operation', '2021-04-15 10:26:23', 'VX960M'),
	(328, 'Unoperation', '2021-04-15 10:26:23', 'F650/50-1'),
	(329, 'Operation', '2021-04-15 10:26:23', 'MCT-15'),
	(330, 'Unoperation', '2021-04-15 10:26:27', 'F500/50'),
	(331, 'Unoperation', '2021-04-15 10:26:29', 'F650/50-2'),
	(332, 'Operation', '2021-04-15 10:26:30', 'VX960M'),
	(333, 'Unoperation', '2021-04-15 10:26:31', 'F650/50-1'),
	(334, 'Operation', '2021-04-15 10:26:31', 'MCT-15'),
	(335, 'Unoperation', '2021-04-15 10:26:35', 'F500/50'),
	(336, 'Unoperation', '2021-04-15 10:26:37', 'F650/50-2'),
	(337, 'Operation', '2021-04-15 10:26:38', 'VX960M'),
	(338, 'Unoperation', '2021-04-15 10:26:38', 'F650/50-1'),
	(339, 'Operation', '2021-04-15 10:26:39', 'MCT-15'),
	(340, 'Unoperation', '2021-04-15 10:26:43', 'F500/50'),
	(341, 'Unoperation', '2021-04-15 10:26:45', 'F650/50-2'),
	(342, 'Operation', '2021-04-15 10:26:46', 'VX960M'),
	(343, 'Unoperation', '2021-04-15 10:26:46', 'F650/50-1'),
	(344, 'Operation', '2021-04-15 10:26:47', 'MCT-15'),
	(345, 'Unoperation', '2021-04-15 10:26:50', 'F500/50'),
	(346, 'Unoperation', '2021-04-15 10:26:53', 'F650/50-2'),
	(347, 'Operation', '2021-04-15 10:26:54', 'VX960M'),
	(348, 'Operation', '2021-04-15 10:26:54', 'F650/50-1'),
	(349, 'Operation', '2021-04-15 10:26:54', 'MCT-15'),
	(350, 'Unoperation', '2021-04-15 10:26:58', 'F500/50'),
	(351, 'Unoperation', '2021-04-15 10:27:00', 'F650/50-2'),
	(352, 'Operation', '2021-04-15 10:27:01', 'VX960M'),
	(353, 'Operation', '2021-04-15 10:27:02', 'F650/50-1'),
	(354, 'Operation', '2021-04-15 10:27:02', 'MCT-15'),
	(355, 'Unoperation', '2021-04-15 10:27:06', 'F500/50'),
	(356, 'Unoperation', '2021-04-15 10:27:08', 'F650/50-2'),
	(357, 'Operation', '2021-04-15 10:27:09', 'VX960M'),
	(358, 'Unoperation', '2021-04-15 10:27:10', 'F650/50-1'),
	(359, 'Operation', '2021-04-15 10:27:10', 'MCT-15'),
	(360, 'Unoperation', '2021-04-15 10:27:14', 'F500/50'),
	(361, 'Unoperation', '2021-04-15 10:27:16', 'F650/50-2'),
	(362, 'Operation', '2021-04-15 10:27:17', 'VX960M'),
	(363, 'Unoperation', '2021-04-15 10:27:17', 'F650/50-1'),
	(364, 'Operation', '2021-04-15 10:27:18', 'MCT-15'),
	(365, 'Unoperation', '2021-04-15 10:27:22', 'F500/50'),
	(366, 'Unoperation', '2021-04-15 10:27:24', 'F650/50-2'),
	(367, 'Operation', '2021-04-15 10:27:25', 'VX960M'),
	(368, 'Unoperation', '2021-04-15 10:27:25', 'F650/50-1'),
	(369, 'Operation', '2021-04-15 10:27:25', 'MCT-15'),
	(370, 'Unoperation', '2021-04-15 10:27:29', 'F500/50'),
	(371, 'Unoperation', '2021-04-15 10:27:31', 'F650/50-2'),
	(372, 'Operation', '2021-04-15 10:27:32', 'VX960M'),
	(373, 'Unoperation', '2021-04-15 10:27:33', 'F650/50-1'),
	(374, 'Operation', '2021-04-15 10:27:33', 'MCT-15'),
	(375, 'Unoperation', '2021-04-15 10:27:37', 'F500/50'),
	(376, 'Unoperation', '2021-04-15 10:27:39', 'F650/50-2'),
	(377, 'Operation', '2021-04-15 10:27:40', 'VX960M'),
	(378, 'Unoperation', '2021-04-15 10:27:41', 'F650/50-1'),
	(379, 'Operation', '2021-04-15 10:27:41', 'MCT-15'),
	(380, 'Unoperation', '2021-04-15 10:27:45', 'F500/50'),
	(381, 'Unoperation', '2021-04-15 10:27:47', 'F650/50-2'),
	(382, 'Operation', '2021-04-15 10:27:48', 'VX960M'),
	(383, 'Unoperation', '2021-04-15 10:27:48', 'F650/50-1'),
	(384, 'Operation', '2021-04-15 10:27:49', 'MCT-15'),
	(385, 'Unoperation', '2021-04-15 10:27:53', 'F500/50'),
	(386, 'Unoperation', '2021-04-15 10:27:55', 'F650/50-2'),
	(387, 'Operation', '2021-04-15 10:27:56', 'VX960M'),
	(388, 'Unoperation', '2021-04-15 10:27:56', 'F650/50-1'),
	(389, 'Operation', '2021-04-15 10:27:57', 'MCT-15'),
	(390, 'Unoperation', '2021-04-15 10:28:00', 'F500/50'),
	(391, 'Unoperation', '2021-04-15 10:28:03', 'F650/50-2'),
	(392, 'Operation', '2021-04-15 10:28:04', 'VX960M'),
	(393, 'Unoperation', '2021-04-15 10:28:04', 'F650/50-1'),
	(394, 'Operation', '2021-04-15 10:28:04', 'MCT-15'),
	(395, 'Unoperation', '2021-04-15 10:28:08', 'F500/50'),
	(396, 'Unoperation', '2021-04-15 10:28:10', 'F650/50-2'),
	(397, 'Operation', '2021-04-15 10:28:11', 'VX960M'),
	(398, 'Operation', '2021-04-15 10:28:12', 'F650/50-1'),
	(399, 'Operation', '2021-04-15 10:28:12', 'MCT-15'),
	(400, 'Unoperation', '2021-04-15 10:28:16', 'F500/50'),
	(401, 'Unoperation', '2021-04-15 10:28:18', 'F650/50-2'),
	(402, 'Operation', '2021-04-15 10:28:19', 'VX960M'),
	(403, 'Unoperation', '2021-04-15 10:28:20', 'F650/50-1'),
	(404, 'Operation', '2021-04-15 10:28:20', 'MCT-15'),
	(405, 'Unoperation', '2021-04-15 10:28:24', 'F500/50'),
	(406, 'Unoperation', '2021-04-15 10:28:26', 'F650/50-2'),
	(407, 'Operation', '2021-04-15 10:28:27', 'VX960M'),
	(408, 'Unoperation', '2021-04-15 10:28:27', 'F650/50-1'),
	(409, 'Operation', '2021-04-15 10:28:28', 'MCT-15'),
	(410, 'Unoperation', '2021-04-15 10:28:31', 'F500/50'),
	(411, 'Unoperation', '2021-04-15 10:28:34', 'F650/50-2'),
	(412, 'Operation', '2021-04-15 10:28:35', 'VX960M'),
	(413, 'Unoperation', '2021-04-15 10:28:35', 'F650/50-1'),
	(414, 'Operation', '2021-04-15 10:28:35', 'MCT-15'),
	(415, 'Unoperation', '2021-04-15 10:28:39', 'F500/50'),
	(416, 'Unoperation', '2021-04-15 10:28:41', 'F650/50-2'),
	(417, 'Operation', '2021-04-15 10:28:42', 'VX960M'),
	(418, 'Unoperation', '2021-04-15 10:28:43', 'F650/50-1'),
	(419, 'Operation', '2021-04-15 10:28:43', 'MCT-15'),
	(420, 'Unoperation', '2021-04-15 10:28:47', 'F500/50'),
	(421, 'Unoperation', '2021-04-15 10:28:49', 'F650/50-2'),
	(422, 'Operation', '2021-04-15 10:28:50', 'VX960M'),
	(423, 'Unoperation', '2021-04-15 10:28:51', 'F650/50-1'),
	(424, 'Operation', '2021-04-15 10:28:51', 'MCT-15'),
	(425, 'Unoperation', '2021-04-15 10:28:55', 'F500/50'),
	(426, 'Unoperation', '2021-04-15 10:28:57', 'F650/50-2'),
	(427, 'Operation', '2021-04-15 10:28:58', 'VX960M'),
	(428, 'Operation', '2021-04-15 10:28:58', 'F650/50-1'),
	(429, 'Operation', '2021-04-15 10:28:59', 'MCT-15'),
	(430, 'Unoperation', '2021-04-15 10:29:03', 'F500/50'),
	(431, 'Operation', '2021-04-15 10:29:05', 'F650/50-2'),
	(432, 'Operation', '2021-04-15 10:29:06', 'VX960M'),
	(433, 'Operation', '2021-04-15 10:29:06', 'F650/50-1'),
	(434, 'Operation', '2021-04-15 10:29:07', 'MCT-15'),
	(435, 'Unoperation', '2021-04-15 10:29:10', 'F500/50'),
	(436, 'Unoperation', '2021-04-15 10:29:13', 'F650/50-2'),
	(437, 'Operation', '2021-04-15 10:29:14', 'VX960M'),
	(438, 'Unoperation', '2021-04-15 10:29:14', 'F650/50-1'),
	(439, 'Operation', '2021-04-15 10:29:14', 'MCT-15'),
	(440, 'Unoperation', '2021-04-15 10:29:18', 'F500/50'),
	(441, 'Unoperation', '2021-04-15 10:29:20', 'F650/50-2'),
	(442, 'Operation', '2021-04-15 10:29:21', 'VX960M'),
	(443, 'Unoperation', '2021-04-15 10:29:22', 'F650/50-1'),
	(444, 'Operation', '2021-04-15 10:29:22', 'MCT-15'),
	(445, 'Unoperation', '2021-04-15 10:29:26', 'F500/50'),
	(446, 'Unoperation', '2021-04-15 10:29:28', 'F650/50-2'),
	(447, 'Operation', '2021-04-15 10:29:29', 'VX960M'),
	(448, 'Unoperation', '2021-04-15 10:29:29', 'F650/50-1'),
	(449, 'Operation', '2021-04-15 10:29:30', 'MCT-15'),
	(450, 'Unoperation', '2021-04-15 10:29:34', 'F500/50'),
	(451, 'Unoperation', '2021-04-15 10:29:36', 'F650/50-2'),
	(452, 'Operation', '2021-04-15 10:29:37', 'VX960M'),
	(453, 'Unoperation', '2021-04-15 10:29:37', 'F650/50-1'),
	(454, 'Operation', '2021-04-15 10:29:38', 'MCT-15'),
	(455, 'Unoperation', '2021-04-15 10:29:41', 'F500/50'),
	(456, 'Unoperation', '2021-04-15 10:29:44', 'F650/50-2'),
	(457, 'Operation', '2021-04-15 10:29:45', 'VX960M'),
	(458, 'Unoperation', '2021-04-15 10:29:45', 'F650/50-1'),
	(459, 'Operation', '2021-04-15 10:29:46', 'MCT-15'),
	(460, 'Unoperation', '2021-04-15 10:29:49', 'F500/50'),
	(461, 'Unoperation', '2021-04-15 10:29:51', 'F650/50-2'),
	(462, 'Unoperation', '2021-04-15 10:29:52', 'VX960M'),
	(463, 'Unoperation', '2021-04-15 10:29:53', 'F650/50-1'),
	(464, 'Operation', '2021-04-15 10:29:53', 'MCT-15'),
	(465, 'Unoperation', '2021-04-15 10:29:57', 'F500/50'),
	(466, 'Unoperation', '2021-04-15 10:29:59', 'F650/50-2'),
	(467, 'Unoperation', '2021-04-15 10:30:00', 'VX960M'),
	(468, 'Unoperation', '2021-04-15 10:30:01', 'F650/50-1'),
	(469, 'Operation', '2021-04-15 10:30:01', 'MCT-15'),
	(470, 'Unoperation', '2021-04-15 10:30:05', 'F500/50'),
	(471, 'Unoperation', '2021-04-15 10:30:07', 'F650/50-2'),
	(472, 'Unoperation', '2021-04-15 10:30:08', 'VX960M'),
	(473, 'Unoperation', '2021-04-15 10:30:08', 'F650/50-1'),
	(474, 'Operation', '2021-04-15 10:30:09', 'MCT-15'),
	(475, 'Unoperation', '2021-04-15 10:30:13', 'F500/50'),
	(476, 'Unoperation', '2021-04-15 10:30:15', 'F650/50-2'),
	(477, 'Unoperation', '2021-04-15 10:30:16', 'VX960M'),
	(478, 'Operation', '2021-04-15 10:30:16', 'F650/50-1'),
	(479, 'Operation', '2021-04-15 10:30:17', 'MCT-15'),
	(480, 'Unoperation', '2021-04-15 10:30:20', 'F500/50'),
	(481, 'Unoperation', '2021-04-15 10:30:23', 'F650/50-2'),
	(482, 'Unoperation', '2021-04-15 10:30:24', 'VX960M'),
	(483, 'Unoperation', '2021-04-15 10:30:24', 'F650/50-1'),
	(484, 'Operation', '2021-04-15 10:30:24', 'MCT-15'),
	(485, 'Unoperation', '2021-04-15 10:30:28', 'F500/50'),
	(486, 'Unoperation', '2021-04-15 10:30:30', 'F650/50-2'),
	(487, 'Unoperation', '2021-04-15 10:30:31', 'VX960M'),
	(488, 'Unoperation', '2021-04-15 10:30:32', 'F650/50-1'),
	(489, 'Operation', '2021-04-15 10:30:32', 'MCT-15'),
	(490, 'Unoperation', '2021-04-15 10:30:36', 'F500/50'),
	(491, 'Unoperation', '2021-04-15 10:30:38', 'F650/50-2'),
	(492, 'Unoperation', '2021-04-15 10:30:39', 'VX960M'),
	(493, 'Unoperation', '2021-04-15 10:30:39', 'F650/50-1'),
	(494, 'Operation', '2021-04-15 10:30:40', 'MCT-15'),
	(495, 'Unoperation', '2021-04-15 10:30:44', 'F500/50'),
	(496, 'Unoperation', '2021-04-15 10:30:46', 'F650/50-2'),
	(497, 'Unoperation', '2021-04-15 10:30:47', 'VX960M'),
	(498, 'Unoperation', '2021-04-15 10:30:47', 'F650/50-1'),
	(499, 'Operation', '2021-04-15 10:30:48', 'MCT-15'),
	(500, 'Unoperation', '2021-04-15 10:30:51', 'F500/50'),
	(501, 'Unoperation', '2021-04-15 10:30:54', 'F650/50-2'),
	(502, 'Unoperation', '2021-04-15 10:30:55', 'VX960M'),
	(503, 'Unoperation', '2021-04-15 10:30:55', 'F650/50-1'),
	(504, 'Operation', '2021-04-15 10:30:56', 'MCT-15'),
	(505, 'Unoperation', '2021-04-15 10:30:59', 'F500/50'),
	(506, 'Unoperation', '2021-04-15 10:31:01', 'F650/50-2'),
	(507, 'Unoperation', '2021-04-15 10:31:02', 'VX960M'),
	(508, 'Operation', '2021-04-15 10:31:03', 'F650/50-1'),
	(509, 'Operation', '2021-04-15 10:31:03', 'MCT-15'),
	(510, 'Unoperation', '2021-04-15 10:31:07', 'F500/50'),
	(511, 'Unoperation', '2021-04-15 10:31:09', 'F650/50-2'),
	(512, 'Unoperation', '2021-04-15 10:31:10', 'VX960M'),
	(513, 'Unoperation', '2021-04-15 10:31:11', 'F650/50-1'),
	(514, 'Operation', '2021-04-15 10:31:11', 'MCT-15'),
	(515, 'Unoperation', '2021-04-15 10:31:15', 'F500/50'),
	(516, 'Unoperation', '2021-04-15 10:31:17', 'F650/50-2'),
	(517, 'Unoperation', '2021-04-15 10:31:18', 'VX960M'),
	(518, 'Unoperation', '2021-04-15 10:31:18', 'F650/50-1'),
	(519, 'Operation', '2021-04-15 10:31:19', 'MCT-15'),
	(520, 'Unoperation', '2021-04-15 10:31:22', 'F500/50'),
	(521, 'Unoperation', '2021-04-15 10:31:25', 'F650/50-2'),
	(522, 'Unoperation', '2021-04-15 10:31:26', 'VX960M'),
	(523, 'Unoperation', '2021-04-15 10:31:26', 'F650/50-1'),
	(524, 'Operation', '2021-04-15 10:31:27', 'MCT-15'),
	(525, 'Unoperation', '2021-04-15 10:31:30', 'F500/50'),
	(526, 'Unoperation', '2021-04-15 10:31:33', 'F650/50-2'),
	(527, 'Unoperation', '2021-04-15 10:31:34', 'VX960M'),
	(528, 'Unoperation', '2021-04-15 10:31:34', 'F650/50-1'),
	(529, 'Operation', '2021-04-15 10:31:35', 'MCT-15'),
	(530, 'Unoperation', '2021-04-15 10:31:38', 'F500/50'),
	(531, 'Unoperation', '2021-04-15 10:31:40', 'F650/50-2'),
	(532, 'Operation', '2021-04-15 10:31:41', 'VX960M'),
	(533, 'Unoperation', '2021-04-15 10:31:42', 'F650/50-1'),
	(534, 'Operation', '2021-04-15 10:31:42', 'MCT-15'),
	(535, 'Unoperation', '2021-04-15 10:31:46', 'F500/50'),
	(536, 'Unoperation', '2021-04-15 10:31:48', 'F650/50-2'),
	(537, 'Operation', '2021-04-15 10:31:49', 'VX960M'),
	(538, 'Unoperation', '2021-04-15 10:31:49', 'F650/50-1'),
	(539, 'Operation', '2021-04-15 10:31:50', 'MCT-15'),
	(540, 'Unoperation', '2021-04-15 10:31:54', 'F500/50'),
	(541, 'Unoperation', '2021-04-15 10:31:56', 'F650/50-2'),
	(542, 'Operation', '2021-04-15 10:31:57', 'VX960M'),
	(543, 'Operation', '2021-04-15 10:31:57', 'F650/50-1'),
	(544, 'Operation', '2021-04-15 10:31:58', 'MCT-15'),
	(545, 'Unoperation', '2021-04-15 10:32:01', 'F500/50'),
	(546, 'Unoperation', '2021-04-15 10:32:04', 'F650/50-2'),
	(547, 'Operation', '2021-04-15 10:32:05', 'VX960M'),
	(548, 'Unoperation', '2021-04-15 10:32:05', 'F650/50-1'),
	(549, 'Operation', '2021-04-15 10:32:06', 'MCT-15'),
	(550, 'Unoperation', '2021-04-15 10:32:09', 'F500/50'),
	(551, 'Unoperation', '2021-04-15 10:32:12', 'F650/50-2'),
	(552, 'Operation', '2021-04-15 10:32:12', 'VX960M'),
	(553, 'Unoperation', '2021-04-15 10:32:13', 'F650/50-1'),
	(554, 'Operation', '2021-04-15 10:32:13', 'MCT-15'),
	(555, 'Unoperation', '2021-04-15 10:32:17', 'F500/50'),
	(556, 'Unoperation', '2021-04-15 10:32:19', 'F650/50-2'),
	(557, 'Operation', '2021-04-15 10:32:20', 'VX960M'),
	(558, 'Unoperation', '2021-04-15 10:32:21', 'F650/50-1'),
	(559, 'Operation', '2021-04-15 10:32:21', 'MCT-15'),
	(560, 'Unoperation', '2021-04-15 10:32:25', 'F500/50'),
	(561, 'Unoperation', '2021-04-15 10:32:27', 'F650/50-2'),
	(562, 'Operation', '2021-04-15 10:32:28', 'VX960M'),
	(563, 'Unoperation', '2021-04-15 10:32:28', 'F650/50-1'),
	(564, 'Operation', '2021-04-15 10:32:29', 'MCT-15'),
	(565, 'Unoperation', '2021-04-15 10:32:32', 'F500/50'),
	(566, 'Unoperation', '2021-04-15 10:32:35', 'F650/50-2'),
	(567, 'Operation', '2021-04-15 10:32:36', 'VX960M'),
	(568, 'Unoperation', '2021-04-15 10:32:36', 'F650/50-1'),
	(569, 'Operation', '2021-04-15 10:32:37', 'MCT-15'),
	(570, 'Unoperation', '2021-04-15 10:32:40', 'F500/50'),
	(571, 'Unoperation', '2021-04-15 10:32:43', 'F650/50-2'),
	(572, 'Operation', '2021-04-15 10:32:44', 'VX960M'),
	(573, 'Unoperation', '2021-04-15 10:32:44', 'F650/50-1'),
	(574, 'Operation', '2021-04-15 10:32:45', 'MCT-15'),
	(575, 'Unoperation', '2021-04-15 10:32:48', 'F500/50'),
	(576, 'Unoperation', '2021-04-15 10:32:50', 'F650/50-2'),
	(577, 'Operation', '2021-04-15 10:32:51', 'VX960M'),
	(578, 'Unoperation', '2021-04-15 10:32:52', 'F650/50-1'),
	(579, 'Operation', '2021-04-15 10:32:52', 'MCT-15'),
	(580, 'Unoperation', '2021-04-15 10:32:56', 'F500/50'),
	(581, 'Unoperation', '2021-04-15 10:32:58', 'F650/50-2'),
	(582, 'Operation', '2021-04-15 10:32:59', 'VX960M'),
	(583, 'Operation', '2021-04-15 10:32:59', 'F650/50-1'),
	(584, 'Operation', '2021-04-15 10:33:00', 'MCT-15'),
	(585, 'Unoperation', '2021-04-15 10:33:03', 'F500/50'),
	(586, 'Unoperation', '2021-04-15 10:33:06', 'F650/50-2'),
	(587, 'Operation', '2021-04-15 10:33:07', 'VX960M'),
	(588, 'Operation', '2021-04-15 10:33:07', 'F650/50-1'),
	(589, 'Operation', '2021-04-15 10:33:08', 'MCT-15'),
	(590, 'Unoperation', '2021-04-15 10:33:11', 'F500/50'),
	(591, 'Unoperation', '2021-04-15 10:33:14', 'F650/50-2'),
	(592, 'Operation', '2021-04-15 10:33:15', 'VX960M'),
	(593, 'Unoperation', '2021-04-15 10:33:15', 'F650/50-1'),
	(594, 'Operation', '2021-04-15 10:33:16', 'MCT-15'),
	(595, 'Unoperation', '2021-04-15 10:33:19', 'F500/50'),
	(596, 'Unoperation', '2021-04-15 10:33:22', 'F650/50-2'),
	(597, 'Operation', '2021-04-15 10:33:22', 'VX960M'),
	(598, 'Unoperation', '2021-04-15 10:33:23', 'F650/50-1'),
	(599, 'Operation', '2021-04-15 10:33:24', 'MCT-15'),
	(600, 'Unoperation', '2021-04-15 10:33:27', 'F500/50'),
	(601, 'Unoperation', '2021-04-15 10:33:29', 'F650/50-2'),
	(602, 'Operation', '2021-04-15 10:33:30', 'VX960M'),
	(603, 'Unoperation', '2021-04-15 10:33:30', 'F650/50-1'),
	(604, 'Operation', '2021-04-15 10:33:31', 'MCT-15'),
	(605, 'Unoperation', '2021-04-15 10:33:35', 'F500/50'),
	(606, 'Unoperation', '2021-04-15 10:33:37', 'F650/50-2'),
	(607, 'Operation', '2021-04-15 10:33:38', 'VX960M'),
	(608, 'Unoperation', '2021-04-15 10:33:38', 'F650/50-1'),
	(609, 'Operation', '2021-04-15 10:33:39', 'MCT-15'),
	(610, 'Unoperation', '2021-04-15 10:33:42', 'F500/50'),
	(611, 'Unoperation', '2021-04-15 10:33:45', 'F650/50-2'),
	(612, 'Operation', '2021-04-15 10:33:46', 'VX960M'),
	(613, 'Unoperation', '2021-04-15 10:33:46', 'F650/50-1'),
	(614, 'Operation', '2021-04-15 10:33:47', 'MCT-15'),
	(615, 'Unoperation', '2021-04-15 10:33:50', 'F500/50'),
	(616, 'Unoperation', '2021-04-15 10:33:53', 'F650/50-2'),
	(617, 'Operation', '2021-04-15 10:33:54', 'VX960M'),
	(618, 'Unoperation', '2021-04-15 10:33:54', 'F650/50-1'),
	(619, 'Operation', '2021-04-15 10:33:55', 'MCT-15'),
	(620, 'Unoperation', '2021-04-15 10:33:58', 'F500/50'),
	(621, 'Unoperation', '2021-04-15 10:34:00', 'F650/50-2'),
	(622, 'Operation', '2021-04-15 10:34:01', 'VX960M'),
	(623, 'Unoperation', '2021-04-15 10:34:02', 'F650/50-1'),
	(624, 'Operation', '2021-04-15 10:34:02', 'MCT-15'),
	(625, 'Unoperation', '2021-04-15 10:34:06', 'F500/50'),
	(626, 'Unoperation', '2021-04-15 10:34:08', 'F650/50-2'),
	(627, 'Operation', '2021-04-15 10:34:09', 'VX960M'),
	(628, 'Operation', '2021-04-15 10:34:09', 'F650/50-1'),
	(629, 'Operation', '2021-04-15 10:34:10', 'MCT-15'),
	(630, 'Unoperation', '2021-04-15 10:34:13', 'F500/50'),
	(631, 'Unoperation', '2021-04-15 10:34:16', 'F650/50-2'),
	(632, 'Operation', '2021-04-15 10:34:17', 'VX960M'),
	(633, 'Unoperation', '2021-04-15 10:34:17', 'F650/50-1'),
	(634, 'Operation', '2021-04-15 10:34:18', 'MCT-15'),
	(635, 'Unoperation', '2021-04-15 10:34:21', 'F500/50'),
	(636, 'Unoperation', '2021-04-15 10:34:24', 'F650/50-2'),
	(637, 'Operation', '2021-04-15 10:34:25', 'VX960M'),
	(638, 'Unoperation', '2021-04-15 10:34:25', 'F650/50-1'),
	(639, 'Operation', '2021-04-15 10:34:26', 'MCT-15'),
	(640, 'Unoperation', '2021-04-15 10:34:29', 'F500/50'),
	(641, 'Unoperation', '2021-04-15 10:34:32', 'F650/50-2'),
	(642, 'Operation', '2021-04-15 10:34:32', 'VX960M'),
	(643, 'Unoperation', '2021-04-15 10:34:33', 'F650/50-1'),
	(644, 'Operation', '2021-04-15 10:34:34', 'MCT-15'),
	(645, 'Unoperation', '2021-04-15 10:34:37', 'F500/50'),
	(646, 'Unoperation', '2021-04-15 10:34:39', 'F650/50-2'),
	(647, 'Operation', '2021-04-15 10:34:40', 'VX960M'),
	(648, 'Unoperation', '2021-04-15 10:34:40', 'F650/50-1'),
	(649, 'Operation', '2021-04-15 10:34:41', 'MCT-15'),
	(650, 'Unoperation', '2021-04-15 10:34:45', 'F500/50'),
	(651, 'Unoperation', '2021-04-15 10:34:47', 'F650/50-2'),
	(652, 'Operation', '2021-04-15 10:34:48', 'VX960M'),
	(653, 'Unoperation', '2021-04-15 10:34:48', 'F650/50-1'),
	(654, 'Operation', '2021-04-15 10:34:49', 'MCT-15'),
	(655, 'Unoperation', '2021-04-15 10:34:52', 'F500/50'),
	(656, 'Unoperation', '2021-04-15 10:34:55', 'F650/50-2'),
	(657, 'Operation', '2021-04-15 10:34:56', 'VX960M'),
	(658, 'Unoperation', '2021-04-15 10:34:56', 'F650/50-1'),
	(659, 'Operation', '2021-04-15 10:34:57', 'MCT-15'),
	(660, 'Unoperation', '2021-04-15 10:35:00', 'F500/50'),
	(661, 'Unoperation', '2021-04-15 10:35:03', 'F650/50-2'),
	(662, 'Operation', '2021-04-15 10:35:04', 'VX960M'),
	(663, 'Unoperation', '2021-04-15 10:35:04', 'F650/50-1'),
	(664, 'Operation', '2021-04-15 10:35:06', 'MCT-15'),
	(665, 'Unoperation', '2021-04-15 10:35:08', 'F500/50'),
	(666, 'Unoperation', '2021-04-15 10:35:10', 'F650/50-2'),
	(667, 'Operation', '2021-04-15 10:35:11', 'VX960M'),
	(668, 'Unoperation', '2021-04-15 10:35:12', 'F650/50-1'),
	(669, 'Operation', '2021-04-15 10:35:12', 'MCT-15'),
	(670, 'Unoperation', '2021-04-15 10:35:16', 'F500/50'),
	(671, 'Unoperation', '2021-04-15 10:35:18', 'F650/50-2'),
	(672, 'Operation', '2021-04-15 10:35:19', 'VX960M'),
	(673, 'Unoperation', '2021-04-15 10:35:19', 'F650/50-1'),
	(674, 'Operation', '2021-04-15 10:35:20', 'MCT-15'),
	(675, 'Unoperation', '2021-04-15 10:35:23', 'F500/50'),
	(676, 'Unoperation', '2021-04-15 10:35:26', 'F650/50-2'),
	(677, 'Operation', '2021-04-15 10:35:27', 'VX960M'),
	(678, 'Unoperation', '2021-04-15 10:35:27', 'F650/50-1'),
	(679, 'Operation', '2021-04-15 10:35:28', 'MCT-15'),
	(680, 'Unoperation', '2021-04-15 10:35:31', 'F500/50'),
	(681, 'Unoperation', '2021-04-15 10:35:34', 'F650/50-2'),
	(682, 'Operation', '2021-04-15 10:35:35', 'VX960M'),
	(683, 'Unoperation', '2021-04-15 10:35:35', 'F650/50-1'),
	(684, 'Operation', '2021-04-15 10:35:36', 'MCT-15'),
	(685, 'Unoperation', '2021-04-15 10:35:39', 'F500/50'),
	(686, 'Unoperation', '2021-04-15 10:35:42', 'F650/50-2'),
	(687, 'Operation', '2021-04-15 10:35:42', 'VX960M'),
	(688, 'Unoperation', '2021-04-15 10:35:43', 'F650/50-1'),
	(689, 'Operation', '2021-04-15 10:35:44', 'MCT-15'),
	(690, 'Unoperation', '2021-04-15 10:35:47', 'F500/50'),
	(691, 'Unoperation', '2021-04-15 10:35:49', 'F650/50-2'),
	(692, 'Operation', '2021-04-15 10:35:50', 'VX960M'),
	(693, 'Unoperation', '2021-04-15 10:35:50', 'F650/50-1'),
	(694, 'Unoperation', '2021-04-15 10:35:51', 'MCT-15'),
	(695, 'Unoperation', '2021-04-15 10:35:54', 'F500/50'),
	(696, 'Unoperation', '2021-04-15 10:35:57', 'F650/50-2'),
	(697, 'Operation', '2021-04-15 10:35:58', 'VX960M'),
	(698, 'Unoperation', '2021-04-15 10:35:58', 'F650/50-1'),
	(699, 'Unoperation', '2021-04-15 10:35:59', 'MCT-15'),
	(700, 'Unoperation', '2021-04-15 10:36:02', 'F500/50'),
	(701, 'Unoperation', '2021-04-15 10:36:05', 'F650/50-2'),
	(702, 'Operation', '2021-04-15 10:36:06', 'VX960M'),
	(703, 'Unoperation', '2021-04-15 10:36:06', 'F650/50-1'),
	(704, 'Unoperation', '2021-04-15 10:36:07', 'MCT-15'),
	(705, 'Unoperation', '2021-04-15 10:36:10', 'F500/50'),
	(706, 'Unoperation', '2021-04-15 10:36:13', 'F650/50-2'),
	(707, 'Operation', '2021-04-15 10:36:13', 'VX960M'),
	(708, 'Unoperation', '2021-04-15 10:36:14', 'F650/50-1'),
	(709, 'Unoperation', '2021-04-15 10:36:15', 'MCT-15'),
	(710, 'Unoperation', '2021-04-15 10:36:18', 'F500/50'),
	(711, 'Unoperation', '2021-04-15 10:36:20', 'F650/50-2'),
	(712, 'Operation', '2021-04-15 10:36:21', 'VX960M'),
	(713, 'Unoperation', '2021-04-15 10:36:21', 'F650/50-1'),
	(714, 'Unoperation', '2021-04-15 10:36:23', 'MCT-15'),
	(715, 'Unoperation', '2021-04-15 10:36:26', 'F500/50'),
	(716, 'Unoperation', '2021-04-15 10:36:28', 'F650/50-2'),
	(717, 'Operation', '2021-04-15 10:36:29', 'VX960M'),
	(718, 'Unoperation', '2021-04-15 10:36:29', 'F650/50-1'),
	(719, 'Unoperation', '2021-04-15 10:36:30', 'MCT-15'),
	(720, 'Unoperation', '2021-04-15 10:36:33', 'F500/50'),
	(721, 'Unoperation', '2021-04-15 10:36:36', 'F650/50-2'),
	(722, 'Operation', '2021-04-15 10:36:37', 'VX960M'),
	(723, 'Unoperation', '2021-04-15 10:36:37', 'F650/50-1'),
	(724, 'Unoperation', '2021-04-15 10:36:38', 'MCT-15'),
	(725, 'Unoperation', '2021-04-15 10:36:41', 'F500/50'),
	(726, 'Unoperation', '2021-04-15 10:36:44', 'F650/50-2'),
	(727, 'Operation', '2021-04-15 10:36:45', 'VX960M'),
	(728, 'Unoperation', '2021-04-15 10:36:45', 'F650/50-1'),
	(729, 'Unoperation', '2021-04-15 10:36:46', 'MCT-15'),
	(730, 'Unoperation', '2021-04-15 10:36:49', 'F500/50'),
	(731, 'Unoperation', '2021-04-15 10:36:52', 'F650/50-2'),
	(732, 'Operation', '2021-04-15 10:36:52', 'VX960M'),
	(733, 'Unoperation', '2021-04-15 10:36:53', 'F650/50-1'),
	(734, 'Unoperation', '2021-04-15 10:36:54', 'MCT-15'),
	(735, 'Unoperation', '2021-04-15 10:36:57', 'F500/50'),
	(736, 'Unoperation', '2021-04-15 10:36:59', 'F650/50-2'),
	(737, 'Operation', '2021-04-15 10:37:00', 'VX960M'),
	(738, 'Unoperation', '2021-04-15 10:37:00', 'F650/50-1'),
	(739, 'Unoperation', '2021-04-15 10:37:01', 'MCT-15'),
	(740, 'Unoperation', '2021-04-15 10:37:04', 'F500/50'),
	(741, 'Unoperation', '2021-04-15 10:37:07', 'F650/50-2'),
	(742, 'Operation', '2021-04-15 10:37:08', 'VX960M'),
	(743, 'Unoperation', '2021-04-15 10:37:08', 'F650/50-1'),
	(744, 'Unoperation', '2021-04-15 10:37:09', 'MCT-15'),
	(745, 'Unoperation', '2021-04-15 10:37:12', 'F500/50'),
	(746, 'Unoperation', '2021-04-15 10:37:15', 'F650/50-2'),
	(747, 'Operation', '2021-04-15 10:37:16', 'VX960M'),
	(748, 'Unoperation', '2021-04-15 10:37:16', 'F650/50-1'),
	(749, 'Unoperation', '2021-04-15 10:37:17', 'MCT-15'),
	(750, 'Unoperation', '2021-04-15 10:37:20', 'F500/50'),
	(751, 'Unoperation', '2021-04-15 10:37:23', 'F650/50-2'),
	(752, 'Operation', '2021-04-15 10:37:23', 'VX960M'),
	(753, 'Unoperation', '2021-04-15 10:37:24', 'F650/50-1'),
	(754, 'Unoperation', '2021-04-15 10:37:25', 'MCT-15'),
	(755, 'Unoperation', '2021-04-15 10:37:28', 'F500/50'),
	(756, 'Unoperation', '2021-04-15 10:37:30', 'F650/50-2'),
	(757, 'Operation', '2021-04-15 10:37:31', 'VX960M'),
	(758, 'Unoperation', '2021-04-15 10:37:31', 'F650/50-1'),
	(759, 'Unoperation', '2021-04-15 10:37:33', 'MCT-15'),
	(760, 'Unoperation', '2021-04-15 10:37:36', 'F500/50'),
	(761, 'Unoperation', '2021-04-15 10:37:38', 'F650/50-2'),
	(762, 'Operation', '2021-04-15 10:37:39', 'VX960M'),
	(763, 'Unoperation', '2021-04-15 10:37:39', 'F650/50-1'),
	(764, 'Unoperation', '2021-04-15 10:37:40', 'MCT-15'),
	(765, 'Unoperation', '2021-04-15 10:37:43', 'F500/50'),
	(766, 'Unoperation', '2021-04-15 10:37:46', 'F650/50-2'),
	(767, 'Operation', '2021-04-15 10:37:47', 'VX960M'),
	(768, 'Unoperation', '2021-04-15 10:37:47', 'F650/50-1'),
	(769, 'Unoperation', '2021-04-15 10:37:48', 'MCT-15'),
	(770, 'Unoperation', '2021-04-15 10:37:51', 'F500/50'),
	(771, 'Unoperation', '2021-04-15 10:37:54', 'F650/50-2'),
	(772, 'Operation', '2021-04-15 10:37:55', 'VX960M'),
	(773, 'Unoperation', '2021-04-15 10:37:55', 'F650/50-1'),
	(774, 'Unoperation', '2021-04-15 10:37:56', 'MCT-15'),
	(775, 'Unoperation', '2021-04-15 10:37:59', 'F500/50'),
	(776, 'Unoperation', '2021-04-15 10:38:02', 'F650/50-2'),
	(777, 'Operation', '2021-04-15 10:38:02', 'VX960M'),
	(778, 'Unoperation', '2021-04-15 10:38:03', 'F650/50-1'),
	(779, 'Unoperation', '2021-04-15 10:38:04', 'MCT-15'),
	(780, 'Unoperation', '2021-04-15 10:38:07', 'F500/50'),
	(781, 'Unoperation', '2021-04-15 10:38:09', 'F650/50-2'),
	(782, 'Operation', '2021-04-15 10:38:10', 'VX960M'),
	(783, 'Unoperation', '2021-04-15 10:38:10', 'F650/50-1'),
	(784, 'Unoperation', '2021-04-15 10:38:12', 'MCT-15'),
	(785, 'Unoperation', '2021-04-15 10:38:14', 'F500/50'),
	(786, 'Unoperation', '2021-04-15 10:38:17', 'F650/50-2'),
	(787, 'Operation', '2021-04-15 10:38:18', 'VX960M'),
	(788, 'Unoperation', '2021-04-15 10:38:18', 'F650/50-1'),
	(789, 'Unoperation', '2021-04-15 10:38:19', 'MCT-15'),
	(790, 'Unoperation', '2021-04-15 10:38:22', 'F500/50'),
	(791, 'Unoperation', '2021-04-15 10:38:25', 'F650/50-2'),
	(792, 'Operation', '2021-04-15 10:38:26', 'VX960M'),
	(793, 'Unoperation', '2021-04-15 10:38:26', 'F650/50-1'),
	(794, 'Unoperation', '2021-04-15 10:38:27', 'MCT-15'),
	(795, 'Unoperation', '2021-04-15 10:38:30', 'F500/50'),
	(796, 'Unoperation', '2021-04-15 10:38:33', 'F650/50-2'),
	(797, 'Operation', '2021-04-15 10:38:33', 'VX960M'),
	(798, 'Unoperation', '2021-04-15 10:38:34', 'F650/50-1'),
	(799, 'Unoperation', '2021-04-15 10:38:35', 'MCT-15'),
	(800, 'Unoperation', '2021-04-15 10:38:38', 'F500/50'),
	(801, 'Unoperation', '2021-04-15 10:38:41', 'F650/50-2'),
	(802, 'Operation', '2021-04-15 10:38:41', 'VX960M'),
	(803, 'Unoperation', '2021-04-15 10:38:41', 'F650/50-1'),
	(804, 'Unoperation', '2021-04-15 10:38:43', 'MCT-15'),
	(805, 'Unoperation', '2021-04-15 10:38:46', 'F500/50'),
	(806, 'Unoperation', '2021-04-15 10:38:48', 'F650/50-2'),
	(807, 'Operation', '2021-04-15 10:38:49', 'VX960M'),
	(808, 'Unoperation', '2021-04-15 10:38:49', 'F650/50-1'),
	(809, 'Unoperation', '2021-04-15 10:38:51', 'MCT-15'),
	(810, 'Unoperation', '2021-04-15 10:38:53', 'F500/50'),
	(811, 'Unoperation', '2021-04-15 10:38:56', 'F650/50-2'),
	(812, 'Operation', '2021-04-15 10:38:57', 'VX960M'),
	(813, 'Unoperation', '2021-04-15 10:38:57', 'F650/50-1'),
	(814, 'Unoperation', '2021-04-15 10:38:58', 'MCT-15'),
	(815, 'Unoperation', '2021-04-15 10:39:01', 'F500/50'),
	(816, 'Unoperation', '2021-04-15 10:39:04', 'F650/50-2'),
	(817, 'Operation', '2021-04-15 10:39:05', 'VX960M'),
	(818, 'Unoperation', '2021-04-15 10:39:05', 'F650/50-1'),
	(819, 'Unoperation', '2021-04-15 10:39:06', 'MCT-15'),
	(820, 'Unoperation', '2021-04-15 10:39:09', 'F500/50'),
	(821, 'Unoperation', '2021-04-15 10:39:12', 'F650/50-2'),
	(822, 'Operation', '2021-04-15 10:39:12', 'VX960M'),
	(823, 'Unoperation', '2021-04-15 10:39:12', 'F650/50-1'),
	(824, 'Operation', '2021-04-15 10:39:14', 'MCT-15'),
	(825, 'Unoperation', '2021-04-15 10:39:17', 'F500/50'),
	(826, 'Unoperation', '2021-04-15 10:39:19', 'F650/50-2'),
	(827, 'Operation', '2021-04-15 10:39:20', 'VX960M'),
	(828, 'Unoperation', '2021-04-15 10:39:20', 'F650/50-1'),
	(829, 'Unoperation', '2021-04-15 10:39:22', 'MCT-15'),
	(830, 'Unoperation', '2021-04-15 10:39:24', 'F500/50'),
	(831, 'Unoperation', '2021-04-15 10:39:27', 'F650/50-2'),
	(832, 'Operation', '2021-04-15 10:39:28', 'VX960M'),
	(833, 'Unoperation', '2021-04-15 10:39:28', 'F650/50-1'),
	(834, 'Unoperation', '2021-04-15 10:39:29', 'MCT-15'),
	(835, 'Unoperation', '2021-04-15 10:39:32', 'F500/50'),
	(836, 'Unoperation', '2021-04-15 10:39:35', 'F650/50-2'),
	(837, 'Operation', '2021-04-15 10:39:36', 'VX960M'),
	(838, 'Unoperation', '2021-04-15 10:39:36', 'F650/50-1'),
	(839, 'Unoperation', '2021-04-15 10:39:37', 'MCT-15'),
	(840, 'Unoperation', '2021-04-15 10:39:40', 'F500/50'),
	(841, 'Unoperation', '2021-04-15 10:39:43', 'F650/50-2'),
	(842, 'Operation', '2021-04-15 10:39:43', 'VX960M'),
	(843, 'Unoperation', '2021-04-15 10:39:44', 'F650/50-1'),
	(844, 'Unoperation', '2021-04-15 10:39:45', 'MCT-15'),
	(845, 'Unoperation', '2021-04-15 10:39:48', 'F500/50'),
	(846, 'Unoperation', '2021-04-15 10:39:51', 'F650/50-2'),
	(847, 'Operation', '2021-04-15 10:39:51', 'VX960M'),
	(848, 'Unoperation', '2021-04-15 10:39:51', 'F650/50-1'),
	(849, 'Unoperation', '2021-04-15 10:39:53', 'MCT-15'),
	(850, 'Unoperation', '2021-04-15 10:39:55', 'F500/50'),
	(851, 'Unoperation', '2021-04-15 10:39:58', 'F650/50-2'),
	(852, 'Operation', '2021-04-15 10:39:59', 'VX960M'),
	(853, 'Unoperation', '2021-04-15 10:39:59', 'F650/50-1'),
	(854, 'Unoperation', '2021-04-15 10:40:01', 'MCT-15'),
	(855, 'Unoperation', '2021-04-15 10:40:03', 'F500/50'),
	(856, 'Unoperation', '2021-04-15 10:40:06', 'F650/50-2'),
	(857, 'Operation', '2021-04-15 10:40:07', 'VX960M'),
	(858, 'Unoperation', '2021-04-15 10:40:07', 'F650/50-1'),
	(859, 'Unoperation', '2021-04-15 10:40:08', 'MCT-15'),
	(860, 'Unoperation', '2021-04-15 10:40:11', 'F500/50'),
	(861, 'Unoperation', '2021-04-15 10:40:14', 'F650/50-2'),
	(862, 'Operation', '2021-04-15 10:40:15', 'VX960M'),
	(863, 'Unoperation', '2021-04-15 10:40:15', 'F650/50-1'),
	(864, 'Unoperation', '2021-04-15 10:40:16', 'MCT-15'),
	(865, 'Unoperation', '2021-04-15 10:40:19', 'F500/50'),
	(866, 'Unoperation', '2021-04-15 10:40:22', 'F650/50-2'),
	(867, 'Operation', '2021-04-15 10:40:22', 'VX960M'),
	(868, 'Unoperation', '2021-04-15 10:40:22', 'F650/50-1'),
	(869, 'Unoperation', '2021-04-15 10:40:24', 'MCT-15'),
	(870, 'Unoperation', '2021-04-15 10:40:27', 'F500/50'),
	(871, 'Unoperation', '2021-04-15 10:40:29', 'F650/50-2'),
	(872, 'Operation', '2021-04-15 10:40:30', 'VX960M'),
	(873, 'Unoperation', '2021-04-15 10:40:30', 'F650/50-1'),
	(874, 'Unoperation', '2021-04-15 10:40:32', 'MCT-15'),
	(875, 'Unoperation', '2021-04-15 10:40:34', 'F500/50'),
	(876, 'Unoperation', '2021-04-15 10:40:37', 'F650/50-2'),
	(877, 'Operation', '2021-04-15 10:40:38', 'VX960M'),
	(878, 'Unoperation', '2021-04-15 10:40:38', 'F650/50-1'),
	(879, 'Unoperation', '2021-04-15 10:40:40', 'MCT-15'),
	(880, 'Unoperation', '2021-04-15 10:40:42', 'F500/50'),
	(881, 'Unoperation', '2021-04-15 10:40:45', 'F650/50-2'),
	(882, 'Operation', '2021-04-15 10:40:46', 'VX960M'),
	(883, 'Unoperation', '2021-04-15 10:40:46', 'F650/50-1'),
	(884, 'Unoperation', '2021-04-15 10:40:47', 'MCT-15'),
	(885, 'Unoperation', '2021-04-15 10:40:50', 'F500/50'),
	(886, 'Unoperation', '2021-04-15 10:40:53', 'F650/50-2'),
	(887, 'Operation', '2021-04-15 10:40:53', 'VX960M'),
	(888, 'Unoperation', '2021-04-15 10:40:54', 'F650/50-1'),
	(889, 'Unoperation', '2021-04-15 10:40:55', 'MCT-15'),
	(890, 'Unoperation', '2021-04-15 10:40:58', 'F500/50'),
	(891, 'Unoperation', '2021-04-15 10:41:01', 'F650/50-2'),
	(892, 'Operation', '2021-04-15 10:41:01', 'VX960M'),
	(893, 'Unoperation', '2021-04-15 10:41:01', 'F650/50-1'),
	(894, 'Unoperation', '2021-04-15 10:41:03', 'MCT-15'),
	(895, 'Unoperation', '2021-04-15 10:41:05', 'F500/50'),
	(896, 'Unoperation', '2021-04-15 10:41:08', 'F650/50-2'),
	(897, 'Operation', '2021-04-15 10:41:09', 'VX960M'),
	(898, 'Unoperation', '2021-04-15 10:41:09', 'F650/50-1'),
	(899, 'Unoperation', '2021-04-15 10:41:11', 'MCT-15'),
	(900, 'Unoperation', '2021-04-15 10:41:13', 'F500/50'),
	(901, 'Unoperation', '2021-04-15 10:41:16', 'F650/50-2'),
	(902, 'Operation', '2021-04-15 10:41:17', 'VX960M'),
	(903, 'Unoperation', '2021-04-15 10:41:17', 'F650/50-1'),
	(904, 'Unoperation', '2021-04-15 10:41:18', 'MCT-15'),
	(905, 'Unoperation', '2021-04-15 10:41:21', 'F500/50'),
	(906, 'Unoperation', '2021-04-15 10:41:24', 'F650/50-2'),
	(907, 'Operation', '2021-04-15 10:41:25', 'VX960M'),
	(908, 'Unoperation', '2021-04-15 10:41:25', 'F650/50-1'),
	(909, 'Operation', '2021-04-15 10:41:26', 'MCT-15'),
	(910, 'Unoperation', '2021-04-15 10:41:29', 'F500/50'),
	(911, 'Unoperation', '2021-04-15 10:41:32', 'F650/50-2'),
	(912, 'Operation', '2021-04-15 10:41:32', 'VX960M'),
	(913, 'Unoperation', '2021-04-15 10:41:32', 'F650/50-1'),
	(914, 'Operation', '2021-04-15 10:41:34', 'MCT-15'),
	(915, 'Unoperation', '2021-04-15 10:41:37', 'F500/50'),
	(916, 'Unoperation', '2021-04-15 10:41:39', 'F650/50-2'),
	(917, 'Operation', '2021-04-15 10:41:40', 'VX960M'),
	(918, 'Unoperation', '2021-04-15 10:41:40', 'F650/50-1'),
	(919, 'Operation', '2021-04-15 10:41:42', 'MCT-15'),
	(920, 'Unoperation', '2021-04-15 10:41:45', 'F500/50'),
	(921, 'Unoperation', '2021-04-15 10:41:47', 'F650/50-2'),
	(922, 'Operation', '2021-04-15 10:41:48', 'VX960M'),
	(923, 'Unoperation', '2021-04-15 10:41:48', 'F650/50-1'),
	(924, 'Operation', '2021-04-15 10:41:50', 'MCT-15'),
	(925, 'Unoperation', '2021-04-15 10:41:52', 'F500/50'),
	(926, 'Unoperation', '2021-04-15 10:41:55', 'F650/50-2'),
	(927, 'Operation', '2021-04-15 10:41:56', 'VX960M'),
	(928, 'Unoperation', '2021-04-15 10:41:56', 'F650/50-1'),
	(929, 'Unoperation', '2021-04-15 10:41:57', 'MCT-15'),
	(930, 'Unoperation', '2021-04-15 10:42:00', 'F500/50'),
	(931, 'Unoperation', '2021-04-15 10:42:03', 'F650/50-2'),
	(932, 'Operation', '2021-04-15 10:42:03', 'VX960M'),
	(933, 'Unoperation', '2021-04-15 10:42:03', 'F650/50-1'),
	(934, 'Unoperation', '2021-04-15 10:42:05', 'MCT-15'),
	(935, 'Unoperation', '2021-04-15 10:42:08', 'F500/50'),
	(936, 'Unoperation', '2021-04-15 10:42:11', 'F650/50-2'),
	(937, 'Operation', '2021-04-15 10:42:11', 'VX960M'),
	(938, 'Unoperation', '2021-04-15 10:42:11', 'F650/50-1'),
	(939, 'Unoperation', '2021-04-15 10:42:13', 'MCT-15'),
	(940, 'Unoperation', '2021-04-15 10:42:15', 'F500/50'),
	(941, 'Unoperation', '2021-04-15 10:42:18', 'F650/50-2'),
	(942, 'Operation', '2021-04-15 10:42:19', 'VX960M'),
	(943, 'Unoperation', '2021-04-15 10:42:19', 'F650/50-1'),
	(944, 'Unoperation', '2021-04-15 10:42:21', 'MCT-15'),
	(945, 'Unoperation', '2021-04-15 10:42:23', 'F500/50'),
	(946, 'Unoperation', '2021-04-15 10:42:26', 'F650/50-2'),
	(947, 'Operation', '2021-04-15 10:42:27', 'VX960M'),
	(948, 'Unoperation', '2021-04-15 10:42:27', 'F650/50-1'),
	(949, 'Unoperation', '2021-04-15 10:42:29', 'MCT-15'),
	(950, 'Unoperation', '2021-04-15 10:42:31', 'F500/50'),
	(951, 'Unoperation', '2021-04-15 10:42:34', 'F650/50-2'),
	(952, 'Operation', '2021-04-15 10:42:34', 'VX960M'),
	(953, 'Unoperation', '2021-04-15 10:42:35', 'F650/50-1'),
	(954, 'Unoperation', '2021-04-15 10:42:36', 'MCT-15'),
	(955, 'Unoperation', '2021-04-15 10:42:39', 'F500/50'),
	(956, 'Unoperation', '2021-04-15 10:42:42', 'F650/50-2'),
	(957, 'Operation', '2021-04-15 10:42:42', 'VX960M'),
	(958, 'Unoperation', '2021-04-15 10:42:42', 'F650/50-1'),
	(959, 'Operation', '2021-04-15 10:42:44', 'MCT-15'),
	(960, 'Unoperation', '2021-04-15 10:42:46', 'F500/50'),
	(961, 'Unoperation', '2021-04-15 10:42:49', 'F650/50-2'),
	(962, 'Operation', '2021-04-15 10:42:50', 'VX960M'),
	(963, 'Unoperation', '2021-04-15 10:42:50', 'F650/50-1'),
	(964, 'Unoperation', '2021-04-15 10:42:52', 'MCT-15'),
	(965, 'Unoperation', '2021-04-15 10:42:54', 'F500/50'),
	(966, 'Unoperation', '2021-04-15 10:42:57', 'F650/50-2'),
	(967, 'Operation', '2021-04-15 10:42:58', 'VX960M'),
	(968, 'Unoperation', '2021-04-15 10:42:58', 'F650/50-1'),
	(969, 'Operation', '2021-04-15 10:43:00', 'MCT-15'),
	(970, 'Unoperation', '2021-04-15 10:43:02', 'F500/50'),
	(971, 'Unoperation', '2021-04-15 10:43:05', 'F650/50-2'),
	(972, 'Operation', '2021-04-15 10:43:06', 'VX960M'),
	(973, 'Unoperation', '2021-04-15 10:43:06', 'F650/50-1'),
	(974, 'Unoperation', '2021-04-15 10:43:07', 'MCT-15'),
	(975, 'Unoperation', '2021-04-15 10:43:10', 'F500/50'),
	(976, 'Unoperation', '2021-04-15 10:43:13', 'F650/50-2'),
	(977, 'Operation', '2021-04-15 10:43:13', 'VX960M'),
	(978, 'Unoperation', '2021-04-15 10:43:13', 'F650/50-1'),
	(979, 'Unoperation', '2021-04-15 10:43:15', 'MCT-15'),
	(980, 'Unoperation', '2021-04-15 10:43:18', 'F500/50'),
	(981, 'Unoperation', '2021-04-15 10:43:21', 'F650/50-2'),
	(982, 'Operation', '2021-04-15 10:43:21', 'VX960M'),
	(983, 'Unoperation', '2021-04-15 10:43:21', 'F650/50-1'),
	(984, 'Operation', '2021-04-15 10:43:23', 'MCT-15'),
	(985, 'Unoperation', '2021-04-15 10:43:25', 'F500/50'),
	(986, 'Unoperation', '2021-04-15 10:43:28', 'F650/50-2'),
	(987, 'Operation', '2021-04-15 10:43:29', 'VX960M'),
	(988, 'Unoperation', '2021-04-15 10:43:29', 'F650/50-1'),
	(989, 'Operation', '2021-04-15 10:43:31', 'MCT-15'),
	(990, 'Unoperation', '2021-04-15 10:43:33', 'F500/50'),
	(991, 'Unoperation', '2021-04-15 10:43:36', 'F650/50-2'),
	(992, 'Operation', '2021-04-15 10:43:37', 'VX960M'),
	(993, 'Unoperation', '2021-04-15 10:43:37', 'F650/50-1'),
	(994, 'Operation', '2021-04-15 10:43:39', 'MCT-15'),
	(995, 'Unoperation', '2021-04-15 10:43:41', 'F500/50'),
	(996, 'Unoperation', '2021-04-15 10:43:44', 'F650/50-2'),
	(997, 'Operation', '2021-04-15 10:43:44', 'VX960M'),
	(998, 'Unoperation', '2021-04-15 10:43:45', 'F650/50-1'),
	(999, 'Unoperation', '2021-04-15 10:43:46', 'MCT-15'),
	(1000, 'Unoperation', '2021-04-15 10:43:49', 'F500/50'),
	(1001, 'Unoperation', '2021-04-15 10:43:52', 'F650/50-2'),
	(1002, 'Operation', '2021-04-15 10:43:52', 'VX960M'),
	(1003, 'Unoperation', '2021-04-15 10:43:52', 'F650/50-1'),
	(1004, 'Unoperation', '2021-04-15 10:43:54', 'MCT-15'),
	(1005, 'Unoperation', '2021-04-15 10:43:56', 'F500/50'),
	(1006, 'Unoperation', '2021-04-15 10:44:00', 'F650/50-2'),
	(1007, 'Operation', '2021-04-15 10:44:00', 'VX960M'),
	(1008, 'Unoperation', '2021-04-15 10:44:00', 'F650/50-1'),
	(1009, 'Unoperation', '2021-04-15 10:44:02', 'MCT-15'),
	(1010, 'Unoperation', '2021-04-15 10:44:04', 'F500/50'),
	(1011, 'Unoperation', '2021-04-15 10:44:07', 'F650/50-2'),
	(1012, 'Operation', '2021-04-15 10:44:08', 'VX960M'),
	(1013, 'Unoperation', '2021-04-15 10:44:08', 'F650/50-1'),
	(1014, 'Operation', '2021-04-15 10:44:10', 'MCT-15'),
	(1015, 'Unoperation', '2021-04-15 10:44:12', 'F500/50'),
	(1016, 'Unoperation', '2021-04-15 10:44:15', 'F650/50-2'),
	(1017, 'Operation', '2021-04-15 10:44:16', 'VX960M'),
	(1018, 'Unoperation', '2021-04-15 10:44:16', 'F650/50-1'),
	(1019, 'Unoperation', '2021-04-15 10:44:18', 'MCT-15'),
	(1020, 'Unoperation', '2021-04-15 10:44:20', 'F500/50'),
	(1021, 'Unoperation', '2021-04-15 10:44:23', 'F650/50-2'),
	(1022, 'Operation', '2021-04-15 10:44:23', 'VX960M'),
	(1023, 'Unoperation', '2021-04-15 10:44:23', 'F650/50-1'),
	(1024, 'Unoperation', '2021-04-15 10:44:25', 'MCT-15'),
	(1025, 'Unoperation', '2021-04-15 10:44:27', 'F500/50'),
	(1026, 'Unoperation', '2021-04-15 10:44:31', 'F650/50-2'),
	(1027, 'Operation', '2021-04-15 10:44:31', 'VX960M'),
	(1028, 'Unoperation', '2021-04-15 10:44:31', 'F650/50-1'),
	(1029, 'Unoperation', '2021-04-15 10:44:33', 'MCT-15'),
	(1030, 'Unoperation', '2021-04-15 10:44:35', 'F500/50'),
	(1031, 'Unoperation', '2021-04-15 10:44:38', 'F650/50-2'),
	(1032, 'Operation', '2021-04-15 10:44:39', 'VX960M'),
	(1033, 'Unoperation', '2021-04-15 10:44:39', 'F650/50-1'),
	(1034, 'Operation', '2021-04-15 10:44:41', 'MCT-15'),
	(1035, 'Unoperation', '2021-04-15 10:44:43', 'F500/50'),
	(1036, 'Unoperation', '2021-04-15 10:44:46', 'F650/50-2'),
	(1037, 'Operation', '2021-04-15 10:44:47', 'VX960M'),
	(1038, 'Unoperation', '2021-04-15 10:44:47', 'F650/50-1'),
	(1039, 'Operation', '2021-04-15 10:44:49', 'MCT-15'),
	(1040, 'Unoperation', '2021-04-15 10:44:51', 'F500/50'),
	(1041, 'Unoperation', '2021-04-15 10:44:54', 'F650/50-2'),
	(1042, 'Operation', '2021-04-15 10:44:54', 'VX960M'),
	(1043, 'Unoperation', '2021-04-15 10:44:55', 'F650/50-1'),
	(1044, 'Unoperation', '2021-04-15 10:44:56', 'MCT-15'),
	(1045, 'Unoperation', '2021-04-15 10:44:59', 'F500/50'),
	(1046, 'Unoperation', '2021-04-15 10:45:02', 'F650/50-2'),
	(1047, 'Operation', '2021-04-15 10:45:02', 'VX960M'),
	(1048, 'Unoperation', '2021-04-15 10:45:02', 'F650/50-1'),
	(1049, 'Unoperation', '2021-04-15 10:45:04', 'MCT-15'),
	(1050, 'Unoperation', '2021-04-15 10:45:06', 'F500/50'),
	(1051, 'Unoperation', '2021-04-15 10:45:10', 'F650/50-2'),
	(1052, 'Operation', '2021-04-15 10:45:10', 'VX960M'),
	(1053, 'Unoperation', '2021-04-15 10:45:10', 'F650/50-1'),
	(1054, 'Operation', '2021-04-15 10:45:12', 'MCT-15'),
	(1055, 'Unoperation', '2021-04-15 10:45:14', 'F500/50'),
	(1056, 'Unoperation', '2021-04-15 10:45:17', 'F650/50-2'),
	(1057, 'Operation', '2021-04-15 10:45:18', 'VX960M'),
	(1058, 'Unoperation', '2021-04-15 10:45:18', 'F650/50-1'),
	(1059, 'Unoperation', '2021-04-15 10:45:20', 'MCT-15'),
	(1060, 'Unoperation', '2021-04-15 10:45:22', 'F500/50'),
	(1061, 'Unoperation', '2021-04-15 10:45:25', 'F650/50-2'),
	(1062, 'Operation', '2021-04-15 10:45:26', 'VX960M'),
	(1063, 'Unoperation', '2021-04-15 10:45:26', 'F650/50-1'),
	(1064, 'Unoperation', '2021-04-15 10:45:28', 'MCT-15'),
	(1065, 'Unoperation', '2021-04-15 10:45:30', 'F500/50'),
	(1066, 'Unoperation', '2021-04-15 10:45:33', 'F650/50-2'),
	(1067, 'Operation', '2021-04-15 10:45:33', 'VX960M'),
	(1068, 'Unoperation', '2021-04-15 10:45:33', 'F650/50-1'),
	(1069, 'Operation', '2021-04-15 10:45:35', 'MCT-15'),
	(1070, 'Unoperation', '2021-04-15 10:45:37', 'F500/50'),
	(1071, 'Unoperation', '2021-04-15 10:45:41', 'F650/50-2'),
	(1072, 'Operation', '2021-04-15 10:45:41', 'VX960M'),
	(1073, 'Unoperation', '2021-04-15 10:45:41', 'F650/50-1'),
	(1074, 'Unoperation', '2021-04-15 10:45:43', 'MCT-15'),
	(1075, 'Unoperation', '2021-04-15 10:45:45', 'F500/50'),
	(1076, 'Unoperation', '2021-04-15 10:45:48', 'F650/50-2'),
	(1077, 'Operation', '2021-04-15 10:45:49', 'VX960M'),
	(1078, 'Unoperation', '2021-04-15 10:45:49', 'F650/50-1'),
	(1079, 'Operation', '2021-04-15 10:45:51', 'MCT-15'),
	(1080, 'Unoperation', '2021-04-15 10:45:53', 'F500/50'),
	(1081, 'Unoperation', '2021-04-15 10:45:56', 'F650/50-2'),
	(1082, 'Operation', '2021-04-15 10:45:57', 'VX960M'),
	(1083, 'Unoperation', '2021-04-15 10:45:57', 'F650/50-1'),
	(1084, 'Unoperation', '2021-04-15 10:45:59', 'MCT-15'),
	(1085, 'Unoperation', '2021-04-15 10:46:01', 'F500/50'),
	(1086, 'Unoperation', '2021-04-15 10:46:04', 'F650/50-2'),
	(1087, 'Operation', '2021-04-15 10:46:04', 'VX960M'),
	(1088, 'Unoperation', '2021-04-15 10:46:05', 'F650/50-1'),
	(1089, 'Unoperation', '2021-04-15 10:46:07', 'MCT-15'),
	(1090, 'Unoperation', '2021-04-15 10:46:08', 'F500/50'),
	(1091, 'Unoperation', '2021-04-15 10:46:12', 'F650/50-2'),
	(1092, 'Operation', '2021-04-15 10:46:12', 'VX960M'),
	(1093, 'Unoperation', '2021-04-15 10:46:12', 'F650/50-1'),
	(1094, 'Unoperation', '2021-04-15 10:46:14', 'MCT-15'),
	(1095, 'Unoperation', '2021-04-15 10:46:16', 'F500/50'),
	(1096, 'Unoperation', '2021-04-15 10:46:20', 'F650/50-2'),
	(1097, 'Operation', '2021-04-15 10:46:20', 'VX960M'),
	(1098, 'Unoperation', '2021-04-15 10:46:20', 'F650/50-1'),
	(1099, 'Operation', '2021-04-15 10:46:22', 'MCT-15'),
	(1100, 'Unoperation', '2021-04-15 10:46:24', 'F500/50'),
	(1101, 'Unoperation', '2021-04-15 10:46:27', 'F650/50-2'),
	(1102, 'Operation', '2021-04-15 10:46:28', 'VX960M'),
	(1103, 'Unoperation', '2021-04-15 10:46:28', 'F650/50-1'),
	(1104, 'Unoperation', '2021-04-15 10:46:30', 'MCT-15'),
	(1105, 'Unoperation', '2021-04-15 10:46:32', 'F500/50'),
	(1106, 'Unoperation', '2021-04-15 10:46:35', 'F650/50-2'),
	(1107, 'Operation', '2021-04-15 10:46:36', 'VX960M'),
	(1108, 'Unoperation', '2021-04-15 10:46:36', 'F650/50-1'),
	(1109, 'Operation', '2021-04-15 10:46:38', 'MCT-15'),
	(1110, 'Unoperation', '2021-04-15 10:46:40', 'F500/50'),
	(1111, 'Unoperation', '2021-04-15 10:46:43', 'F650/50-2'),
	(1112, 'Unoperation', '2021-04-15 10:46:43', 'VX960M'),
	(1113, 'Unoperation', '2021-04-15 10:46:43', 'F650/50-1'),
	(1114, 'Unoperation', '2021-04-15 10:46:46', 'MCT-15'),
	(1115, 'Unoperation', '2021-04-15 10:46:47', 'F500/50'),
	(1116, 'Unoperation', '2021-04-15 10:46:51', 'F650/50-2'),
	(1117, 'Unoperation', '2021-04-15 10:46:51', 'VX960M'),
	(1118, 'Unoperation', '2021-04-15 10:46:51', 'F650/50-1'),
	(1119, 'Unoperation', '2021-04-15 10:46:53', 'MCT-15'),
	(1120, 'Unoperation', '2021-04-15 10:46:55', 'F500/50'),
	(1121, 'Unoperation', '2021-04-15 10:46:58', 'F650/50-2'),
	(1122, 'Unoperation', '2021-04-15 10:46:59', 'VX960M'),
	(1123, 'Unoperation', '2021-04-15 10:46:59', 'F650/50-1'),
	(1124, 'Unoperation', '2021-04-15 10:47:01', 'MCT-15'),
	(1125, 'Unoperation', '2021-04-15 10:47:03', 'F500/50'),
	(1126, 'Unoperation', '2021-04-15 10:47:06', 'F650/50-2'),
	(1127, 'Unoperation', '2021-04-15 10:47:07', 'VX960M'),
	(1128, 'Unoperation', '2021-04-15 10:47:07', 'F650/50-1'),
	(1129, 'Unoperation', '2021-04-15 10:47:09', 'MCT-15'),
	(1130, 'Unoperation', '2021-04-15 10:47:11', 'F500/50'),
	(1131, 'Unoperation', '2021-04-15 10:47:14', 'F650/50-2'),
	(1132, 'Unoperation', '2021-04-15 10:47:14', 'VX960M'),
	(1133, 'Unoperation', '2021-04-15 10:47:15', 'F650/50-1'),
	(1134, 'Operation', '2021-04-15 10:47:17', 'MCT-15'),
	(1135, 'Unoperation', '2021-04-15 10:47:18', 'F500/50'),
	(1136, 'Unoperation', '2021-04-15 10:47:22', 'F650/50-2'),
	(1137, 'Unoperation', '2021-04-15 10:47:22', 'VX960M'),
	(1138, 'Unoperation', '2021-04-15 10:47:22', 'F650/50-1'),
	(1139, 'Operation', '2021-04-15 10:47:24', 'MCT-15'),
	(1140, 'Unoperation', '2021-04-15 10:47:26', 'F500/50'),
	(1141, 'Unoperation', '2021-04-15 10:47:30', 'F650/50-2'),
	(1142, 'Unoperation', '2021-04-15 10:47:30', 'VX960M'),
	(1143, 'Unoperation', '2021-04-15 10:47:30', 'F650/50-1'),
	(1144, 'Operation', '2021-04-15 10:47:32', 'MCT-15'),
	(1145, 'Unoperation', '2021-04-15 10:47:34', 'F500/50'),
	(1146, 'Unoperation', '2021-04-15 10:47:37', 'F650/50-2'),
	(1147, 'Unoperation', '2021-04-15 10:47:38', 'VX960M'),
	(1148, 'Unoperation', '2021-04-15 10:47:38', 'F650/50-1'),
	(1149, 'Operation', '2021-04-15 10:47:40', 'MCT-15'),
	(1150, 'Unoperation', '2021-04-15 10:47:42', 'F500/50'),
	(1151, 'Unoperation', '2021-04-15 10:47:45', 'F650/50-2'),
	(1152, 'Unoperation', '2021-04-15 10:47:46', 'VX960M'),
	(1153, 'Unoperation', '2021-04-15 10:47:46', 'F650/50-1'),
	(1154, 'Unoperation', '2021-04-15 10:47:48', 'MCT-15'),
	(1155, 'Unoperation', '2021-04-15 10:47:50', 'F500/50'),
	(1156, 'Unoperation', '2021-04-15 10:47:53', 'F650/50-2'),
	(1157, 'Unoperation', '2021-04-15 10:47:53', 'VX960M'),
	(1158, 'Unoperation', '2021-04-15 10:47:53', 'F650/50-1'),
	(1159, 'Unoperation', '2021-04-15 10:47:56', 'MCT-15'),
	(1160, 'Unoperation', '2021-04-15 10:47:57', 'F500/50'),
	(1161, 'Unoperation', '2021-04-15 10:48:01', 'F650/50-2'),
	(1162, 'Unoperation', '2021-04-15 10:48:01', 'VX960M'),
	(1163, 'Unoperation', '2021-04-15 10:48:01', 'F650/50-1'),
	(1164, 'Unoperation', '2021-04-15 10:48:03', 'MCT-15'),
	(1165, 'Unoperation', '2021-04-15 10:48:05', 'F500/50'),
	(1166, 'Unoperation', '2021-04-15 10:48:08', 'F650/50-2'),
	(1167, 'Unoperation', '2021-04-15 10:48:09', 'VX960M'),
	(1168, 'Unoperation', '2021-04-15 10:48:09', 'F650/50-1'),
	(1169, 'Unoperation', '2021-04-15 10:48:11', 'MCT-15'),
	(1170, 'Unoperation', '2021-04-15 10:48:13', 'F500/50'),
	(1171, 'Unoperation', '2021-04-15 10:48:16', 'F650/50-2'),
	(1172, 'Unoperation', '2021-04-15 10:48:17', 'VX960M'),
	(1173, 'Unoperation', '2021-04-15 10:48:17', 'F650/50-1'),
	(1174, 'Unoperation', '2021-04-15 10:48:19', 'MCT-15'),
	(1175, 'Unoperation', '2021-04-15 10:48:21', 'F500/50'),
	(1176, 'Unoperation', '2021-04-15 10:48:24', 'F650/50-2'),
	(1177, 'Unoperation', '2021-04-15 10:48:24', 'VX960M'),
	(1178, 'Unoperation', '2021-04-15 10:48:24', 'F650/50-1'),
	(1179, 'Unoperation', '2021-04-15 10:48:27', 'MCT-15'),
	(1180, 'Unoperation', '2021-04-15 10:48:28', 'F500/50'),
	(1181, 'Unoperation', '2021-04-15 10:48:32', 'F650/50-2'),
	(1182, 'Unoperation', '2021-04-15 10:48:32', 'VX960M'),
	(1183, 'Unoperation', '2021-04-15 10:48:32', 'F650/50-1'),
	(1184, 'Unoperation', '2021-04-15 10:48:35', 'MCT-15'),
	(1185, 'Unoperation', '2021-04-15 10:48:36', 'F500/50'),
	(1186, 'Unoperation', '2021-04-15 10:48:40', 'F650/50-2'),
	(1187, 'Unoperation', '2021-04-15 10:48:40', 'VX960M'),
	(1188, 'Unoperation', '2021-04-15 10:48:40', 'F650/50-1'),
	(1189, 'Operation', '2021-04-15 10:48:42', 'MCT-15'),
	(1190, 'Unoperation', '2021-04-15 10:48:44', 'F500/50'),
	(1191, 'Unoperation', '2021-04-15 10:48:47', 'F650/50-2'),
	(1192, 'Unoperation', '2021-04-15 10:48:48', 'VX960M'),
	(1193, 'Unoperation', '2021-04-15 10:48:48', 'F650/50-1'),
	(1194, 'Unoperation', '2021-04-15 10:48:50', 'MCT-15'),
	(1195, 'Unoperation', '2021-04-15 10:48:52', 'F500/50'),
	(1196, 'Unoperation', '2021-04-15 10:48:55', 'F650/50-2'),
	(1197, 'Unoperation', '2021-04-15 10:48:56', 'VX960M'),
	(1198, 'Unoperation', '2021-04-15 10:48:56', 'F650/50-1'),
	(1199, 'Operation', '2021-04-15 10:48:58', 'MCT-15'),
	(1200, 'Unoperation', '2021-04-15 10:48:59', 'F500/50'),
	(1201, 'Unoperation', '2021-04-15 10:49:03', 'F650/50-2'),
	(1202, 'Unoperation', '2021-04-15 10:49:03', 'VX960M'),
	(1203, 'Unoperation', '2021-04-15 10:49:03', 'F650/50-1'),
	(1204, 'Unoperation', '2021-04-15 10:49:06', 'MCT-15'),
	(1205, 'Unoperation', '2021-04-15 10:49:07', 'F500/50'),
	(1206, 'Unoperation', '2021-04-15 10:49:11', 'F650/50-2'),
	(1207, 'Unoperation', '2021-04-15 10:49:11', 'VX960M'),
	(1208, 'Unoperation', '2021-04-15 10:49:11', 'F650/50-1'),
	(1209, 'Unoperation', '2021-04-15 10:49:13', 'MCT-15'),
	(1210, 'Unoperation', '2021-04-15 10:49:15', 'F500/50'),
	(1211, 'Operation', '2021-04-15 10:49:19', 'F650/50-2'),
	(1212, 'Unoperation', '2021-04-15 10:49:19', 'VX960M'),
	(1213, 'Unoperation', '2021-04-15 10:49:19', 'F650/50-1'),
	(1214, 'Unoperation', '2021-04-15 10:49:21', 'MCT-15'),
	(1215, 'Unoperation', '2021-04-15 10:49:23', 'F500/50'),
	(1216, 'Unoperation', '2021-04-15 10:49:26', 'F650/50-2'),
	(1217, 'Unoperation', '2021-04-15 10:49:27', 'F650/50-1'),
	(1218, 'Unoperation', '2021-04-15 10:49:27', 'VX960M'),
	(1219, 'Unoperation', '2021-04-15 10:49:29', 'MCT-15'),
	(1220, 'Unoperation', '2021-04-15 10:49:31', 'F500/50'),
	(1221, 'Unoperation', '2021-04-15 10:49:34', 'F650/50-2'),
	(1222, 'Unoperation', '2021-04-15 10:49:34', 'F650/50-1'),
	(1223, 'Unoperation', '2021-04-15 10:49:34', 'VX960M'),
	(1224, 'Unoperation', '2021-04-15 10:49:37', 'MCT-15'),
	(1225, 'Unoperation', '2021-04-15 10:49:38', 'F500/50'),
	(1226, 'Unoperation', '2021-04-15 10:49:42', 'F650/50-2'),
	(1227, 'Unoperation', '2021-04-15 10:49:42', 'F650/50-1'),
	(1228, 'Unoperation', '2021-04-15 10:49:42', 'VX960M'),
	(1229, 'Unoperation', '2021-04-15 10:49:45', 'MCT-15'),
	(1230, 'Unoperation', '2021-04-15 10:49:46', 'F500/50'),
	(1231, 'Unoperation', '2021-04-15 10:49:50', 'F650/50-2'),
	(1232, 'Unoperation', '2021-04-15 10:49:50', 'F650/50-1'),
	(1233, 'Unoperation', '2021-04-15 10:49:50', 'VX960M'),
	(1234, 'Unoperation', '2021-04-15 10:49:52', 'MCT-15'),
	(1235, 'Unoperation', '2021-04-15 10:49:54', 'F500/50'),
	(1236, 'Unoperation', '2021-04-15 10:49:57', 'F650/50-2'),
	(1237, 'Unoperation', '2021-04-15 10:49:58', 'F650/50-1'),
	(1238, 'Unoperation', '2021-04-15 10:49:58', 'VX960M'),
	(1239, 'Unoperation', '2021-04-15 10:50:00', 'MCT-15'),
	(1240, 'Unoperation', '2021-04-15 10:50:02', 'F500/50'),
	(1241, 'Unoperation', '2021-04-15 10:50:05', 'F650/50-2'),
	(1242, 'Unoperation', '2021-04-15 10:50:06', 'F650/50-1'),
	(1243, 'Operation', '2021-04-15 10:50:06', 'VX960M'),
	(1244, 'Unoperation', '2021-04-15 10:50:08', 'MCT-15'),
	(1245, 'Unoperation', '2021-04-15 10:50:09', 'F500/50'),
	(1246, 'Unoperation', '2021-04-15 10:50:13', 'F650/50-2'),
	(1247, 'Unoperation', '2021-04-15 10:50:13', 'F650/50-1'),
	(1248, 'Operation', '2021-04-15 10:50:13', 'VX960M'),
	(1249, 'Operation', '2021-04-15 10:50:16', 'MCT-15'),
	(1250, 'Unoperation', '2021-04-15 10:50:17', 'F500/50'),
	(1251, 'Unoperation', '2021-04-15 10:50:21', 'F650/50-2'),
	(1252, 'Unoperation', '2021-04-15 10:50:21', 'F650/50-1'),
	(1253, 'Operation', '2021-04-15 10:50:21', 'VX960M'),
	(1254, 'Operation', '2021-04-15 10:50:24', 'MCT-15'),
	(1255, 'Unoperation', '2021-04-15 10:50:25', 'F500/50'),
	(1256, 'Unoperation', '2021-04-15 10:50:29', 'F650/50-2'),
	(1257, 'Unoperation', '2021-04-15 10:50:29', 'F650/50-1'),
	(1258, 'Operation', '2021-04-15 10:50:29', 'VX960M'),
	(1259, 'Operation', '2021-04-15 10:50:31', 'MCT-15'),
	(1260, 'Unoperation', '2021-04-15 10:50:33', 'F500/50'),
	(1261, 'Unoperation', '2021-04-15 10:50:36', 'F650/50-2'),
	(1262, 'Unoperation', '2021-04-15 10:50:37', 'F650/50-1'),
	(1263, 'Operation', '2021-04-15 10:50:37', 'VX960M'),
	(1264, 'Operation', '2021-04-15 10:50:39', 'MCT-15'),
	(1265, 'Unoperation', '2021-04-15 10:50:41', 'F500/50'),
	(1266, 'Unoperation', '2021-04-15 10:50:44', 'F650/50-2'),
	(1267, 'Unoperation', '2021-04-15 10:50:44', 'F650/50-1'),
	(1268, 'Operation', '2021-04-15 10:50:44', 'VX960M'),
	(1269, 'Operation', '2021-04-15 10:50:47', 'MCT-15'),
	(1270, 'Unoperation', '2021-04-15 10:50:48', 'F500/50'),
	(1271, 'Unoperation', '2021-04-15 10:50:52', 'F650/50-2'),
	(1272, 'Unoperation', '2021-04-15 10:50:52', 'F650/50-1'),
	(1273, 'Operation', '2021-04-15 10:50:52', 'VX960M'),
	(1274, 'Operation', '2021-04-15 10:50:55', 'MCT-15'),
	(1275, 'Unoperation', '2021-04-15 10:50:56', 'F500/50'),
	(1276, 'Unoperation', '2021-04-15 10:51:00', 'F650/50-2'),
	(1277, 'Unoperation', '2021-04-15 10:51:00', 'F650/50-1'),
	(1278, 'Operation', '2021-04-15 10:51:00', 'VX960M'),
	(1279, 'Unoperation', '2021-04-15 10:51:02', 'MCT-15'),
	(1280, 'Unoperation', '2021-04-15 10:51:04', 'F500/50'),
	(1281, 'Unoperation', '2021-04-15 10:51:07', 'F650/50-2'),
	(1282, 'Unoperation', '2021-04-15 10:51:08', 'F650/50-1'),
	(1283, 'Operation', '2021-04-15 10:51:08', 'VX960M'),
	(1284, 'Operation', '2021-04-15 10:51:10', 'MCT-15'),
	(1285, 'Unoperation', '2021-04-15 10:51:12', 'F500/50'),
	(1286, 'Unoperation', '2021-04-15 10:51:15', 'F650/50-2'),
	(1287, 'Unoperation', '2021-04-15 10:51:15', 'F650/50-1'),
	(1288, 'Operation', '2021-04-15 10:51:16', 'VX960M'),
	(1289, 'Operation', '2021-04-15 10:51:18', 'MCT-15'),
	(1290, 'Unoperation', '2021-04-15 10:51:19', 'F500/50'),
	(1291, 'Unoperation', '2021-04-15 10:51:23', 'F650/50-2'),
	(1292, 'Unoperation', '2021-04-15 10:51:23', 'F650/50-1'),
	(1293, 'Operation', '2021-04-15 10:51:23', 'VX960M'),
	(1294, 'Unoperation', '2021-04-15 10:51:26', 'MCT-15'),
	(1295, 'Unoperation', '2021-04-15 10:51:27', 'F500/50'),
	(1296, 'Unoperation', '2021-04-15 10:51:31', 'F650/50-2'),
	(1297, 'Unoperation', '2021-04-15 10:51:31', 'F650/50-1'),
	(1298, 'Operation', '2021-04-15 10:51:31', 'VX960M'),
	(1299, 'Unoperation', '2021-04-15 10:51:34', 'MCT-15'),
	(1300, 'Unoperation', '2021-04-15 10:51:35', 'F500/50'),
	(1301, 'Unoperation', '2021-04-15 10:51:39', 'F650/50-2'),
	(1302, 'Unoperation', '2021-04-15 10:51:39', 'F650/50-1'),
	(1303, 'Operation', '2021-04-15 10:51:39', 'VX960M'),
	(1304, 'Unoperation', '2021-04-15 10:51:41', 'MCT-15'),
	(1305, 'Unoperation', '2021-04-15 10:51:43', 'F500/50'),
	(1306, 'Unoperation', '2021-04-15 10:51:46', 'F650/50-2'),
	(1307, 'Unoperation', '2021-04-15 10:51:47', 'F650/50-1'),
	(1308, 'Operation', '2021-04-15 10:51:47', 'VX960M'),
	(1309, 'Unoperation', '2021-04-15 10:51:49', 'MCT-15'),
	(1310, 'Unoperation', '2021-04-15 10:51:50', 'F500/50'),
	(1311, 'Unoperation', '2021-04-15 10:51:54', 'F650/50-2'),
	(1312, 'Unoperation', '2021-04-15 10:51:54', 'F650/50-1'),
	(1313, 'Operation', '2021-04-15 10:51:54', 'VX960M'),
	(1314, 'Unoperation', '2021-04-15 10:51:57', 'MCT-15'),
	(1315, 'Unoperation', '2021-04-15 10:51:58', 'F500/50'),
	(1316, 'Unoperation', '2021-04-15 10:52:02', 'F650/50-2'),
	(1317, 'Unoperation', '2021-04-15 10:52:02', 'F650/50-1'),
	(1318, 'Operation', '2021-04-15 10:52:02', 'VX960M'),
	(1319, 'Unoperation', '2021-04-15 10:52:05', 'MCT-15'),
	(1320, 'Unoperation', '2021-04-15 10:52:06', 'F500/50'),
	(1321, 'Unoperation', '2021-04-15 10:52:10', 'F650/50-2'),
	(1322, 'Unoperation', '2021-04-15 10:52:10', 'F650/50-1'),
	(1323, 'Operation', '2021-04-15 10:52:10', 'VX960M'),
	(1324, 'Unoperation', '2021-04-15 10:52:13', 'MCT-15'),
	(1325, 'Unoperation', '2021-04-15 10:52:14', 'F500/50'),
	(1326, 'Unoperation', '2021-04-15 10:52:17', 'F650/50-2'),
	(1327, 'Unoperation', '2021-04-15 10:52:18', 'F650/50-1'),
	(1328, 'Operation', '2021-04-15 10:52:18', 'VX960M'),
	(1329, 'Unoperation', '2021-04-15 10:52:20', 'MCT-15'),
	(1330, 'Unoperation', '2021-04-15 10:52:22', 'F500/50'),
	(1331, 'Unoperation', '2021-04-15 10:52:25', 'F650/50-2'),
	(1332, 'Unoperation', '2021-04-15 10:52:25', 'F650/50-1'),
	(1333, 'Operation', '2021-04-15 10:52:26', 'VX960M'),
	(1334, 'Unoperation', '2021-04-15 10:52:28', 'MCT-15'),
	(1335, 'Unoperation', '2021-04-15 10:52:29', 'F500/50'),
	(1336, 'Unoperation', '2021-04-15 10:52:33', 'F650/50-2'),
	(1337, 'Unoperation', '2021-04-15 10:52:33', 'F650/50-1'),
	(1338, 'Operation', '2021-04-15 10:52:33', 'VX960M'),
	(1339, 'Unoperation', '2021-04-15 10:52:36', 'MCT-15'),
	(1340, 'Unoperation', '2021-04-15 10:52:37', 'F500/50'),
	(1341, 'Unoperation', '2021-04-15 10:52:41', 'F650/50-2'),
	(1342, 'Unoperation', '2021-04-15 10:52:41', 'F650/50-1'),
	(1343, 'Operation', '2021-04-15 10:52:41', 'VX960M'),
	(1344, 'Unoperation', '2021-04-15 10:52:44', 'MCT-15'),
	(1345, 'Unoperation', '2021-04-15 10:52:45', 'F500/50'),
	(1346, 'Unoperation', '2021-04-15 10:52:49', 'F650/50-2'),
	(1347, 'Unoperation', '2021-04-15 10:52:49', 'F650/50-1'),
	(1348, 'Operation', '2021-04-15 10:52:49', 'VX960M'),
	(1349, 'Unoperation', '2021-04-15 10:52:51', 'MCT-15'),
	(1350, 'Unoperation', '2021-04-15 10:52:53', 'F500/50'),
	(1351, 'Unoperation', '2021-04-15 10:52:56', 'F650/50-2'),
	(1352, 'Unoperation', '2021-04-15 10:52:57', 'F650/50-1'),
	(1353, 'Operation', '2021-04-15 10:52:57', 'VX960M'),
	(1354, 'Unoperation', '2021-04-15 10:52:59', 'MCT-15'),
	(1355, 'Unoperation', '2021-04-15 10:53:00', 'F500/50'),
	(1356, 'Unoperation', '2021-04-15 10:53:04', 'F650/50-2'),
	(1357, 'Unoperation', '2021-04-15 10:53:04', 'F650/50-1'),
	(1358, 'Operation', '2021-04-15 10:53:04', 'VX960M'),
	(1359, 'Operation', '2021-04-15 10:53:07', 'MCT-15'),
	(1360, 'Unoperation', '2021-04-15 10:53:08', 'F500/50'),
	(1361, 'Unoperation', '2021-04-15 10:53:12', 'F650/50-2'),
	(1362, 'Unoperation', '2021-04-15 10:53:12', 'F650/50-1'),
	(1363, 'Operation', '2021-04-15 10:53:12', 'VX960M'),
	(1364, 'Unoperation', '2021-04-15 10:53:15', 'MCT-15'),
	(1365, 'Unoperation', '2021-04-15 10:53:16', 'F500/50'),
	(1366, 'Unoperation', '2021-04-15 10:53:20', 'F650/50-2'),
	(1367, 'Unoperation', '2021-04-15 10:53:20', 'F650/50-1'),
	(1368, 'Operation', '2021-04-15 10:53:20', 'VX960M'),
	(1369, 'Unoperation', '2021-04-15 10:53:23', 'MCT-15'),
	(1370, 'Unoperation', '2021-04-15 10:53:24', 'F500/50'),
	(1371, 'Unoperation', '2021-04-15 10:53:27', 'F650/50-2'),
	(1372, 'Unoperation', '2021-04-15 10:53:28', 'F650/50-1'),
	(1373, 'Operation', '2021-04-15 10:53:28', 'VX960M'),
	(1374, 'Unoperation', '2021-04-15 10:53:30', 'MCT-15'),
	(1375, 'Unoperation', '2021-04-15 10:53:31', 'F500/50'),
	(1376, 'Unoperation', '2021-04-15 10:53:35', 'F650/50-2'),
	(1377, 'Unoperation', '2021-04-15 10:53:35', 'F650/50-1'),
	(1378, 'Operation', '2021-04-15 10:53:36', 'VX960M'),
	(1379, 'Unoperation', '2021-04-15 10:53:38', 'MCT-15'),
	(1380, 'Unoperation', '2021-04-15 10:53:39', 'F500/50'),
	(1381, 'Unoperation', '2021-04-15 10:53:43', 'F650/50-2'),
	(1382, 'Unoperation', '2021-04-15 10:53:43', 'F650/50-1'),
	(1383, 'Operation', '2021-04-15 10:53:43', 'VX960M'),
	(1384, 'Unoperation', '2021-04-15 10:53:46', 'MCT-15'),
	(1385, 'Unoperation', '2021-04-15 10:53:47', 'F500/50'),
	(1386, 'Unoperation', '2021-04-15 10:53:51', 'F650/50-2'),
	(1387, 'Unoperation', '2021-04-15 10:53:51', 'F650/50-1'),
	(1388, 'Operation', '2021-04-15 10:53:51', 'VX960M'),
	(1389, 'Operation', '2021-04-15 10:53:54', 'MCT-15'),
	(1390, 'Unoperation', '2021-04-15 10:53:55', 'F500/50'),
	(1391, 'Unoperation', '2021-04-15 10:53:59', 'F650/50-2'),
	(1392, 'Unoperation', '2021-04-15 10:53:59', 'F650/50-1'),
	(1393, 'Operation', '2021-04-15 10:53:59', 'VX960M'),
	(1394, 'Operation', '2021-04-15 10:54:02', 'MCT-15'),
	(1395, 'Unoperation', '2021-04-15 10:54:03', 'F500/50'),
	(1396, 'Unoperation', '2021-04-15 10:54:06', 'F650/50-2'),
	(1397, 'Operation', '2021-04-15 10:54:07', 'VX960M'),
	(1398, 'Unoperation', '2021-04-15 10:54:07', 'F650/50-1'),
	(1399, 'Unoperation', '2021-04-15 10:54:09', 'MCT-15'),
	(1400, 'Unoperation', '2021-04-15 10:54:10', 'F500/50'),
	(1401, 'Unoperation', '2021-04-15 10:54:14', 'F650/50-2'),
	(1402, 'Unoperation', '2021-04-15 10:54:14', 'F650/50-1'),
	(1403, 'Operation', '2021-04-15 10:54:14', 'VX960M'),
	(1404, 'Unoperation', '2021-04-15 10:54:17', 'MCT-15'),
	(1405, 'Unoperation', '2021-04-15 10:54:18', 'F500/50'),
	(1406, 'Unoperation', '2021-04-15 10:54:22', 'F650/50-2'),
	(1407, 'Unoperation', '2021-04-15 10:54:22', 'F650/50-1'),
	(1408, 'Operation', '2021-04-15 10:54:22', 'VX960M'),
	(1409, 'Unoperation', '2021-04-15 10:54:25', 'MCT-15'),
	(1410, 'Unoperation', '2021-04-15 10:54:26', 'F500/50'),
	(1411, 'Unoperation', '2021-04-15 10:54:30', 'F650/50-2'),
	(1412, 'Unoperation', '2021-04-15 10:54:30', 'F650/50-1'),
	(1413, 'Operation', '2021-04-15 10:54:30', 'VX960M'),
	(1414, 'Unoperation', '2021-04-15 10:54:33', 'MCT-15'),
	(1415, 'Unoperation', '2021-04-15 10:54:34', 'F500/50'),
	(1416, 'Unoperation', '2021-04-15 10:54:37', 'F650/50-2'),
	(1417, 'Unoperation', '2021-04-15 10:54:38', 'F650/50-1'),
	(1418, 'Operation', '2021-04-15 10:54:38', 'VX960M'),
	(1419, 'Unoperation', '2021-04-15 10:54:40', 'MCT-15'),
	(1420, 'Unoperation', '2021-04-15 10:54:41', 'F500/50'),
	(1421, 'Unoperation', '2021-04-15 10:54:45', 'F650/50-2'),
	(1422, 'Unoperation', '2021-04-15 10:54:45', 'F650/50-1'),
	(1423, 'Operation', '2021-04-15 10:54:46', 'VX960M'),
	(1424, 'Unoperation', '2021-04-15 10:54:48', 'MCT-15'),
	(1425, 'Unoperation', '2021-04-15 10:54:49', 'F500/50'),
	(1426, 'Unoperation', '2021-04-15 10:54:53', 'F650/50-2'),
	(1427, 'Unoperation', '2021-04-15 10:54:53', 'F650/50-1'),
	(1428, 'Operation', '2021-04-15 10:54:53', 'VX960M'),
	(1429, 'Unoperation', '2021-04-15 10:54:56', 'MCT-15'),
	(1430, 'Unoperation', '2021-04-15 10:54:57', 'F500/50'),
	(1431, 'Unoperation', '2021-04-15 10:55:01', 'F650/50-2'),
	(1432, 'Unoperation', '2021-04-15 10:55:01', 'F650/50-1'),
	(1433, 'Operation', '2021-04-15 10:55:01', 'VX960M'),
	(1434, 'Unoperation', '2021-04-15 10:55:04', 'MCT-15'),
	(1435, 'Unoperation', '2021-04-15 10:55:05', 'F500/50'),
	(1436, 'Unoperation', '2021-04-15 10:55:09', 'F650/50-2'),
	(1437, 'Unoperation', '2021-04-15 10:55:09', 'F650/50-1'),
	(1438, 'Operation', '2021-04-15 10:55:09', 'VX960M'),
	(1439, 'Unoperation', '2021-04-15 10:55:12', 'MCT-15'),
	(1440, 'Unoperation', '2021-04-15 10:55:13', 'F500/50'),
	(1441, 'Unoperation', '2021-04-15 10:55:16', 'F650/50-2'),
	(1442, 'Unoperation', '2021-04-15 10:55:17', 'F650/50-1'),
	(1443, 'Operation', '2021-04-15 10:55:17', 'VX960M'),
	(1444, 'Unoperation', '2021-04-15 10:55:19', 'MCT-15'),
	(1445, 'Unoperation', '2021-04-15 10:55:20', 'F500/50'),
	(1446, 'Unoperation', '2021-04-15 10:55:24', 'F650/50-2'),
	(1447, 'Unoperation', '2021-04-15 10:55:24', 'F650/50-1'),
	(1448, 'Operation', '2021-04-15 10:55:24', 'VX960M'),
	(1449, 'Unoperation', '2021-04-15 10:55:27', 'MCT-15'),
	(1450, 'Unoperation', '2021-04-15 10:55:28', 'F500/50'),
	(1451, 'Unoperation', '2021-04-15 10:55:32', 'F650/50-2'),
	(1452, 'Unoperation', '2021-04-15 10:55:32', 'F650/50-1'),
	(1453, 'Operation', '2021-04-15 10:55:32', 'VX960M'),
	(1454, 'Unoperation', '2021-04-15 10:55:35', 'MCT-15'),
	(1455, 'Unoperation', '2021-04-15 10:55:36', 'F500/50'),
	(1456, 'Unoperation', '2021-04-15 10:55:40', 'F650/50-2'),
	(1457, 'Unoperation', '2021-04-15 10:55:40', 'F650/50-1'),
	(1458, 'Operation', '2021-04-15 10:55:40', 'VX960M'),
	(1459, 'Unoperation', '2021-04-15 10:55:43', 'MCT-15'),
	(1460, 'Unoperation', '2021-04-15 10:55:44', 'F500/50'),
	(1461, 'Unoperation', '2021-04-15 10:55:47', 'F650/50-2'),
	(1462, 'Unoperation', '2021-04-15 10:55:48', 'F650/50-1'),
	(1463, 'Operation', '2021-04-15 10:55:48', 'VX960M'),
	(1464, 'Unoperation', '2021-04-15 10:55:51', 'MCT-15'),
	(1465, 'Unoperation', '2021-04-15 10:55:51', 'F500/50'),
	(1466, 'Unoperation', '2021-04-15 10:55:55', 'F650/50-2'),
	(1467, 'Unoperation', '2021-04-15 10:55:55', 'F650/50-1'),
	(1468, 'Operation', '2021-04-15 10:55:56', 'VX960M'),
	(1469, 'Unoperation', '2021-04-15 10:55:58', 'MCT-15'),
	(1470, 'Unoperation', '2021-04-15 10:55:59', 'F500/50'),
	(1471, 'Unoperation', '2021-04-15 10:56:03', 'F650/50-2'),
	(1472, 'Unoperation', '2021-04-15 10:56:03', 'F650/50-1'),
	(1473, 'Operation', '2021-04-15 10:56:03', 'VX960M'),
	(1474, 'Unoperation', '2021-04-15 10:56:06', 'MCT-15'),
	(1475, 'Unoperation', '2021-04-15 10:56:07', 'F500/50'),
	(1476, 'Unoperation', '2021-04-15 10:56:11', 'F650/50-2'),
	(1477, 'Unoperation', '2021-04-15 10:56:11', 'F650/50-1'),
	(1478, 'Operation', '2021-04-15 10:56:11', 'VX960M'),
	(1479, 'Operation', '2021-04-15 10:56:14', 'MCT-15'),
	(1480, 'Unoperation', '2021-04-15 10:56:15', 'F500/50'),
	(1481, 'Unoperation', '2021-04-15 10:56:19', 'F650/50-2'),
	(1482, 'Unoperation', '2021-04-15 10:56:19', 'F650/50-1'),
	(1483, 'Operation', '2021-04-15 10:56:19', 'VX960M'),
	(1484, 'Unoperation', '2021-04-15 10:56:22', 'MCT-15'),
	(1485, 'Unoperation', '2021-04-15 10:56:22', 'F500/50'),
	(1486, 'Unoperation', '2021-04-15 10:56:26', 'F650/50-2'),
	(1487, 'Unoperation', '2021-04-15 10:56:26', 'F650/50-1'),
	(1488, 'Operation', '2021-04-15 10:56:27', 'VX960M'),
	(1489, 'Unoperation', '2021-04-15 10:56:30', 'MCT-15'),
	(1490, 'Unoperation', '2021-04-15 10:56:30', 'F500/50'),
	(1491, 'Unoperation', '2021-04-15 10:56:34', 'F650/50-2'),
	(1492, 'Unoperation', '2021-04-15 10:56:34', 'F650/50-1'),
	(1493, 'Operation', '2021-04-15 10:56:34', 'VX960M'),
	(1494, 'Unoperation', '2021-04-15 10:56:37', 'MCT-15'),
	(1495, 'Unoperation', '2021-04-15 10:56:38', 'F500/50'),
	(1496, 'Unoperation', '2021-04-15 10:56:42', 'F650/50-2'),
	(1497, 'Unoperation', '2021-04-15 10:56:42', 'F650/50-1'),
	(1498, 'Operation', '2021-04-15 10:56:42', 'VX960M'),
	(1499, 'Unoperation', '2021-04-15 10:56:45', 'MCT-15'),
	(1500, 'Unoperation', '2021-04-15 10:56:46', 'F500/50'),
	(1501, 'Unoperation', '2021-04-15 10:56:50', 'F650/50-2'),
	(1502, 'Unoperation', '2021-04-15 10:56:50', 'F650/50-1'),
	(1503, 'Operation', '2021-04-15 10:56:50', 'VX960M'),
	(1504, 'Operation', '2021-04-15 10:56:53', 'MCT-15'),
	(1505, 'Unoperation', '2021-04-15 10:56:54', 'F500/50'),
	(1506, 'Unoperation', '2021-04-15 10:56:58', 'F650/50-2'),
	(1507, 'Unoperation', '2021-04-15 10:56:58', 'F650/50-1'),
	(1508, 'Operation', '2021-04-15 10:56:58', 'VX960M'),
	(1509, 'Operation', '2021-04-15 10:57:01', 'MCT-15'),
	(1510, 'Unoperation', '2021-04-15 10:57:01', 'F500/50'),
	(1511, 'Unoperation', '2021-04-15 10:57:05', 'F650/50-2'),
	(1512, 'Unoperation', '2021-04-15 10:57:05', 'F650/50-1'),
	(1513, 'Operation', '2021-04-15 10:57:06', 'VX960M'),
	(1514, 'Operation', '2021-04-15 10:57:08', 'MCT-15'),
	(1515, 'Unoperation', '2021-04-15 10:57:09', 'F500/50'),
	(1516, 'Unoperation', '2021-04-15 10:57:13', 'F650/50-1'),
	(1517, 'Unoperation', '2021-04-15 10:57:13', 'F650/50-2'),
	(1518, 'Operation', '2021-04-15 10:57:13', 'VX960M'),
	(1519, 'Operation', '2021-04-15 10:57:16', 'MCT-15'),
	(1520, 'Unoperation', '2021-04-15 10:57:17', 'F500/50'),
	(1521, 'Unoperation', '2021-04-15 10:57:21', 'F650/50-1'),
	(1522, 'Unoperation', '2021-04-15 10:57:21', 'F650/50-2'),
	(1523, 'Operation', '2021-04-15 10:57:21', 'VX960M'),
	(1524, 'Operation', '2021-04-15 10:57:24', 'MCT-15'),
	(1525, 'Unoperation', '2021-04-15 10:57:25', 'F500/50'),
	(1526, 'Unoperation', '2021-04-15 10:57:29', 'F650/50-1'),
	(1527, 'Unoperation', '2021-04-15 10:57:29', 'F650/50-2'),
	(1528, 'Operation', '2021-04-15 10:57:29', 'VX960M'),
	(1529, 'Operation', '2021-04-15 10:57:32', 'MCT-15'),
	(1530, 'Unoperation', '2021-04-15 10:57:32', 'F500/50'),
	(1531, 'Unoperation', '2021-04-15 10:57:36', 'F650/50-1'),
	(1532, 'Unoperation', '2021-04-15 10:57:36', 'F650/50-2'),
	(1533, 'Operation', '2021-04-15 10:57:37', 'VX960M'),
	(1534, 'Unoperation', '2021-04-15 10:57:40', 'MCT-15'),
	(1535, 'Unoperation', '2021-04-15 10:57:40', 'F500/50'),
	(1536, 'Unoperation', '2021-04-15 10:57:44', 'F650/50-1'),
	(1537, 'Unoperation', '2021-04-15 10:57:44', 'F650/50-2'),
	(1538, 'Operation', '2021-04-15 10:57:44', 'VX960M'),
	(1539, 'Unoperation', '2021-04-15 10:57:47', 'MCT-15'),
	(1540, 'Unoperation', '2021-04-15 10:57:48', 'F500/50'),
	(1541, 'Unoperation', '2021-04-15 10:57:52', 'F650/50-1'),
	(1542, 'Unoperation', '2021-04-15 10:57:52', 'F650/50-2'),
	(1543, 'Operation', '2021-04-15 10:57:52', 'VX960M'),
	(1544, 'Unoperation', '2021-04-15 10:57:55', 'MCT-15'),
	(1545, 'Unoperation', '2021-04-15 10:57:56', 'F500/50'),
	(1546, 'Unoperation', '2021-04-15 10:58:00', 'F650/50-1'),
	(1547, 'Unoperation', '2021-04-15 10:58:00', 'F650/50-2'),
	(1548, 'Operation', '2021-04-15 10:58:00', 'VX960M'),
	(1549, 'Unoperation', '2021-04-15 10:58:03', 'MCT-15'),
	(1550, 'Unoperation', '2021-04-15 10:58:03', 'F500/50'),
	(1551, 'Unoperation', '2021-04-15 10:58:07', 'F650/50-1'),
	(1552, 'Unoperation', '2021-04-15 10:58:08', 'F650/50-2'),
	(1553, 'Operation', '2021-04-15 10:58:08', 'VX960M'),
	(1554, 'Unoperation', '2021-04-15 10:58:11', 'MCT-15'),
	(1555, 'Unoperation', '2021-04-15 10:58:11', 'F500/50'),
	(1556, 'Unoperation', '2021-04-15 10:58:15', 'F650/50-1'),
	(1557, 'Unoperation', '2021-04-15 10:58:15', 'F650/50-2'),
	(1558, 'Operation', '2021-04-15 10:58:16', 'VX960M'),
	(1559, 'Unoperation', '2021-04-15 10:58:19', 'MCT-15'),
	(1560, 'Unoperation', '2021-04-15 10:58:19', 'F500/50'),
	(1561, 'Unoperation', '2021-04-15 10:58:23', 'F650/50-1'),
	(1562, 'Unoperation', '2021-04-15 10:58:23', 'F650/50-2'),
	(1563, 'Operation', '2021-04-15 10:58:23', 'VX960M'),
	(1564, 'Unoperation', '2021-04-15 10:58:26', 'MCT-15'),
	(1565, 'Unoperation', '2021-04-15 10:58:27', 'F500/50'),
	(1566, 'Unoperation', '2021-04-15 10:58:31', 'F650/50-1'),
	(1567, 'Unoperation', '2021-04-15 10:58:31', 'F650/50-2'),
	(1568, 'Operation', '2021-04-15 10:58:31', 'VX960M'),
	(1569, 'Operation', '2021-04-15 10:58:34', 'MCT-15'),
	(1570, 'Unoperation', '2021-04-15 10:58:35', 'F500/50'),
	(1571, 'Unoperation', '2021-04-15 10:58:39', 'F650/50-1'),
	(1572, 'Unoperation', '2021-04-15 10:58:39', 'F650/50-2'),
	(1573, 'Operation', '2021-04-15 10:58:39', 'VX960M'),
	(1574, 'Operation', '2021-04-15 10:58:42', 'MCT-15'),
	(1575, 'Unoperation', '2021-04-15 10:58:42', 'F500/50'),
	(1576, 'Unoperation', '2021-04-15 10:58:46', 'F650/50-1'),
	(1577, 'Unoperation', '2021-04-15 10:58:46', 'F650/50-2'),
	(1578, 'Operation', '2021-04-15 10:58:47', 'VX960M'),
	(1579, 'Operation', '2021-04-15 10:58:50', 'MCT-15'),
	(1580, 'Unoperation', '2021-04-15 10:58:50', 'F500/50'),
	(1581, 'Unoperation', '2021-04-15 10:58:54', 'F650/50-1'),
	(1582, 'Unoperation', '2021-04-15 10:58:54', 'F650/50-2'),
	(1583, 'Operation', '2021-04-15 10:58:54', 'VX960M'),
	(1584, 'Operation', '2021-04-15 10:58:57', 'MCT-15'),
	(1585, 'Unoperation', '2021-04-15 10:58:58', 'F500/50'),
	(1586, 'Unoperation', '2021-04-15 10:59:02', 'F650/50-1'),
	(1587, 'Unoperation', '2021-04-15 10:59:02', 'F650/50-2'),
	(1588, 'Operation', '2021-04-15 10:59:02', 'VX960M'),
	(1589, 'Operation', '2021-04-15 10:59:05', 'MCT-15'),
	(1590, 'Unoperation', '2021-04-15 10:59:06', 'F500/50'),
	(1591, 'Unoperation', '2021-04-15 10:59:10', 'F650/50-1'),
	(1592, 'Unoperation', '2021-04-15 10:59:10', 'F650/50-2'),
	(1593, 'Operation', '2021-04-15 10:59:10', 'VX960M'),
	(1594, 'Operation', '2021-04-15 10:59:13', 'MCT-15'),
	(1595, 'Unoperation', '2021-04-15 10:59:13', 'F500/50'),
	(1596, 'Unoperation', '2021-04-15 10:59:17', 'F650/50-1'),
	(1597, 'Unoperation', '2021-04-15 10:59:18', 'F650/50-2'),
	(1598, 'Operation', '2021-04-15 10:59:18', 'VX960M'),
	(1599, 'Operation', '2021-04-15 10:59:21', 'MCT-15'),
	(1600, 'Unoperation', '2021-04-15 10:59:21', 'F500/50'),
	(1601, 'Unoperation', '2021-04-15 10:59:25', 'F650/50-1'),
	(1602, 'Unoperation', '2021-04-15 10:59:25', 'F650/50-2'),
	(1603, 'Operation', '2021-04-15 10:59:26', 'VX960M'),
	(1604, 'Operation', '2021-04-15 10:59:29', 'MCT-15'),
	(1605, 'Unoperation', '2021-04-15 10:59:29', 'F500/50'),
	(1606, 'Unoperation', '2021-04-15 10:59:33', 'F650/50-1'),
	(1607, 'Unoperation', '2021-04-15 10:59:33', 'F650/50-2'),
	(1608, 'Operation', '2021-04-15 10:59:33', 'VX960M'),
	(1609, 'Operation', '2021-04-15 10:59:36', 'MCT-15'),
	(1610, 'Unoperation', '2021-04-15 10:59:37', 'F500/50'),
	(1611, 'Unoperation', '2021-04-15 10:59:41', 'F650/50-1'),
	(1612, 'Unoperation', '2021-04-15 10:59:41', 'F650/50-2'),
	(1613, 'Operation', '2021-04-15 10:59:41', 'VX960M'),
	(1614, 'Operation', '2021-04-15 10:59:44', 'MCT-15'),
	(1615, 'Unoperation', '2021-04-15 10:59:44', 'F500/50'),
	(1616, 'Unoperation', '2021-04-15 10:59:49', 'F650/50-1'),
	(1617, 'Unoperation', '2021-04-15 10:59:49', 'F650/50-2'),
	(1618, 'Operation', '2021-04-15 10:59:49', 'VX960M'),
	(1619, 'Operation', '2021-04-15 10:59:52', 'MCT-15'),
	(1620, 'Unoperation', '2021-04-15 10:59:52', 'F500/50'),
	(1621, 'Unoperation', '2021-04-15 10:59:56', 'F650/50-1'),
	(1622, 'Unoperation', '2021-04-15 10:59:56', 'F650/50-2'),
	(1623, 'Operation', '2021-04-15 10:59:57', 'VX960M'),
	(1624, 'Operation', '2021-04-15 11:00:00', 'MCT-15'),
	(1625, 'Unoperation', '2021-04-15 11:00:00', 'F500/50'),
	(1626, 'Unoperation', '2021-04-15 11:00:04', 'F650/50-1'),
	(1627, 'Unoperation', '2021-04-15 11:00:04', 'F650/50-2'),
	(1628, 'Operation', '2021-04-15 11:00:04', 'VX960M'),
	(1629, 'Operation', '2021-04-15 11:00:07', 'MCT-15'),
	(1630, 'Unoperation', '2021-04-15 11:00:08', 'F500/50'),
	(1631, 'Unoperation', '2021-04-15 11:00:12', 'F650/50-1'),
	(1632, 'Unoperation', '2021-04-15 11:00:12', 'F650/50-2'),
	(1633, 'Operation', '2021-04-15 11:00:12', 'VX960M'),
	(1634, 'Operation', '2021-04-15 11:00:15', 'MCT-15'),
	(1635, 'Unoperation', '2021-04-15 11:00:16', 'F500/50'),
	(1636, 'Unoperation', '2021-04-15 11:00:20', 'F650/50-1'),
	(1637, 'Unoperation', '2021-04-15 11:00:20', 'F650/50-2'),
	(1638, 'Operation', '2021-04-15 11:00:20', 'VX960M'),
	(1639, 'Operation', '2021-04-15 11:00:23', 'MCT-15'),
	(1640, 'Unoperation', '2021-04-15 11:00:23', 'F500/50'),
	(1641, 'Unoperation', '2021-04-15 11:00:27', 'F650/50-1'),
	(1642, 'Unoperation', '2021-04-15 11:00:28', 'F650/50-2'),
	(1643, 'Operation', '2021-04-15 11:00:28', 'VX960M'),
	(1644, 'Operation', '2021-04-15 11:00:31', 'MCT-15'),
	(1645, 'Unoperation', '2021-04-15 11:00:31', 'F500/50'),
	(1646, 'Unoperation', '2021-04-15 11:00:35', 'F650/50-1'),
	(1647, 'Unoperation', '2021-04-15 11:00:35', 'F650/50-2'),
	(1648, 'Operation', '2021-04-15 11:00:36', 'VX960M'),
	(1649, 'Operation', '2021-04-15 11:00:39', 'MCT-15'),
	(1650, 'Unoperation', '2021-04-15 11:00:39', 'F500/50'),
	(1651, 'Unoperation', '2021-04-15 11:00:43', 'F650/50-1'),
	(1652, 'Unoperation', '2021-04-15 11:00:43', 'F650/50-2'),
	(1653, 'Operation', '2021-04-15 11:00:43', 'VX960M'),
	(1654, 'Operation', '2021-04-15 11:00:46', 'MCT-15'),
	(1655, 'Unoperation', '2021-04-15 11:00:47', 'F500/50'),
	(1656, 'Unoperation', '2021-04-15 11:00:51', 'F650/50-1'),
	(1657, 'Unoperation', '2021-04-15 11:00:51', 'F650/50-2'),
	(1658, 'Operation', '2021-04-15 11:00:51', 'VX960M'),
	(1659, 'Operation', '2021-04-15 11:00:54', 'MCT-15'),
	(1660, 'Unoperation', '2021-04-15 11:00:54', 'F500/50'),
	(1661, 'Unoperation', '2021-04-15 11:00:59', 'F650/50-1'),
	(1662, 'Unoperation', '2021-04-15 11:00:59', 'F650/50-2'),
	(1663, 'Operation', '2021-04-15 11:00:59', 'VX960M'),
	(1664, 'Operation', '2021-04-15 11:01:02', 'MCT-15'),
	(1665, 'Unoperation', '2021-04-15 11:01:02', 'F500/50'),
	(1666, 'Unoperation', '2021-04-15 11:01:06', 'F650/50-1'),
	(1667, 'Unoperation', '2021-04-15 11:01:07', 'F650/50-2'),
	(1668, 'Operation', '2021-04-15 11:01:07', 'VX960M'),
	(1669, 'Operation', '2021-04-15 11:01:10', 'MCT-15'),
	(1670, 'Unoperation', '2021-04-15 11:01:10', 'F500/50'),
	(1671, 'Unoperation', '2021-04-15 11:01:14', 'F650/50-1'),
	(1672, 'Unoperation', '2021-04-15 11:01:14', 'F650/50-2'),
	(1673, 'Operation', '2021-04-15 11:01:14', 'VX960M'),
	(1674, 'Operation', '2021-04-15 11:01:18', 'MCT-15'),
	(1675, 'Unoperation', '2021-04-15 11:01:18', 'F500/50'),
	(1676, 'Unoperation', '2021-04-15 11:01:22', 'F650/50-1'),
	(1677, 'Unoperation', '2021-04-15 11:01:22', 'F650/50-2'),
	(1678, 'Operation', '2021-04-15 11:01:22', 'VX960M'),
	(1679, 'Operation', '2021-04-15 11:01:25', 'MCT-15'),
	(1680, 'Unoperation', '2021-04-15 11:01:26', 'F500/50'),
	(1681, 'Unoperation', '2021-04-15 11:01:30', 'F650/50-1'),
	(1682, 'Unoperation', '2021-04-15 11:01:30', 'F650/50-2'),
	(1683, 'Operation', '2021-04-15 11:01:30', 'VX960M'),
	(1684, 'Operation', '2021-04-15 11:01:33', 'MCT-15'),
	(1685, 'Unoperation', '2021-04-15 11:01:33', 'F500/50'),
	(1686, 'Unoperation', '2021-04-15 11:01:37', 'F650/50-1'),
	(1687, 'Unoperation', '2021-04-15 11:01:38', 'F650/50-2'),
	(1688, 'Operation', '2021-04-15 11:01:38', 'VX960M'),
	(1689, 'Operation', '2021-04-15 11:01:41', 'MCT-15'),
	(1690, 'Unoperation', '2021-04-15 11:01:41', 'F500/50'),
	(1691, 'Unoperation', '2021-04-15 11:01:45', 'F650/50-1'),
	(1692, 'Unoperation', '2021-04-15 11:01:45', 'F650/50-2'),
	(1693, 'Operation', '2021-04-15 11:01:46', 'VX960M'),
	(1694, 'Operation', '2021-04-15 11:01:49', 'MCT-15'),
	(1695, 'Unoperation', '2021-04-15 11:01:49', 'F500/50'),
	(1696, 'Unoperation', '2021-04-15 11:01:53', 'F650/50-1'),
	(1697, 'Unoperation', '2021-04-15 11:01:53', 'F650/50-2'),
	(1698, 'Operation', '2021-04-15 11:01:53', 'VX960M'),
	(1699, 'Operation', '2021-04-15 11:01:56', 'MCT-15'),
	(1700, 'Unoperation', '2021-04-15 11:01:57', 'F500/50'),
	(1701, 'Unoperation', '2021-04-15 11:02:01', 'F650/50-1'),
	(1702, 'Unoperation', '2021-04-15 11:02:01', 'F650/50-2'),
	(1703, 'Operation', '2021-04-15 11:02:01', 'VX960M'),
	(1704, 'Operation', '2021-04-15 11:02:04', 'MCT-15'),
	(1705, 'Unoperation', '2021-04-15 11:02:04', 'F500/50'),
	(1706, 'Unoperation', '2021-04-15 11:02:08', 'F650/50-1'),
	(1707, 'Unoperation', '2021-04-15 11:02:09', 'F650/50-2'),
	(1708, 'Operation', '2021-04-15 11:02:09', 'VX960M'),
	(1709, 'Operation', '2021-04-15 11:02:12', 'MCT-15'),
	(1710, 'Unoperation', '2021-04-15 11:02:12', 'F500/50'),
	(1711, 'Unoperation', '2021-04-15 11:02:16', 'F650/50-1'),
	(1712, 'Unoperation', '2021-04-15 11:02:17', 'F650/50-2'),
	(1713, 'Operation', '2021-04-15 11:02:17', 'VX960M'),
	(1714, 'Operation', '2021-04-15 11:02:20', 'MCT-15'),
	(1715, 'Unoperation', '2021-04-15 11:02:20', 'F500/50'),
	(1716, 'Unoperation', '2021-04-15 11:02:24', 'F650/50-1'),
	(1717, 'Unoperation', '2021-04-15 11:02:24', 'F650/50-2'),
	(1718, 'Operation', '2021-04-15 11:02:24', 'VX960M'),
	(1719, 'Operation', '2021-04-15 11:02:28', 'MCT-15'),
	(1720, 'Unoperation', '2021-04-15 11:02:28', 'F500/50'),
	(1721, 'Unoperation', '2021-04-15 11:02:32', 'F650/50-1'),
	(1722, 'Unoperation', '2021-04-15 11:02:32', 'F650/50-2'),
	(1723, 'Operation', '2021-04-15 11:02:32', 'VX960M'),
	(1724, 'Operation', '2021-04-15 11:02:35', 'MCT-15'),
	(1725, 'Unoperation', '2021-04-15 11:02:35', 'F500/50'),
	(1726, 'Unoperation', '2021-04-15 11:02:40', 'F650/50-1'),
	(1727, 'Unoperation', '2021-04-15 11:02:40', 'F650/50-2'),
	(1728, 'Operation', '2021-04-15 11:02:40', 'VX960M'),
	(1729, 'Operation', '2021-04-15 11:02:43', 'MCT-15'),
	(1730, 'Unoperation', '2021-04-15 11:02:43', 'F500/50'),
	(1731, 'Unoperation', '2021-04-15 11:02:47', 'F650/50-1'),
	(1732, 'Unoperation', '2021-04-15 11:02:48', 'F650/50-2'),
	(1733, 'Operation', '2021-04-15 11:02:48', 'VX960M'),
	(1734, 'Operation', '2021-04-15 11:02:51', 'MCT-15'),
	(1735, 'Unoperation', '2021-04-15 11:02:51', 'F500/50'),
	(1736, 'Unoperation', '2021-04-15 11:02:55', 'F650/50-1'),
	(1737, 'Unoperation', '2021-04-15 11:02:55', 'F650/50-2'),
	(1738, 'Operation', '2021-04-15 11:02:56', 'VX960M'),
	(1739, 'Operation', '2021-04-15 11:02:59', 'MCT-15'),
	(1740, 'Unoperation', '2021-04-15 11:02:59', 'F500/50'),
	(1741, 'Unoperation', '2021-04-15 11:03:03', 'F650/50-1'),
	(1742, 'Unoperation', '2021-04-15 11:03:03', 'F650/50-2'),
	(1743, 'Operation', '2021-04-15 11:03:03', 'VX960M'),
	(1744, 'Operation', '2021-04-15 11:03:07', 'MCT-15'),
	(1745, 'Unoperation', '2021-04-15 11:03:07', 'F500/50'),
	(1746, 'Unoperation', '2021-04-15 11:03:11', 'F650/50-1'),
	(1747, 'Unoperation', '2021-04-15 11:03:11', 'F650/50-2'),
	(1748, 'Operation', '2021-04-15 11:03:11', 'VX960M'),
	(1749, 'Operation', '2021-04-15 11:03:14', 'MCT-15'),
	(1750, 'Unoperation', '2021-04-15 11:03:14', 'F500/50'),
	(1751, 'Unoperation', '2021-04-15 11:03:18', 'F650/50-1'),
	(1752, 'Unoperation', '2021-04-15 11:03:19', 'F650/50-2'),
	(1753, 'Operation', '2021-04-15 11:03:19', 'VX960M'),
	(1754, 'Operation', '2021-04-15 11:03:22', 'MCT-15'),
	(1755, 'Unoperation', '2021-04-15 11:03:22', 'F500/50'),
	(1756, 'Unoperation', '2021-04-15 11:03:26', 'F650/50-1'),
	(1757, 'Unoperation', '2021-04-15 11:03:27', 'F650/50-2'),
	(1758, 'Operation', '2021-04-15 11:03:27', 'VX960M'),
	(1759, 'Unoperation', '2021-04-15 11:03:30', 'F500/50'),
	(1760, 'Operation', '2021-04-15 11:03:30', 'MCT-15'),
	(1761, 'Unoperation', '2021-04-15 11:03:34', 'F650/50-1'),
	(1762, 'Unoperation', '2021-04-15 11:03:34', 'F650/50-2'),
	(1763, 'Operation', '2021-04-15 11:03:34', 'VX960M'),
	(1764, 'Unoperation', '2021-04-15 11:03:38', 'F500/50'),
	(1765, 'Operation', '2021-04-15 11:03:38', 'MCT-15'),
	(1766, 'Unoperation', '2021-04-15 11:03:42', 'F650/50-1'),
	(1767, 'Unoperation', '2021-04-15 11:03:42', 'F650/50-2'),
	(1768, 'Operation', '2021-04-15 11:03:42', 'VX960M'),
	(1769, 'Unoperation', '2021-04-15 11:03:45', 'F500/50'),
	(1770, 'Operation', '2021-04-15 11:03:45', 'MCT-15'),
	(1771, 'Unoperation', '2021-04-15 11:03:50', 'F650/50-1'),
	(1772, 'Unoperation', '2021-04-15 11:03:50', 'F650/50-2'),
	(1773, 'Operation', '2021-04-15 11:03:50', 'VX960M'),
	(1774, 'Unoperation', '2021-04-15 11:03:53', 'F500/50'),
	(1775, 'Operation', '2021-04-15 11:03:53', 'MCT-15'),
	(1776, 'Unoperation', '2021-04-15 11:03:57', 'F650/50-1'),
	(1777, 'Unoperation', '2021-04-15 11:03:58', 'F650/50-2'),
	(1778, 'Operation', '2021-04-15 11:03:58', 'VX960M'),
	(1779, 'Unoperation', '2021-04-15 11:04:01', 'F500/50'),
	(1780, 'Operation', '2021-04-15 11:04:01', 'MCT-15'),
	(1781, 'Unoperation', '2021-04-15 11:04:05', 'F650/50-1'),
	(1782, 'Unoperation', '2021-04-15 11:04:05', 'F650/50-2'),
	(1783, 'Operation', '2021-04-15 11:04:06', 'VX960M'),
	(1784, 'Unoperation', '2021-04-15 11:04:09', 'F500/50'),
	(1785, 'Operation', '2021-04-15 11:04:09', 'MCT-15'),
	(1786, 'Unoperation', '2021-04-15 11:04:13', 'F650/50-1'),
	(1787, 'Unoperation', '2021-04-15 11:04:13', 'F650/50-2'),
	(1788, 'Operation', '2021-04-15 11:04:13', 'VX960M'),
	(1789, 'Unoperation', '2021-04-15 11:04:16', 'F500/50'),
	(1790, 'Operation', '2021-04-15 11:04:17', 'MCT-15'),
	(1791, 'Unoperation', '2021-04-15 11:04:21', 'F650/50-1'),
	(1792, 'Unoperation', '2021-04-15 11:04:21', 'F650/50-2'),
	(1793, 'Operation', '2021-04-15 11:04:21', 'VX960M'),
	(1794, 'Unoperation', '2021-04-15 11:04:24', 'F500/50'),
	(1795, 'Operation', '2021-04-15 11:04:24', 'MCT-15'),
	(1796, 'Unoperation', '2021-04-15 11:04:28', 'F650/50-1'),
	(1797, 'Unoperation', '2021-04-15 11:04:29', 'F650/50-2'),
	(1798, 'Operation', '2021-04-15 11:04:29', 'VX960M'),
	(1799, 'Unoperation', '2021-04-15 11:04:32', 'F500/50'),
	(1800, 'Operation', '2021-04-15 11:04:32', 'MCT-15'),
	(1801, 'Unoperation', '2021-04-15 11:04:36', 'F650/50-1'),
	(1802, 'Unoperation', '2021-04-15 11:04:37', 'F650/50-2'),
	(1803, 'Operation', '2021-04-15 11:04:37', 'VX960M'),
	(1804, 'Unoperation', '2021-04-15 11:04:40', 'F500/50'),
	(1805, 'Operation', '2021-04-15 11:04:40', 'MCT-15'),
	(1806, 'Unoperation', '2021-04-15 11:04:44', 'F650/50-1'),
	(1807, 'Unoperation', '2021-04-15 11:04:44', 'F650/50-2'),
	(1808, 'Operation', '2021-04-15 11:04:44', 'VX960M'),
	(1809, 'Unoperation', '2021-04-15 11:04:48', 'F500/50'),
	(1810, 'Operation', '2021-04-15 11:04:48', 'MCT-15'),
	(1811, 'Unoperation', '2021-04-15 11:04:52', 'F650/50-1'),
	(1812, 'Unoperation', '2021-04-15 11:04:52', 'F650/50-2'),
	(1813, 'Operation', '2021-04-15 11:04:52', 'VX960M'),
	(1814, 'Unoperation', '2021-04-15 11:04:55', 'F500/50'),
	(1815, 'Operation', '2021-04-15 11:04:55', 'MCT-15'),
	(1816, 'Unoperation', '2021-04-15 11:05:00', 'F650/50-1'),
	(1817, 'Unoperation', '2021-04-15 11:05:00', 'F650/50-2'),
	(1818, 'Operation', '2021-04-15 11:05:00', 'VX960M'),
	(1819, 'Unoperation', '2021-04-15 11:05:03', 'F500/50'),
	(1820, 'Operation', '2021-04-15 11:05:03', 'MCT-15'),
	(1821, 'Unoperation', '2021-04-15 11:05:07', 'F650/50-1'),
	(1822, 'Unoperation', '2021-04-15 11:05:08', 'F650/50-2'),
	(1823, 'Operation', '2021-04-15 11:05:08', 'VX960M'),
	(1824, 'Unoperation', '2021-04-15 11:05:11', 'F500/50'),
	(1825, 'Operation', '2021-04-15 11:05:11', 'MCT-15'),
	(1826, 'Unoperation', '2021-04-15 11:05:15', 'F650/50-1'),
	(1827, 'Unoperation', '2021-04-15 11:05:15', 'F650/50-2'),
	(1828, 'Unoperation', '2021-04-15 11:05:16', 'VX960M'),
	(1829, 'Unoperation', '2021-04-15 11:05:19', 'F500/50'),
	(1830, 'Operation', '2021-04-15 11:05:19', 'MCT-15'),
	(1831, 'Unoperation', '2021-04-15 11:05:23', 'F650/50-1'),
	(1832, 'Unoperation', '2021-04-15 11:05:23', 'F650/50-2'),
	(1833, 'Unoperation', '2021-04-15 11:05:23', 'VX960M'),
	(1834, 'Unoperation', '2021-04-15 11:05:26', 'F500/50'),
	(1835, 'Operation', '2021-04-15 11:05:27', 'MCT-15'),
	(1836, 'Unoperation', '2021-04-15 11:05:31', 'F650/50-1'),
	(1837, 'Unoperation', '2021-04-15 11:05:31', 'F650/50-2'),
	(1838, 'Unoperation', '2021-04-15 11:05:31', 'VX960M'),
	(1839, 'Unoperation', '2021-04-15 11:05:34', 'F500/50'),
	(1840, 'Operation', '2021-04-15 11:05:34', 'MCT-15'),
	(1841, 'Unoperation', '2021-04-15 11:05:38', 'F650/50-1'),
	(1842, 'Unoperation', '2021-04-15 11:05:39', 'F650/50-2'),
	(1843, 'Unoperation', '2021-04-15 11:05:39', 'VX960M'),
	(1844, 'Operation', '2021-04-15 11:05:42', 'MCT-15'),
	(1845, 'Unoperation', '2021-04-15 11:05:43', 'F500/50'),
	(1846, 'Unoperation', '2021-04-15 11:05:46', 'F650/50-1'),
	(1847, 'Unoperation', '2021-04-15 11:05:47', 'F650/50-2'),
	(1848, 'Unoperation', '2021-04-15 11:05:47', 'VX960M'),
	(1849, 'Unoperation', '2021-04-15 11:05:50', 'F500/50'),
	(1850, 'Operation', '2021-04-15 11:05:50', 'MCT-15'),
	(1851, 'Unoperation', '2021-04-15 11:05:54', 'F650/50-1'),
	(1852, 'Unoperation', '2021-04-15 11:05:54', 'F650/50-2'),
	(1853, 'Unoperation', '2021-04-15 11:05:54', 'VX960M'),
	(1854, 'Unoperation', '2021-04-15 11:05:57', 'F500/50'),
	(1855, 'Operation', '2021-04-15 11:05:58', 'MCT-15'),
	(1856, 'Unoperation', '2021-04-15 11:06:02', 'F650/50-1'),
	(1857, 'Unoperation', '2021-04-15 11:06:02', 'F650/50-2'),
	(1858, 'Unoperation', '2021-04-15 11:06:02', 'VX960M'),
	(1859, 'Unoperation', '2021-04-15 11:06:05', 'F500/50'),
	(1860, 'Operation', '2021-04-15 11:06:06', 'MCT-15'),
	(1861, 'Unoperation', '2021-04-15 11:06:09', 'F650/50-1'),
	(1862, 'Unoperation', '2021-04-15 11:06:10', 'F650/50-2'),
	(1863, 'Unoperation', '2021-04-15 11:06:10', 'VX960M'),
	(1864, 'Unoperation', '2021-04-15 11:06:13', 'F500/50'),
	(1865, 'Operation', '2021-04-15 11:06:13', 'MCT-15'),
	(1866, 'Unoperation', '2021-04-15 11:06:17', 'F650/50-1'),
	(1867, 'Unoperation', '2021-04-15 11:06:18', 'F650/50-2'),
	(1868, 'Unoperation', '2021-04-15 11:06:18', 'VX960M'),
	(1869, 'Unoperation', '2021-04-15 11:06:21', 'F500/50'),
	(1870, 'Operation', '2021-04-15 11:06:21', 'MCT-15'),
	(1871, 'Unoperation', '2021-04-15 11:06:25', 'F650/50-1'),
	(1872, 'Unoperation', '2021-04-15 11:06:25', 'F650/50-2'),
	(1873, 'Unoperation', '2021-04-15 11:06:26', 'VX960M'),
	(1874, 'Unoperation', '2021-04-15 11:06:29', 'F500/50'),
	(1875, 'Operation', '2021-04-15 11:06:29', 'MCT-15'),
	(1876, 'Unoperation', '2021-04-15 11:06:33', 'F650/50-1'),
	(1877, 'Unoperation', '2021-04-15 11:06:33', 'F650/50-2'),
	(1878, 'Unoperation', '2021-04-15 11:06:33', 'VX960M'),
	(1879, 'Unoperation', '2021-04-15 11:06:36', 'F500/50'),
	(1880, 'Operation', '2021-04-15 11:06:37', 'MCT-15'),
	(1881, 'Unoperation', '2021-04-15 11:06:41', 'F650/50-1'),
	(1882, 'Unoperation', '2021-04-15 11:06:41', 'F650/50-2'),
	(1883, 'Unoperation', '2021-04-15 11:06:41', 'VX960M'),
	(1884, 'Unoperation', '2021-04-15 11:06:44', 'F500/50'),
	(1885, 'Operation', '2021-04-15 11:06:44', 'MCT-15'),
	(1886, 'Unoperation', '2021-04-15 11:06:48', 'F650/50-1'),
	(1887, 'Unoperation', '2021-04-15 11:06:49', 'F650/50-2'),
	(1888, 'Unoperation', '2021-04-15 11:06:49', 'VX960M'),
	(1889, 'Unoperation', '2021-04-15 11:06:52', 'F500/50'),
	(1890, 'Operation', '2021-04-15 11:06:52', 'MCT-15'),
	(1891, 'Unoperation', '2021-04-15 11:06:57', 'F650/50-2'),
	(1892, 'Unoperation', '2021-04-15 11:06:57', 'VX960M'),
	(1893, 'Unoperation', '2021-04-15 11:06:57', 'F650/50-1'),
	(1894, 'Unoperation', '2021-04-15 11:07:00', 'F500/50'),
	(1895, 'Operation', '2021-04-15 11:07:00', 'MCT-15'),
	(1896, 'Unoperation', '2021-04-15 11:07:04', 'F650/50-1'),
	(1897, 'Unoperation', '2021-04-15 11:07:04', 'F650/50-2'),
	(1898, 'Unoperation', '2021-04-15 11:07:04', 'VX960M'),
	(1899, 'Unoperation', '2021-04-15 11:07:07', 'F500/50'),
	(1900, 'Operation', '2021-04-15 11:07:08', 'MCT-15'),
	(1901, 'Unoperation', '2021-04-15 11:07:12', 'F650/50-1'),
	(1902, 'Unoperation', '2021-04-15 11:07:12', 'F650/50-2'),
	(1903, 'Unoperation', '2021-04-15 11:07:12', 'VX960M'),
	(1904, 'Unoperation', '2021-04-15 11:07:15', 'F500/50'),
	(1905, 'Operation', '2021-04-15 11:07:16', 'MCT-15'),
	(1906, 'Unoperation', '2021-04-15 11:07:19', 'F650/50-1'),
	(1907, 'Operation', '2021-04-15 11:07:20', 'VX960M'),
	(1908, 'Unoperation', '2021-04-15 11:07:20', 'F650/50-2'),
	(1909, 'Unoperation', '2021-04-15 11:07:23', 'F500/50'),
	(1910, 'Operation', '2021-04-15 11:07:23', 'MCT-15'),
	(1911, 'Unoperation', '2021-04-15 11:07:27', 'F650/50-1'),
	(1912, 'Operation', '2021-04-15 11:07:28', 'VX960M'),
	(1913, 'Unoperation', '2021-04-15 11:07:28', 'F650/50-2'),
	(1914, 'Unoperation', '2021-04-15 11:07:31', 'F500/50'),
	(1915, 'Operation', '2021-04-15 11:07:31', 'MCT-15'),
	(1916, 'Unoperation', '2021-04-15 11:07:35', 'F650/50-1'),
	(1917, 'Operation', '2021-04-15 11:07:36', 'VX960M'),
	(1918, 'Unoperation', '2021-04-15 11:07:36', 'F650/50-2'),
	(1919, 'Unoperation', '2021-04-15 11:07:39', 'F500/50'),
	(1920, 'Operation', '2021-04-15 11:07:39', 'MCT-15'),
	(1921, 'Unoperation', '2021-04-15 11:07:43', 'F650/50-1'),
	(1922, 'Operation', '2021-04-15 11:07:43', 'VX960M'),
	(1923, 'Unoperation', '2021-04-15 11:07:43', 'F650/50-2'),
	(1924, 'Unoperation', '2021-04-15 11:07:46', 'F500/50'),
	(1925, 'Operation', '2021-04-15 11:07:47', 'MCT-15'),
	(1926, 'Unoperation', '2021-04-15 11:07:51', 'F650/50-1'),
	(1927, 'Operation', '2021-04-15 11:07:51', 'VX960M'),
	(1928, 'Unoperation', '2021-04-15 11:07:51', 'F650/50-2'),
	(1929, 'Unoperation', '2021-04-15 11:07:54', 'F500/50'),
	(1930, 'Operation', '2021-04-15 11:07:55', 'MCT-15'),
	(1931, 'Unoperation', '2021-04-15 11:07:58', 'F650/50-1'),
	(1932, 'Operation', '2021-04-15 11:07:59', 'VX960M'),
	(1933, 'Unoperation', '2021-04-15 11:07:59', 'F650/50-2'),
	(1934, 'Unoperation', '2021-04-15 11:08:02', 'F500/50'),
	(1935, 'Operation', '2021-04-15 11:08:02', 'MCT-15'),
	(1936, 'Unoperation', '2021-04-15 11:08:06', 'F650/50-1'),
	(1937, 'Operation', '2021-04-15 11:08:07', 'VX960M'),
	(1938, 'Unoperation', '2021-04-15 11:08:07', 'F650/50-2'),
	(1939, 'Unoperation', '2021-04-15 11:08:10', 'F500/50'),
	(1940, 'Operation', '2021-04-15 11:08:10', 'MCT-15'),
	(1941, 'Unoperation', '2021-04-15 11:08:14', 'F650/50-1'),
	(1942, 'Operation', '2021-04-15 11:08:14', 'VX960M'),
	(1943, 'Unoperation', '2021-04-15 11:08:14', 'F650/50-2'),
	(1944, 'Unoperation', '2021-04-15 11:08:17', 'F500/50'),
	(1945, 'Operation', '2021-04-15 11:08:18', 'MCT-15'),
	(1946, 'Unoperation', '2021-04-15 11:08:22', 'F650/50-1'),
	(1947, 'Operation', '2021-04-15 11:08:22', 'VX960M'),
	(1948, 'Unoperation', '2021-04-15 11:08:22', 'F650/50-2'),
	(1949, 'Unoperation', '2021-04-15 11:08:25', 'F500/50'),
	(1950, 'Operation', '2021-04-15 11:08:26', 'MCT-15'),
	(1951, 'Unoperation', '2021-04-15 11:08:29', 'F650/50-1'),
	(1952, 'Operation', '2021-04-15 11:08:30', 'VX960M'),
	(1953, 'Unoperation', '2021-04-15 11:08:30', 'F650/50-2'),
	(1954, 'Unoperation', '2021-04-15 11:08:33', 'F500/50'),
	(1955, 'Operation', '2021-04-15 11:08:33', 'MCT-15'),
	(1956, 'Unoperation', '2021-04-15 11:08:37', 'F650/50-1'),
	(1957, 'Operation', '2021-04-15 11:08:38', 'VX960M'),
	(1958, 'Unoperation', '2021-04-15 11:08:38', 'F650/50-2'),
	(1959, 'Unoperation', '2021-04-15 11:08:41', 'F500/50'),
	(1960, 'Operation', '2021-04-15 11:08:41', 'MCT-15'),
	(1961, 'Unoperation', '2021-04-15 11:08:45', 'F650/50-1'),
	(1962, 'Operation', '2021-04-15 11:08:46', 'VX960M'),
	(1963, 'Unoperation', '2021-04-15 11:08:46', 'F650/50-2'),
	(1964, 'Unoperation', '2021-04-15 11:08:48', 'F500/50'),
	(1965, 'Operation', '2021-04-15 11:08:49', 'MCT-15'),
	(1966, 'Unoperation', '2021-04-15 11:08:53', 'F650/50-1'),
	(1967, 'Operation', '2021-04-15 11:08:53', 'VX960M'),
	(1968, 'Unoperation', '2021-04-15 11:08:53', 'F650/50-2'),
	(1969, 'Unoperation', '2021-04-15 11:08:56', 'F500/50'),
	(1970, 'Operation', '2021-04-15 11:08:57', 'MCT-15'),
	(1971, 'Unoperation', '2021-04-15 11:09:00', 'F650/50-1'),
	(1972, 'Operation', '2021-04-15 11:09:01', 'VX960M'),
	(1973, 'Unoperation', '2021-04-15 11:09:01', 'F650/50-2'),
	(1974, 'Unoperation', '2021-04-15 11:09:04', 'F500/50'),
	(1975, 'Operation', '2021-04-15 11:09:05', 'MCT-15'),
	(1976, 'Unoperation', '2021-04-15 11:09:08', 'F650/50-1'),
	(1977, 'Operation', '2021-04-15 11:09:09', 'VX960M'),
	(1978, 'Unoperation', '2021-04-15 11:09:09', 'F650/50-2'),
	(1979, 'Unoperation', '2021-04-15 11:09:12', 'F500/50'),
	(1980, 'Operation', '2021-04-15 11:09:12', 'MCT-15'),
	(1981, 'Unoperation', '2021-04-15 11:09:16', 'F650/50-1'),
	(1982, 'Operation', '2021-04-15 11:09:17', 'VX960M'),
	(1983, 'Unoperation', '2021-04-15 11:09:17', 'F650/50-2'),
	(1984, 'Unoperation', '2021-04-15 11:09:20', 'F500/50'),
	(1985, 'Operation', '2021-04-15 11:09:20', 'MCT-15'),
	(1986, 'Unoperation', '2021-04-15 11:09:24', 'F650/50-1'),
	(1987, 'Operation', '2021-04-15 11:09:24', 'VX960M'),
	(1988, 'Unoperation', '2021-04-15 11:09:24', 'F650/50-2'),
	(1989, 'Unoperation', '2021-04-15 11:09:27', 'F500/50'),
	(1990, 'Operation', '2021-04-15 11:09:28', 'MCT-15'),
	(1991, 'Unoperation', '2021-04-15 11:09:32', 'F650/50-1'),
	(1992, 'Operation', '2021-04-15 11:09:32', 'VX960M'),
	(1993, 'Unoperation', '2021-04-15 11:09:32', 'F650/50-2'),
	(1994, 'Unoperation', '2021-04-15 11:09:35', 'F500/50'),
	(1995, 'Operation', '2021-04-15 11:09:36', 'MCT-15'),
	(1996, 'Unoperation', '2021-04-15 11:09:39', 'F650/50-1'),
	(1997, 'Operation', '2021-04-15 11:09:40', 'VX960M'),
	(1998, 'Unoperation', '2021-04-15 11:09:40', 'F650/50-2'),
	(1999, 'Unoperation', '2021-04-15 11:09:43', 'F500/50'),
	(2000, 'Operation', '2021-04-15 11:09:44', 'MCT-15'),
	(2001, 'Unoperation', '2021-04-15 11:09:47', 'F650/50-1'),
	(2002, 'Operation', '2021-04-15 11:09:48', 'VX960M'),
	(2003, 'Unoperation', '2021-04-15 11:09:48', 'F650/50-2'),
	(2004, 'Unoperation', '2021-04-15 11:09:51', 'F500/50'),
	(2005, 'Operation', '2021-04-15 11:09:51', 'MCT-15'),
	(2006, 'Unoperation', '2021-04-15 11:09:55', 'F650/50-1'),
	(2007, 'Operation', '2021-04-15 11:09:55', 'VX960M'),
	(2008, 'Unoperation', '2021-04-15 11:09:56', 'F650/50-2'),
	(2009, 'Unoperation', '2021-04-15 11:09:58', 'F500/50'),
	(2010, 'Operation', '2021-04-15 11:09:59', 'MCT-15'),
	(2011, 'Unoperation', '2021-04-15 11:10:03', 'F650/50-1'),
	(2012, 'Operation', '2021-04-15 11:10:03', 'VX960M'),
	(2013, 'Unoperation', '2021-04-15 11:10:03', 'F650/50-2'),
	(2014, 'Unoperation', '2021-04-15 11:10:06', 'F500/50'),
	(2015, 'Operation', '2021-04-15 11:10:07', 'MCT-15'),
	(2016, 'Unoperation', '2021-04-15 11:10:10', 'F650/50-1'),
	(2017, 'Operation', '2021-04-15 11:10:11', 'VX960M'),
	(2018, 'Unoperation', '2021-04-15 11:10:11', 'F650/50-2'),
	(2019, 'Unoperation', '2021-04-15 11:10:14', 'F500/50'),
	(2020, 'Operation', '2021-04-15 11:10:15', 'MCT-15'),
	(2021, 'Unoperation', '2021-04-15 11:10:18', 'F650/50-1'),
	(2022, 'Operation', '2021-04-15 11:10:19', 'VX960M'),
	(2023, 'Unoperation', '2021-04-15 11:10:19', 'F650/50-2'),
	(2024, 'Unoperation', '2021-04-15 11:10:22', 'F500/50'),
	(2025, 'Operation', '2021-04-15 11:10:22', 'MCT-15'),
	(2026, 'Unoperation', '2021-04-15 11:10:26', 'F650/50-1'),
	(2027, 'Operation', '2021-04-15 11:10:27', '오면가공기'),
	(2028, 'Unoperation', '2021-04-15 11:10:27', '오면가공기'),
	(2029, 'Unoperation', '2021-04-15 11:10:29', 'MCT-21'),
	(2030, 'Operation', '2021-04-15 11:10:30', 'MCT-21'),
	(2031, 'Operation', '2021-04-15 11:10:34', 'F650/50-1'),
	(2032, 'Operation', '2021-04-15 11:10:34', 'VX960M'),
	(2033, 'Unoperation', '2021-04-15 11:10:34', 'F650/50-2'),
	(2034, 'Operation', '2021-04-15 11:10:37', 'F500/50'),
	(2035, 'Operation', '2021-04-15 11:10:38', '오면가공기'),
	(2036, 'Operation', '2021-10-08 14:31:59', 'MCT-15'),
	(2040, 'Unoperation', '2021-10-08 14:36:24', 'MCT-15'),
	(2041, 'Unoperation', '2021-10-08 14:36:32', 'MCT-15'),
	(2042, 'Unoperation', '2021-10-08 14:36:40', 'MCT-15'),
	(2043, 'Unoperation', '2021-10-08 14:36:49', 'MCT-15'),
	(2044, 'Unoperation', '2021-10-08 14:36:57', 'MCT-15'),
	(2045, 'Unoperation', '2021-10-08 14:37:05', 'MCT-15'),
	(2046, 'Unoperation', '2021-10-08 14:37:13', 'MCT-15'),
	(2047, 'Unoperation', '2021-10-08 14:37:21', 'MCT-15'),
	(2048, 'Unoperation', '2021-10-08 14:37:29', 'MCT-15'),
	(2049, 'Unoperation', '2021-10-08 14:37:37', 'MCT-15'),
	(2050, 'Unoperation', '2021-10-08 14:37:45', 'MCT-15'),
	(2051, 'Unoperation', '2021-10-08 14:37:53', 'MCT-15'),
	(2052, 'Unoperation', '2021-10-08 14:38:01', 'MCT-15'),
	(2053, 'Unoperation', '2021-10-08 14:38:09', 'MCT-15'),
	(2054, 'Unoperation', '2021-10-08 14:38:17', 'MCT-15'),
	(2055, 'Unoperation', '2021-10-08 14:38:25', 'MCT-15'),
	(2056, 'Unoperation', '2021-10-08 14:38:33', 'MCT-15'),
	(2057, 'Unoperation', '2021-10-08 14:38:41', 'MCT-15'),
	(2058, 'Unoperation', '2021-10-08 14:38:49', 'MCT-15'),
	(2059, 'Unoperation', '2021-10-08 14:38:57', 'MCT-15'),
	(2060, 'Unoperation', '2021-10-08 14:39:05', 'MCT-15'),
	(2061, 'Unoperation', '2021-10-08 14:39:14', 'MCT-15'),
	(2062, 'Unoperation', '2021-10-08 14:39:22', 'MCT-15'),
	(2063, 'Unoperation', '2021-10-08 14:39:30', 'MCT-15'),
	(2064, 'Unoperation', '2021-10-08 14:39:38', 'MCT-15'),
	(2065, 'Unoperation', '2021-10-08 14:39:46', 'MCT-15'),
	(2066, 'Unoperation', '2021-10-08 14:39:54', 'MCT-15'),
	(2067, 'Unoperation', '2021-10-08 14:40:02', 'MCT-15'),
	(2068, 'Unoperation', '2021-10-08 14:40:10', 'MCT-15'),
	(2069, 'Unoperation', '2021-10-08 14:40:18', 'MCT-15'),
	(2070, 'Unoperation', '2021-10-08 14:40:26', 'MCT-15'),
	(2071, 'Unoperation', '2021-10-08 14:40:34', 'MCT-15'),
	(2072, 'Unoperation', '2021-10-08 14:40:42', 'MCT-15'),
	(2073, 'Unoperation', '2021-10-08 14:40:50', 'MCT-15'),
	(2074, 'Unoperation', '2021-10-08 14:40:58', 'MCT-15'),
	(2075, 'Unoperation', '2021-10-08 14:41:06', 'MCT-15'),
	(2076, 'Unoperation', '2021-10-08 14:41:15', 'MCT-15'),
	(2077, 'Unoperation', '2021-10-08 14:41:23', 'MCT-15'),
	(2078, 'Unoperation', '2021-10-08 14:41:31', 'MCT-15'),
	(2079, 'Unoperation', '2021-10-08 14:41:39', 'MCT-15'),
	(2080, 'Unoperation', '2021-10-08 14:41:47', 'MCT-15'),
	(2081, 'Unoperation', '2021-10-08 14:41:55', 'MCT-15'),
	(2082, 'Unoperation', '2021-10-08 14:42:03', 'MCT-15'),
	(2083, 'Unoperation', '2021-10-08 14:42:11', 'MCT-15'),
	(2084, 'Unoperation', '2021-10-08 14:42:19', 'MCT-15'),
	(2085, 'Unoperation', '2021-10-08 14:42:27', 'MCT-15'),
	(2086, 'Unoperation', '2021-10-08 14:42:35', 'MCT-15'),
	(2087, 'Unoperation', '2021-10-08 15:23:47', 'VX960M'),
	(2088, 'Unoperation', '2021-10-08 15:23:54', 'VX960M'),
	(2089, 'Unoperation', '2021-10-08 15:24:02', 'VX960M'),
	(2090, 'Unoperation', '2021-10-08 15:24:10', 'VX960M'),
	(2091, 'Unoperation', '2021-10-08 15:24:18', 'VX960M'),
	(2092, 'Unoperation', '2021-10-08 15:24:25', 'VX960M'),
	(2093, 'Unoperation', '2021-10-08 15:24:33', 'VX960M'),
	(2094, 'Unoperation', '2021-10-08 16:41:31', 'MCT-21'),
	(2095, 'Operation', '2021-10-08 16:41:39', 'MCT-21'),
	(2096, 'Unoperation', '2021-10-08 16:41:46', 'MCT-21'),
	(2097, 'Unoperation', '2021-10-08 16:41:54', 'MCT-21'),
	(2098, 'Unoperation', '2021-10-08 16:42:02', 'MCT-21'),
	(2099, 'Operation', '2022-02-07 13:14:34', 'MCT-21'),
	(2100, 'Operation', '2022-02-07 13:43:48', 'MCT-21'),
	(2101, 'Operation', '2022-02-07 13:43:52', 'MCT-21'),
	(2102, 'Operation', '2022-02-07 13:43:56', 'MCT-21'),
	(2103, 'Unoperation', '2022-02-07 13:44:01', 'MCT-21'),
	(2104, 'Operation', '2022-02-07 13:44:05', 'MCT-21'),
	(2105, 'Operation', '2022-02-07 13:44:09', 'MCT-21'),
	(2106, 'Operation', '2022-02-07 13:44:13', 'MCT-21'),
	(2107, 'Operation', '2022-02-07 13:44:17', 'MCT-21'),
	(2108, 'Unoperation', '2022-02-07 13:44:21', 'MCT-21'),
	(2109, 'Unoperation', '2022-02-07 13:44:25', 'MCT-21'),
	(2110, 'Operation', '2022-02-07 13:44:29', 'MCT-21'),
	(2111, 'Unoperation', '2022-02-07 13:44:33', 'MCT-21'),
	(2112, 'Unoperation', '2022-02-07 13:47:55', 'MCT-15'),
	(2113, 'Unoperation', '2022-02-07 13:47:59', 'MCT-15'),
	(2114, 'Unoperation', '2022-02-07 13:48:04', 'MCT-15'),
	(2115, 'Unoperation', '2022-02-07 13:48:08', 'MCT-15'),
	(2116, 'Unoperation', '2022-02-07 13:48:12', 'MCT-15'),
	(2117, 'Unoperation', '2022-02-07 13:48:16', 'MCT-15'),
	(2118, 'Operation', '2022-02-07 13:51:46', 'VX960M'),
	(2119, 'Operation', '2022-02-07 13:51:50', 'VX960M'),
	(2120, 'Operation', '2022-02-07 13:51:54', 'VX960M'),
	(2121, 'Operation', '2022-02-07 13:51:59', 'VX960M'),
	(2122, 'Unoperation', '2022-02-07 13:52:03', 'VX960M'),
	(2123, 'Operation', '2022-02-07 13:52:07', 'VX960M'),
	(2124, 'Unoperation', '2022-02-07 14:05:45', '오면가공기'),
	(2125, 'Unoperation', '2022-02-07 14:05:49', '오면가공기'),
	(2126, 'Unoperation', '2022-02-07 14:05:53', '오면가공기'),
	(2127, 'Operation', '2022-02-07 14:05:57', '오면가공기'),
	(2128, 'Unoperation', '2022-02-07 14:06:01', '오면가공기'),
	(2129, 'Unoperation', '2022-02-07 14:06:05', '오면가공기'),
	(2130, 'Unoperation', '2022-02-07 14:06:10', '오면가공기'),
	(2131, 'Unoperation', '2022-02-07 14:08:08', 'F650/50-2'),
	(2132, 'Unoperation', '2022-02-07 14:08:12', 'F650/50-2'),
	(2133, 'Unoperation', '2022-02-07 14:08:17', 'F650/50-2'),
	(2134, 'Unoperation', '2022-02-07 14:10:14', 'F650/50-1'),
	(2135, 'Unoperation', '2022-02-07 14:10:18', 'F650/50-1'),
	(2136, 'Unoperation', '2022-02-07 14:10:22', 'F650/50-1'),
	(2137, 'Unoperation', '2022-02-07 14:10:26', 'F650/50-1'),
	(2138, 'Operation', '2022-02-07 14:12:15', '오면가공기'),
	(2139, 'Operation', '2022-02-07 14:12:19', '오면가공기'),
	(2140, 'Operation', '2022-02-07 14:12:23', '오면가공기'),
	(2141, 'Operation', '2022-02-07 14:12:27', '오면가공기'),
	(2142, 'Operation', '2022-02-07 14:12:32', '오면가공기'),
	(2143, 'Operation', '2022-02-07 14:12:36', '오면가공기'),
	(2144, 'Operation', '2022-02-07 14:12:40', '오면가공기'),
	(2145, 'Unoperation', '2022-02-07 14:14:35', 'MCT-15'),
	(2146, 'Unoperation', '2022-02-07 14:14:39', 'MCT-15'),
	(2147, 'Unoperation', '2022-02-07 14:14:43', 'MCT-15'),
	(2148, 'Unoperation', '2022-02-07 14:14:47', 'MCT-15'),
	(2149, 'Operation', '2022-02-07 14:21:32', 'MCT-21'),
	(2150, 'Operation', '2022-02-07 14:21:36', 'MCT-21'),
	(2151, 'Operation', '2022-02-07 14:21:40', 'MCT-21'),
	(2152, 'Operation', '2022-02-07 14:21:44', 'MCT-21'),
	(2153, 'Unoperation', '2022-02-07 14:27:35', '오면가공기'),
	(2154, 'Unoperation', '2022-02-07 14:27:40', '오면가공기'),
	(2155, 'Unoperation', '2022-02-07 14:27:44', '오면가공기'),
	(2156, 'Unoperation', '2022-02-07 14:30:11', 'MCT-21'),
	(2157, 'Unoperation', '2022-02-07 14:30:15', 'MCT-21'),
	(2158, 'Unoperation', '2022-02-07 14:30:19', 'MCT-21'),
	(2159, 'Unoperation', '2022-02-07 14:30:24', 'MCT-21'),
	(2160, 'Unoperation', '2022-02-07 14:32:33', 'MCT-21'),
	(2161, 'Unoperation', '2022-02-07 14:32:38', 'MCT-21'),
	(2162, 'Unoperation', '2022-02-07 14:32:42', 'MCT-21'),
	(2163, 'Unoperation', '2022-02-07 14:32:46', 'MCT-21'),
	(2164, 'Operation', '2022-02-08 15:46:44', 'MCT-21'),
	(2165, 'Operation', '2022-02-08 15:46:48', 'MCT-21'),
	(2166, 'Operation', '2022-02-08 15:46:52', 'MCT-21'),
	(2167, 'Operation', '2022-02-08 15:46:56', 'MCT-21'),
	(2168, 'Operation', '2022-02-08 15:47:01', 'MCT-21'),
	(2169, 'Operation', '2022-02-08 15:47:05', 'MCT-21'),
	(2170, 'Operation', '2022-02-08 15:47:09', 'MCT-21'),
	(2171, 'Operation', '2022-02-08 15:47:13', 'MCT-21'),
	(2172, 'Operation', '2022-02-08 15:47:17', 'MCT-21'),
	(2173, 'Operation', '2022-02-08 15:47:21', 'MCT-21');
/*!40000 ALTER TABLE `machine_data` ENABLE KEYS */;

-- 테이블 dg.machine_errordata 구조 내보내기
DROP TABLE IF EXISTS `machine_errordata`;
CREATE TABLE IF NOT EXISTS `machine_errordata` (
  `ErrordataNo` int(11) NOT NULL AUTO_INCREMENT COMMENT '에러 데이터 고유번호',
  `MachineErrorValue` varchar(50) NOT NULL DEFAULT '0' COMMENT '에러 데이터 값',
  `MachineErrorTime` datetime NOT NULL COMMENT '에러 데이터 시간',
  `MachineName` varchar(70) NOT NULL COMMENT '장비 이름',
  PRIMARY KEY (`ErrordataNo`),
  KEY `FK_machine_errordata_MachineName_machine_MachineName` (`MachineName`),
  CONSTRAINT `FK_machine_errordata_machine` FOREIGN KEY (`MachineName`) REFERENCES `machine` (`MachineName`) ON DELETE CASCADE ON UPDATE CASCADE
) ENGINE=InnoDB AUTO_INCREMENT=2082 DEFAULT CHARSET=utf8 COMMENT='장비 에러 데이터';

-- 테이블 데이터 dg.machine_errordata:~2,080 rows (대략적) 내보내기
/*!40000 ALTER TABLE `machine_errordata` DISABLE KEYS */;
INSERT INTO `machine_errordata` (`ErrordataNo`, `MachineErrorValue`, `MachineErrorTime`, `MachineName`) VALUES
	(1, 'Non-Error', '2021-04-15 10:17:58', 'F500/50'),
	(2, 'Non-Error', '2021-04-15 10:18:00', 'F650/50-2'),
	(3, 'Non-Error', '2021-04-15 10:18:01', 'VX960M'),
	(4, 'Non-Error', '2021-04-15 10:18:01', 'MCT-15'),
	(5, 'Non-Error', '2021-04-15 10:18:02', 'F650/50-1'),
	(6, 'Non-Error', '2021-04-15 10:18:06', 'F500/50'),
	(7, 'Non-Error', '2021-04-15 10:18:08', 'F650/50-2'),
	(8, 'Non-Error', '2021-04-15 10:18:09', 'VX960M'),
	(9, 'Non-Error', '2021-04-15 10:18:09', 'MCT-15'),
	(10, 'Non-Error', '2021-04-15 10:18:10', 'F650/50-1'),
	(11, 'Non-Error', '2021-04-15 10:18:14', 'F500/50'),
	(12, 'Non-Error', '2021-04-15 10:18:15', 'F650/50-2'),
	(13, 'Non-Error', '2021-04-15 10:18:17', 'VX960M'),
	(14, 'Non-Error', '2021-04-15 10:18:17', 'MCT-15'),
	(15, 'Non-Error', '2021-04-15 10:18:17', 'F650/50-1'),
	(16, 'Non-Error', '2021-04-15 10:18:22', 'F500/50'),
	(17, 'Non-Error', '2021-04-15 10:18:23', 'F650/50-2'),
	(18, 'Non-Error', '2021-04-15 10:18:24', 'VX960M'),
	(19, 'Non-Error', '2021-04-15 10:18:25', 'MCT-15'),
	(20, 'Non-Error', '2021-04-15 10:18:25', 'F650/50-1'),
	(21, 'Non-Error', '2021-04-15 10:18:29', 'F500/50'),
	(22, 'Non-Error', '2021-04-15 10:18:31', 'F650/50-2'),
	(23, 'Non-Error', '2021-04-15 10:18:32', 'VX960M'),
	(24, 'Non-Error', '2021-04-15 10:18:32', 'MCT-15'),
	(25, 'Non-Error', '2021-04-15 10:18:33', 'F650/50-1'),
	(26, 'Non-Error', '2021-04-15 10:18:37', 'F500/50'),
	(27, 'Non-Error', '2021-04-15 10:18:39', 'F650/50-2'),
	(28, 'Non-Error', '2021-04-15 10:18:40', 'VX960M'),
	(29, 'Non-Error', '2021-04-15 10:18:40', 'MCT-15'),
	(30, 'Non-Error', '2021-04-15 10:18:41', 'F650/50-1'),
	(31, 'Non-Error', '2021-04-15 10:18:45', 'F500/50'),
	(32, 'Non-Error', '2021-04-15 10:18:46', 'F650/50-2'),
	(33, 'Non-Error', '2021-04-15 10:18:48', 'VX960M'),
	(34, 'Non-Error', '2021-04-15 10:18:48', 'MCT-15'),
	(35, 'Non-Error', '2021-04-15 10:18:48', 'F650/50-1'),
	(36, 'Non-Error', '2021-04-15 10:18:53', 'F500/50'),
	(37, 'Non-Error', '2021-04-15 10:18:54', 'F650/50-2'),
	(38, 'Non-Error', '2021-04-15 10:18:56', 'VX960M'),
	(39, 'Non-Error', '2021-04-15 10:18:56', 'MCT-15'),
	(40, 'Non-Error', '2021-04-15 10:18:56', 'F650/50-1'),
	(41, 'Non-Error', '2021-04-15 10:19:00', 'F500/50'),
	(42, 'Non-Error', '2021-04-15 10:19:02', 'F650/50-2'),
	(43, 'Non-Error', '2021-04-15 10:19:03', 'VX960M'),
	(44, 'Non-Error', '2021-04-15 10:19:04', 'MCT-15'),
	(45, 'Non-Error', '2021-04-15 10:19:04', 'F650/50-1'),
	(46, 'Non-Error', '2021-04-15 10:19:08', 'F500/50'),
	(47, 'Non-Error', '2021-04-15 10:19:10', 'F650/50-2'),
	(48, 'Non-Error', '2021-04-15 10:19:11', 'VX960M'),
	(49, 'Non-Error', '2021-04-15 10:19:11', 'MCT-15'),
	(50, 'Non-Error', '2021-04-15 10:19:12', 'F650/50-1'),
	(51, 'Non-Error', '2021-04-15 10:19:16', 'F500/50'),
	(52, 'Non-Error', '2021-04-15 10:19:18', 'F650/50-2'),
	(53, 'Non-Error', '2021-04-15 10:19:19', 'VX960M'),
	(54, 'Non-Error', '2021-04-15 10:19:19', 'MCT-15'),
	(55, 'Non-Error', '2021-04-15 10:19:20', 'F650/50-1'),
	(56, 'Non-Error', '2021-04-15 10:19:24', 'F500/50'),
	(57, 'Non-Error', '2021-04-15 10:19:25', 'F650/50-2'),
	(58, 'Non-Error', '2021-04-15 10:19:27', 'MCT-15'),
	(59, 'Non-Error', '2021-04-15 10:19:27', 'F650/50-1'),
	(60, 'Non-Error', '2021-04-15 10:19:27', 'VX960M'),
	(61, 'Non-Error', '2021-04-15 10:19:32', 'F500/50'),
	(62, 'Non-Error', '2021-04-15 10:19:33', 'F650/50-2'),
	(63, 'Non-Error', '2021-04-15 10:19:34', 'VX960M'),
	(64, 'Non-Error', '2021-04-15 10:19:35', 'MCT-15'),
	(65, 'Non-Error', '2021-04-15 10:19:35', 'F650/50-1'),
	(66, 'Non-Error', '2021-04-15 10:19:39', 'F500/50'),
	(67, 'Non-Error', '2021-04-15 10:19:41', 'F650/50-2'),
	(68, 'Non-Error', '2021-04-15 10:19:42', 'VX960M'),
	(69, 'Non-Error', '2021-04-15 10:19:43', 'MCT-15'),
	(70, 'Non-Error', '2021-04-15 10:19:43', 'F650/50-1'),
	(71, 'Non-Error', '2021-04-15 10:19:47', 'F500/50'),
	(72, 'Non-Error', '2021-04-15 10:19:49', 'F650/50-2'),
	(73, 'Non-Error', '2021-04-15 10:19:50', 'VX960M'),
	(74, 'Non-Error', '2021-04-15 10:19:50', 'MCT-15'),
	(75, 'Non-Error', '2021-04-15 10:19:51', 'F650/50-1'),
	(76, 'Non-Error', '2021-04-15 10:19:56', 'F500/50'),
	(77, 'Non-Error', '2021-04-15 10:19:57', 'F650/50-2'),
	(78, 'Non-Error', '2021-04-15 10:19:58', 'VX960M'),
	(79, 'Non-Error', '2021-04-15 10:19:58', 'MCT-15'),
	(80, 'Non-Error', '2021-04-15 10:19:59', 'F650/50-1'),
	(81, 'Non-Error', '2021-04-15 10:20:03', 'F500/50'),
	(82, 'Non-Error', '2021-04-15 10:20:04', 'F650/50-2'),
	(83, 'Non-Error', '2021-04-15 10:20:06', 'VX960M'),
	(84, 'Non-Error', '2021-04-15 10:20:06', 'MCT-15'),
	(85, 'Non-Error', '2021-04-15 10:20:06', 'F650/50-1'),
	(86, 'Non-Error', '2021-04-15 10:20:10', 'F500/50'),
	(87, 'Non-Error', '2021-04-15 10:20:12', 'F650/50-2'),
	(88, 'Non-Error', '2021-04-15 10:20:13', 'VX960M'),
	(89, 'Non-Error', '2021-04-15 10:20:14', 'MCT-15'),
	(90, 'Non-Error', '2021-04-15 10:20:14', 'F650/50-1'),
	(91, 'Non-Error', '2021-04-15 10:20:18', 'F500/50'),
	(92, 'Non-Error', '2021-04-15 10:20:20', 'F650/50-2'),
	(93, 'Non-Error', '2021-04-15 10:20:21', 'VX960M'),
	(94, 'Non-Error', '2021-04-15 10:20:21', 'MCT-15'),
	(95, 'Non-Error', '2021-04-15 10:20:22', 'F650/50-1'),
	(96, 'Non-Error', '2021-04-15 10:20:26', 'F500/50'),
	(97, 'Non-Error', '2021-04-15 10:20:28', 'F650/50-2'),
	(98, 'Non-Error', '2021-04-15 10:20:29', 'VX960M'),
	(99, 'Non-Error', '2021-04-15 10:20:29', 'MCT-15'),
	(100, 'Non-Error', '2021-04-15 10:20:30', 'F650/50-1'),
	(101, 'Non-Error', '2021-04-15 10:20:34', 'F500/50'),
	(102, 'Non-Error', '2021-04-15 10:20:35', 'F650/50-2'),
	(103, 'Non-Error', '2021-04-15 10:20:37', 'VX960M'),
	(104, 'Non-Error', '2021-04-15 10:20:37', 'MCT-15'),
	(105, 'Non-Error', '2021-04-15 10:20:37', 'F650/50-1'),
	(106, 'Non-Error', '2021-04-15 10:20:41', 'F500/50'),
	(107, 'Non-Error', '2021-04-15 10:20:43', 'F650/50-2'),
	(108, 'Non-Error', '2021-04-15 10:20:44', 'VX960M'),
	(109, 'Non-Error', '2021-04-15 10:20:45', 'MCT-15'),
	(110, 'Non-Error', '2021-04-15 10:20:45', 'F650/50-1'),
	(111, 'Non-Error', '2021-04-15 10:20:49', 'F500/50'),
	(112, 'Non-Error', '2021-04-15 10:20:51', 'F650/50-2'),
	(113, 'Non-Error', '2021-04-15 10:20:52', 'VX960M'),
	(114, 'Non-Error', '2021-04-15 10:20:53', 'MCT-15'),
	(115, 'Non-Error', '2021-04-15 10:20:53', 'F650/50-1'),
	(116, 'Non-Error', '2021-04-15 10:20:57', 'F500/50'),
	(117, 'Non-Error', '2021-04-15 10:20:59', 'F650/50-2'),
	(118, 'Non-Error', '2021-04-15 10:21:00', 'VX960M'),
	(119, 'Non-Error', '2021-04-15 10:21:00', 'MCT-15'),
	(120, 'Non-Error', '2021-04-15 10:21:01', 'F650/50-1'),
	(121, 'Non-Error', '2021-04-15 10:21:05', 'F500/50'),
	(122, 'Non-Error', '2021-04-15 10:21:07', 'F650/50-2'),
	(123, 'Non-Error', '2021-04-15 10:21:08', 'VX960M'),
	(124, 'Non-Error', '2021-04-15 10:21:08', 'MCT-15'),
	(125, 'Non-Error', '2021-04-15 10:21:08', 'F650/50-1'),
	(126, 'Non-Error', '2021-04-15 10:21:13', 'F500/50'),
	(127, 'Non-Error', '2021-04-15 10:21:14', 'F650/50-2'),
	(128, 'Non-Error', '2021-04-15 10:21:16', 'VX960M'),
	(129, 'Non-Error', '2021-04-15 10:21:16', 'MCT-15'),
	(130, 'Non-Error', '2021-04-15 10:21:16', 'F650/50-1'),
	(131, 'Non-Error', '2021-04-15 10:21:20', 'F500/50'),
	(132, 'Non-Error', '2021-04-15 10:21:22', 'F650/50-2'),
	(133, 'Non-Error', '2021-04-15 10:21:23', 'VX960M'),
	(134, 'Non-Error', '2021-04-15 10:21:24', 'MCT-15'),
	(135, 'Non-Error', '2021-04-15 10:21:24', 'F650/50-1'),
	(136, 'Non-Error', '2021-04-15 10:21:28', 'F500/50'),
	(137, 'Non-Error', '2021-04-15 10:21:30', 'F650/50-2'),
	(138, 'Non-Error', '2021-04-15 10:21:31', 'VX960M'),
	(139, 'Non-Error', '2021-04-15 10:21:31', 'MCT-15'),
	(140, 'Non-Error', '2021-04-15 10:21:32', 'F650/50-1'),
	(141, 'Non-Error', '2021-04-15 10:21:36', 'F500/50'),
	(142, 'Non-Error', '2021-04-15 10:21:38', 'F650/50-2'),
	(143, 'Non-Error', '2021-04-15 10:21:39', 'VX960M'),
	(144, 'Non-Error', '2021-04-15 10:21:39', 'MCT-15'),
	(145, 'Non-Error', '2021-04-15 10:21:39', 'F650/50-1'),
	(146, 'Non-Error', '2021-04-15 10:21:44', 'F500/50'),
	(147, 'Non-Error', '2021-04-15 10:21:45', 'F650/50-2'),
	(148, 'Non-Error', '2021-04-15 10:21:47', 'VX960M'),
	(149, 'Non-Error', '2021-04-15 10:21:47', 'MCT-15'),
	(150, 'Non-Error', '2021-04-15 10:21:47', 'F650/50-1'),
	(151, 'Non-Error', '2021-04-15 10:21:51', 'F500/50'),
	(152, 'Non-Error', '2021-04-15 10:21:53', 'F650/50-2'),
	(153, 'Non-Error', '2021-04-15 10:21:54', 'VX960M'),
	(154, 'Non-Error', '2021-04-15 10:21:55', 'MCT-15'),
	(155, 'Non-Error', '2021-04-15 10:21:55', 'F650/50-1'),
	(156, 'Non-Error', '2021-04-15 10:21:59', 'F500/50'),
	(157, 'Non-Error', '2021-04-15 10:22:01', 'F650/50-2'),
	(158, 'Non-Error', '2021-04-15 10:22:02', 'VX960M'),
	(159, 'Non-Error', '2021-04-15 10:22:03', 'MCT-15'),
	(160, 'Non-Error', '2021-04-15 10:22:03', 'F650/50-1'),
	(161, 'Non-Error', '2021-04-15 10:22:07', 'F500/50'),
	(162, 'Non-Error', '2021-04-15 10:22:09', 'F650/50-2'),
	(163, 'Non-Error', '2021-04-15 10:22:10', 'VX960M'),
	(164, 'Non-Error', '2021-04-15 10:22:10', 'MCT-15'),
	(165, 'Non-Error', '2021-04-15 10:22:11', 'F650/50-1'),
	(166, 'Non-Error', '2021-04-15 10:22:15', 'F500/50'),
	(167, 'Non-Error', '2021-04-15 10:22:17', 'F650/50-2'),
	(168, 'Non-Error', '2021-04-15 10:22:18', 'VX960M'),
	(169, 'Non-Error', '2021-04-15 10:22:18', 'MCT-15'),
	(170, 'Non-Error', '2021-04-15 10:22:18', 'F650/50-1'),
	(171, 'Non-Error', '2021-04-15 10:22:23', 'F500/50'),
	(172, 'Non-Error', '2021-04-15 10:22:24', 'F650/50-2'),
	(173, 'Non-Error', '2021-04-15 10:22:26', 'VX960M'),
	(174, 'Non-Error', '2021-04-15 10:22:26', 'MCT-15'),
	(175, 'Non-Error', '2021-04-15 10:22:26', 'F650/50-1'),
	(176, 'Non-Error', '2021-04-15 10:22:30', 'F500/50'),
	(177, 'Non-Error', '2021-04-15 10:22:32', 'F650/50-2'),
	(178, 'Non-Error', '2021-04-15 10:22:33', 'VX960M'),
	(179, 'Non-Error', '2021-04-15 10:22:34', 'MCT-15'),
	(180, 'Non-Error', '2021-04-15 10:22:34', 'F650/50-1'),
	(181, 'Non-Error', '2021-04-15 10:22:38', 'F500/50'),
	(182, 'Non-Error', '2021-04-15 10:22:40', 'F650/50-2'),
	(183, 'Non-Error', '2021-04-15 10:22:41', 'VX960M'),
	(184, 'Non-Error', '2021-04-15 10:22:41', 'MCT-15'),
	(185, 'Non-Error', '2021-04-15 10:22:42', 'F650/50-1'),
	(186, 'Non-Error', '2021-04-15 10:22:46', 'F500/50'),
	(187, 'Non-Error', '2021-04-15 10:22:48', 'F650/50-2'),
	(188, 'Non-Error', '2021-04-15 10:22:49', 'VX960M'),
	(189, 'Non-Error', '2021-04-15 10:22:49', 'MCT-15'),
	(190, 'Non-Error', '2021-04-15 10:22:49', 'F650/50-1'),
	(191, 'Non-Error', '2021-04-15 10:22:54', 'F500/50'),
	(192, 'Non-Error', '2021-04-15 10:22:55', 'F650/50-2'),
	(193, 'Non-Error', '2021-04-15 10:22:57', 'VX960M'),
	(194, 'Non-Error', '2021-04-15 10:22:57', 'MCT-15'),
	(195, 'Non-Error', '2021-04-15 10:22:57', 'F650/50-1'),
	(196, 'Non-Error', '2021-04-15 10:23:01', 'F500/50'),
	(197, 'Non-Error', '2021-04-15 10:23:03', 'F650/50-2'),
	(198, 'Non-Error', '2021-04-15 10:23:04', 'VX960M'),
	(199, 'Non-Error', '2021-04-15 10:23:05', 'MCT-15'),
	(200, 'Non-Error', '2021-04-15 10:23:05', 'F650/50-1'),
	(201, 'Non-Error', '2021-04-15 10:23:09', 'F500/50'),
	(202, 'Non-Error', '2021-04-15 10:23:11', 'F650/50-2'),
	(203, 'Non-Error', '2021-04-15 10:23:12', 'VX960M'),
	(204, 'Non-Error', '2021-04-15 10:23:13', 'MCT-15'),
	(205, 'Non-Error', '2021-04-15 10:23:13', 'F650/50-1'),
	(206, 'Non-Error', '2021-04-15 10:23:17', 'F500/50'),
	(207, 'Non-Error', '2021-04-15 10:23:19', 'F650/50-2'),
	(208, 'Non-Error', '2021-04-15 10:23:20', 'VX960M'),
	(209, 'Non-Error', '2021-04-15 10:23:20', 'MCT-15'),
	(210, 'Non-Error', '2021-04-15 10:23:21', 'F650/50-1'),
	(211, 'Non-Error', '2021-04-15 10:23:25', 'F500/50'),
	(212, 'Non-Error', '2021-04-15 10:23:27', 'F650/50-2'),
	(213, 'Non-Error', '2021-04-15 10:23:28', 'VX960M'),
	(214, 'Non-Error', '2021-04-15 10:23:28', 'MCT-15'),
	(215, 'Non-Error', '2021-04-15 10:23:28', 'F650/50-1'),
	(216, 'Non-Error', '2021-04-15 10:23:32', 'F500/50'),
	(217, 'Non-Error', '2021-04-15 10:23:34', 'F650/50-2'),
	(218, 'Non-Error', '2021-04-15 10:23:36', 'VX960M'),
	(219, 'Non-Error', '2021-04-15 10:23:36', 'MCT-15'),
	(220, 'Non-Error', '2021-04-15 10:23:36', 'F650/50-1'),
	(221, 'Non-Error', '2021-04-15 10:23:40', 'F500/50'),
	(222, 'Non-Error', '2021-04-15 10:23:42', 'F650/50-2'),
	(223, 'Non-Error', '2021-04-15 10:23:43', 'VX960M'),
	(224, 'Non-Error', '2021-04-15 10:23:44', 'MCT-15'),
	(225, 'Non-Error', '2021-04-15 10:23:44', 'F650/50-1'),
	(226, 'Non-Error', '2021-04-15 10:23:48', 'F500/50'),
	(227, 'Non-Error', '2021-04-15 10:23:50', 'F650/50-2'),
	(228, 'Non-Error', '2021-04-15 10:23:51', 'VX960M'),
	(229, 'Non-Error', '2021-04-15 10:23:52', 'MCT-15'),
	(230, 'Non-Error', '2021-04-15 10:23:52', 'F650/50-1'),
	(231, 'Non-Error', '2021-04-15 10:23:56', 'F500/50'),
	(232, 'Non-Error', '2021-04-15 10:23:58', 'F650/50-2'),
	(233, 'Non-Error', '2021-04-15 10:23:59', 'VX960M'),
	(234, 'Non-Error', '2021-04-15 10:23:59', 'MCT-15'),
	(235, 'Non-Error', '2021-04-15 10:23:59', 'F650/50-1'),
	(236, 'Non-Error', '2021-04-15 10:24:04', 'F500/50'),
	(237, 'Non-Error', '2021-04-15 10:24:05', 'F650/50-2'),
	(238, 'Non-Error', '2021-04-15 10:24:07', 'VX960M'),
	(239, 'Non-Error', '2021-04-15 10:24:07', 'MCT-15'),
	(240, 'Non-Error', '2021-04-15 10:24:07', 'F650/50-1'),
	(241, 'Non-Error', '2021-04-15 10:24:11', 'F500/50'),
	(242, 'Non-Error', '2021-04-15 10:24:13', 'F650/50-2'),
	(243, 'Non-Error', '2021-04-15 10:24:14', 'VX960M'),
	(244, 'Non-Error', '2021-04-15 10:24:15', 'F650/50-1'),
	(245, 'Non-Error', '2021-04-15 10:24:15', 'MCT-15'),
	(246, 'Non-Error', '2021-04-15 10:24:19', 'F500/50'),
	(247, 'Non-Error', '2021-04-15 10:24:21', 'F650/50-2'),
	(248, 'Non-Error', '2021-04-15 10:24:22', 'VX960M'),
	(249, 'Non-Error', '2021-04-15 10:24:23', 'F650/50-1'),
	(250, 'Non-Error', '2021-04-15 10:24:23', 'MCT-15'),
	(251, 'Non-Error', '2021-04-15 10:24:27', 'F500/50'),
	(252, 'Non-Error', '2021-04-15 10:24:29', 'F650/50-2'),
	(253, 'Non-Error', '2021-04-15 10:24:30', 'VX960M'),
	(254, 'Non-Error', '2021-04-15 10:24:30', 'F650/50-1'),
	(255, 'Non-Error', '2021-04-15 10:24:30', 'MCT-15'),
	(256, 'Non-Error', '2021-04-15 10:24:35', 'F500/50'),
	(257, 'Non-Error', '2021-04-15 10:24:37', 'F650/50-2'),
	(258, 'Non-Error', '2021-04-15 10:24:38', 'VX960M'),
	(259, 'Non-Error', '2021-04-15 10:24:38', 'F650/50-1'),
	(260, 'Non-Error', '2021-04-15 10:24:38', 'MCT-15'),
	(261, 'Non-Error', '2021-04-15 10:24:42', 'F500/50'),
	(262, 'Non-Error', '2021-04-15 10:24:44', 'F650/50-2'),
	(263, 'Non-Error', '2021-04-15 10:24:46', 'VX960M'),
	(264, 'Non-Error', '2021-04-15 10:24:46', 'F650/50-1'),
	(265, 'Non-Error', '2021-04-15 10:24:46', 'MCT-15'),
	(266, 'Non-Error', '2021-04-15 10:24:50', 'F500/50'),
	(267, 'Non-Error', '2021-04-15 10:24:52', 'F650/50-2'),
	(268, 'Non-Error', '2021-04-15 10:24:53', 'VX960M'),
	(269, 'Non-Error', '2021-04-15 10:24:54', 'F650/50-1'),
	(270, 'Non-Error', '2021-04-15 10:24:54', 'MCT-15'),
	(271, 'Non-Error', '2021-04-15 10:24:58', 'F500/50'),
	(272, 'Non-Error', '2021-04-15 10:25:00', 'F650/50-2'),
	(273, 'Non-Error', '2021-04-15 10:25:01', 'VX960M'),
	(274, 'Non-Error', '2021-04-15 10:25:02', 'F650/50-1'),
	(275, 'Non-Error', '2021-04-15 10:25:02', 'MCT-15'),
	(276, 'Non-Error', '2021-04-15 10:25:06', 'F500/50'),
	(277, 'Non-Error', '2021-04-15 10:25:08', 'F650/50-2'),
	(278, 'Non-Error', '2021-04-15 10:25:09', 'VX960M'),
	(279, 'Non-Error', '2021-04-15 10:25:09', 'F650/50-1'),
	(280, 'Non-Error', '2021-04-15 10:25:09', 'MCT-15'),
	(281, 'Non-Error', '2021-04-15 10:25:14', 'F500/50'),
	(282, 'Non-Error', '2021-04-15 10:25:15', 'F650/50-2'),
	(283, 'Non-Error', '2021-04-15 10:25:17', 'VX960M'),
	(284, 'Non-Error', '2021-04-15 10:25:17', 'F650/50-1'),
	(285, 'Non-Error', '2021-04-15 10:25:17', 'MCT-15'),
	(286, 'Non-Error', '2021-04-15 10:25:21', 'F500/50'),
	(287, 'Non-Error', '2021-04-15 10:25:23', 'F650/50-2'),
	(288, 'Non-Error', '2021-04-15 10:25:24', 'VX960M'),
	(289, 'Non-Error', '2021-04-15 10:25:25', 'F650/50-1'),
	(290, 'Non-Error', '2021-04-15 10:25:25', 'MCT-15'),
	(291, 'Non-Error', '2021-04-15 10:25:29', 'F500/50'),
	(292, 'Non-Error', '2021-04-15 10:25:31', 'F650/50-2'),
	(293, 'Non-Error', '2021-04-15 10:25:32', 'VX960M'),
	(294, 'Non-Error', '2021-04-15 10:25:33', 'F650/50-1'),
	(295, 'Non-Error', '2021-04-15 10:25:33', 'MCT-15'),
	(296, 'Non-Error', '2021-04-15 10:25:37', 'F500/50'),
	(297, 'Non-Error', '2021-04-15 10:25:39', 'F650/50-2'),
	(298, 'Non-Error', '2021-04-15 10:25:40', 'VX960M'),
	(299, 'Non-Error', '2021-04-15 10:25:40', 'F650/50-1'),
	(300, 'Non-Error', '2021-04-15 10:25:41', 'MCT-15'),
	(301, 'Non-Error', '2021-04-15 10:25:45', 'F500/50'),
	(302, 'Non-Error', '2021-04-15 10:25:47', 'F650/50-2'),
	(303, 'Non-Error', '2021-04-15 10:25:48', 'VX960M'),
	(304, 'Non-Error', '2021-04-15 10:25:48', 'F650/50-1'),
	(305, 'Non-Error', '2021-04-15 10:25:48', 'MCT-15'),
	(306, 'Non-Error', '2021-04-15 10:25:52', 'F500/50'),
	(307, 'Non-Error', '2021-04-15 10:25:54', 'F650/50-2'),
	(308, 'Non-Error', '2021-04-15 10:25:55', 'VX960M'),
	(309, 'Non-Error', '2021-04-15 10:25:56', 'F650/50-1'),
	(310, 'Non-Error', '2021-04-15 10:25:56', 'MCT-15'),
	(311, 'Non-Error', '2021-04-15 10:26:00', 'F500/50'),
	(312, 'Non-Error', '2021-04-15 10:26:02', 'F650/50-2'),
	(313, 'Non-Error', '2021-04-15 10:26:03', 'VX960M'),
	(314, 'Non-Error', '2021-04-15 10:26:04', 'F650/50-1'),
	(315, 'Non-Error', '2021-04-15 10:26:04', 'MCT-15'),
	(316, 'Non-Error', '2021-04-15 10:26:08', 'F500/50'),
	(317, 'Non-Error', '2021-04-15 10:26:10', 'F650/50-2'),
	(318, 'Non-Error', '2021-04-15 10:26:11', 'VX960M'),
	(319, 'Non-Error', '2021-04-15 10:26:11', 'F650/50-1'),
	(320, 'Non-Error', '2021-04-15 10:26:12', 'MCT-15'),
	(321, 'Non-Error', '2021-04-15 10:26:16', 'F500/50'),
	(322, 'Non-Error', '2021-04-15 10:26:18', 'F650/50-2'),
	(323, 'Non-Error', '2021-04-15 10:26:19', 'VX960M'),
	(324, 'Non-Error', '2021-04-15 10:26:19', 'F650/50-1'),
	(325, 'Non-Error', '2021-04-15 10:26:19', 'MCT-15'),
	(326, 'Non-Error', '2021-04-15 10:26:23', 'F500/50'),
	(327, 'Non-Error', '2021-04-15 10:26:25', 'F650/50-2'),
	(328, 'Non-Error', '2021-04-15 10:26:27', 'VX960M'),
	(329, 'Non-Error', '2021-04-15 10:26:27', 'F650/50-1'),
	(330, 'Non-Error', '2021-04-15 10:26:27', 'MCT-15'),
	(331, 'Non-Error', '2021-04-15 10:26:31', 'F500/50'),
	(332, 'Non-Error', '2021-04-15 10:26:33', 'F650/50-2'),
	(333, 'Non-Error', '2021-04-15 10:26:34', 'VX960M'),
	(334, 'Non-Error', '2021-04-15 10:26:35', 'F650/50-1'),
	(335, 'Non-Error', '2021-04-15 10:26:35', 'MCT-15'),
	(336, 'Non-Error', '2021-04-15 10:26:39', 'F500/50'),
	(337, 'Non-Error', '2021-04-15 10:26:41', 'F650/50-2'),
	(338, 'Non-Error', '2021-04-15 10:26:42', 'VX960M'),
	(339, 'Non-Error', '2021-04-15 10:26:43', 'F650/50-1'),
	(340, 'Non-Error', '2021-04-15 10:26:43', 'MCT-15'),
	(341, 'Non-Error', '2021-04-15 10:26:47', 'F500/50'),
	(342, 'Non-Error', '2021-04-15 10:26:49', 'F650/50-2'),
	(343, 'Non-Error', '2021-04-15 10:26:50', 'VX960M'),
	(344, 'Non-Error', '2021-04-15 10:26:50', 'F650/50-1'),
	(345, 'Non-Error', '2021-04-15 10:26:51', 'MCT-15'),
	(346, 'Non-Error', '2021-04-15 10:26:55', 'F500/50'),
	(347, 'Non-Error', '2021-04-15 10:26:57', 'F650/50-2'),
	(348, 'Non-Error', '2021-04-15 10:26:58', 'VX960M'),
	(349, 'Non-Error', '2021-04-15 10:26:58', 'F650/50-1'),
	(350, 'Non-Error', '2021-04-15 10:26:58', 'MCT-15'),
	(351, 'Non-Error', '2021-04-15 10:27:02', 'F500/50'),
	(352, 'Non-Error', '2021-04-15 10:27:04', 'F650/50-2'),
	(353, 'Non-Error', '2021-04-15 10:27:05', 'VX960M'),
	(354, 'Non-Error', '2021-04-15 10:27:06', 'F650/50-1'),
	(355, 'Non-Error', '2021-04-15 10:27:06', 'MCT-15'),
	(356, 'Non-Error', '2021-04-15 10:27:10', 'F500/50'),
	(357, 'Non-Error', '2021-04-15 10:27:12', 'F650/50-2'),
	(358, 'Non-Error', '2021-04-15 10:27:13', 'VX960M'),
	(359, 'Non-Error', '2021-04-15 10:27:14', 'F650/50-1'),
	(360, 'Non-Error', '2021-04-15 10:27:14', 'MCT-15'),
	(361, 'Non-Error', '2021-04-15 10:27:18', 'F500/50'),
	(362, 'Non-Error', '2021-04-15 10:27:20', 'F650/50-2'),
	(363, 'Non-Error', '2021-04-15 10:27:21', 'VX960M'),
	(364, 'Non-Error', '2021-04-15 10:27:21', 'F650/50-1'),
	(365, 'Non-Error', '2021-04-15 10:27:22', 'MCT-15'),
	(366, 'Non-Error', '2021-04-15 10:27:26', 'F500/50'),
	(367, 'Non-Error', '2021-04-15 10:27:28', 'F650/50-2'),
	(368, 'Non-Error', '2021-04-15 10:27:29', 'VX960M'),
	(369, 'Non-Error', '2021-04-15 10:27:29', 'F650/50-1'),
	(370, 'Non-Error', '2021-04-15 10:27:30', 'MCT-15'),
	(371, 'Non-Error', '2021-04-15 10:27:33', 'F500/50'),
	(372, 'Non-Error', '2021-04-15 10:27:35', 'F650/50-2'),
	(373, 'Non-Error', '2021-04-15 10:27:37', 'VX960M'),
	(374, 'Non-Error', '2021-04-15 10:27:37', 'F650/50-1'),
	(375, 'Non-Error', '2021-04-15 10:27:37', 'MCT-15'),
	(376, 'Non-Error', '2021-04-15 10:27:41', 'F500/50'),
	(377, 'Non-Error', '2021-04-15 10:27:43', 'F650/50-2'),
	(378, 'Non-Error', '2021-04-15 10:27:44', 'VX960M'),
	(379, 'Non-Error', '2021-04-15 10:27:45', 'F650/50-1'),
	(380, 'Non-Error', '2021-04-15 10:27:45', 'MCT-15'),
	(381, 'Non-Error', '2021-04-15 10:27:49', 'F500/50'),
	(382, 'Non-Error', '2021-04-15 10:27:51', 'F650/50-2'),
	(383, 'Non-Error', '2021-04-15 10:27:52', 'VX960M'),
	(384, 'Non-Error', '2021-04-15 10:27:53', 'F650/50-1'),
	(385, 'Non-Error', '2021-04-15 10:27:53', 'MCT-15'),
	(386, 'Non-Error', '2021-04-15 10:27:57', 'F500/50'),
	(387, 'Non-Error', '2021-04-15 10:27:59', 'F650/50-2'),
	(388, 'Non-Error', '2021-04-15 10:28:00', 'VX960M'),
	(389, 'Non-Error', '2021-04-15 10:28:00', 'F650/50-1'),
	(390, 'Non-Error', '2021-04-15 10:28:01', 'MCT-15'),
	(391, 'Non-Error', '2021-04-15 10:28:04', 'F500/50'),
	(392, 'Non-Error', '2021-04-15 10:28:07', 'F650/50-2'),
	(393, 'Non-Error', '2021-04-15 10:28:08', 'VX960M'),
	(394, 'Non-Error', '2021-04-15 10:28:08', 'F650/50-1'),
	(395, 'Non-Error', '2021-04-15 10:28:08', 'MCT-15'),
	(396, 'Non-Error', '2021-04-15 10:28:12', 'F500/50'),
	(397, 'Non-Error', '2021-04-15 10:28:14', 'F650/50-2'),
	(398, 'Non-Error', '2021-04-15 10:28:15', 'VX960M'),
	(399, 'Non-Error', '2021-04-15 10:28:16', 'F650/50-1'),
	(400, 'Non-Error', '2021-04-15 10:28:16', 'MCT-15'),
	(401, 'Non-Error', '2021-04-15 10:28:20', 'F500/50'),
	(402, 'Non-Error', '2021-04-15 10:28:22', 'F650/50-2'),
	(403, 'Non-Error', '2021-04-15 10:28:23', 'VX960M'),
	(404, 'Non-Error', '2021-04-15 10:28:24', 'F650/50-1'),
	(405, 'Non-Error', '2021-04-15 10:28:24', 'MCT-15'),
	(406, 'Non-Error', '2021-04-15 10:28:28', 'F500/50'),
	(407, 'Non-Error', '2021-04-15 10:28:30', 'F650/50-2'),
	(408, 'Non-Error', '2021-04-15 10:28:31', 'VX960M'),
	(409, 'Non-Error', '2021-04-15 10:28:31', 'F650/50-1'),
	(410, 'Non-Error', '2021-04-15 10:28:32', 'MCT-15'),
	(411, 'Non-Error', '2021-04-15 10:28:36', 'F500/50'),
	(412, 'Non-Error', '2021-04-15 10:28:38', 'F650/50-2'),
	(413, 'Non-Error', '2021-04-15 10:28:39', 'VX960M'),
	(414, 'Non-Error', '2021-04-15 10:28:39', 'F650/50-1'),
	(415, 'Non-Error', '2021-04-15 10:28:40', 'MCT-15'),
	(416, 'Non-Error', '2021-04-15 10:28:43', 'F500/50'),
	(417, 'Non-Error', '2021-04-15 10:28:46', 'F650/50-2'),
	(418, 'Non-Error', '2021-04-15 10:28:47', 'VX960M'),
	(419, 'Non-Error', '2021-04-15 10:28:47', 'F650/50-1'),
	(420, 'Non-Error', '2021-04-15 10:28:47', 'MCT-15'),
	(421, 'Non-Error', '2021-04-15 10:28:51', 'F500/50'),
	(422, 'Non-Error', '2021-04-15 10:28:53', 'F650/50-2'),
	(423, 'Non-Error', '2021-04-15 10:28:54', 'VX960M'),
	(424, 'Non-Error', '2021-04-15 10:28:55', 'F650/50-1'),
	(425, 'Non-Error', '2021-04-15 10:28:55', 'MCT-15'),
	(426, 'Non-Error', '2021-04-15 10:28:59', 'F500/50'),
	(427, 'Non-Error', '2021-04-15 10:29:01', 'F650/50-2'),
	(428, 'Non-Error', '2021-04-15 10:29:02', 'VX960M'),
	(429, 'Non-Error', '2021-04-15 10:29:02', 'F650/50-1'),
	(430, 'Non-Error', '2021-04-15 10:29:03', 'MCT-15'),
	(431, 'Non-Error', '2021-04-15 10:29:07', 'F500/50'),
	(432, 'Non-Error', '2021-04-15 10:29:09', 'F650/50-2'),
	(433, 'Non-Error', '2021-04-15 10:29:10', 'VX960M'),
	(434, 'Non-Error', '2021-04-15 10:29:10', 'F650/50-1'),
	(435, 'Non-Error', '2021-04-15 10:29:11', 'MCT-15'),
	(436, 'Non-Error', '2021-04-15 10:29:14', 'F500/50'),
	(437, 'Non-Error', '2021-04-15 10:29:17', 'F650/50-2'),
	(438, 'Non-Error', '2021-04-15 10:29:18', 'VX960M'),
	(439, 'Non-Error', '2021-04-15 10:29:18', 'F650/50-1'),
	(440, 'Non-Error', '2021-04-15 10:29:18', 'MCT-15'),
	(441, 'Non-Error', '2021-04-15 10:29:22', 'F500/50'),
	(442, 'Non-Error', '2021-04-15 10:29:24', 'F650/50-2'),
	(443, 'Non-Error', '2021-04-15 10:29:25', 'VX960M'),
	(444, 'Non-Error', '2021-04-15 10:29:26', 'F650/50-1'),
	(445, 'Non-Error', '2021-04-15 10:29:26', 'MCT-15'),
	(446, 'Non-Error', '2021-04-15 10:29:30', 'F500/50'),
	(447, 'Non-Error', '2021-04-15 10:29:32', 'F650/50-2'),
	(448, 'Non-Error', '2021-04-15 10:29:33', 'VX960M'),
	(449, 'Non-Error', '2021-04-15 10:29:34', 'F650/50-1'),
	(450, 'Non-Error', '2021-04-15 10:29:34', 'MCT-15'),
	(451, 'Non-Error', '2021-04-15 10:29:38', 'F500/50'),
	(452, 'Non-Error', '2021-04-15 10:29:40', 'F650/50-2'),
	(453, 'Non-Error', '2021-04-15 10:29:41', 'VX960M'),
	(454, 'Non-Error', '2021-04-15 10:29:41', 'F650/50-1'),
	(455, 'Non-Error', '2021-04-15 10:29:42', 'MCT-15'),
	(456, 'Non-Error', '2021-04-15 10:29:45', 'F500/50'),
	(457, 'Non-Error', '2021-04-15 10:29:48', 'F650/50-2'),
	(458, 'Non-Error', '2021-04-15 10:29:49', 'VX960M'),
	(459, 'Non-Error', '2021-04-15 10:29:49', 'F650/50-1'),
	(460, 'Non-Error', '2021-04-15 10:29:50', 'MCT-15'),
	(461, 'Non-Error', '2021-04-15 10:29:53', 'F500/50'),
	(462, 'Non-Error', '2021-04-15 10:29:56', 'F650/50-2'),
	(463, 'Non-Error', '2021-04-15 10:29:57', 'VX960M'),
	(464, 'Non-Error', '2021-04-15 10:29:57', 'F650/50-1'),
	(465, 'Non-Error', '2021-04-15 10:29:57', 'MCT-15'),
	(466, 'Non-Error', '2021-04-15 10:30:01', 'F500/50'),
	(467, 'Non-Error', '2021-04-15 10:30:03', 'F650/50-2'),
	(468, 'Non-Error', '2021-04-15 10:30:04', 'VX960M'),
	(469, 'Non-Error', '2021-04-15 10:30:05', 'F650/50-1'),
	(470, 'Non-Error', '2021-04-15 10:30:05', 'MCT-15'),
	(471, 'Non-Error', '2021-04-15 10:30:09', 'F500/50'),
	(472, 'Non-Error', '2021-04-15 10:30:11', 'F650/50-2'),
	(473, 'Non-Error', '2021-04-15 10:30:12', 'VX960M'),
	(474, 'Non-Error', '2021-04-15 10:30:12', 'F650/50-1'),
	(475, 'Non-Error', '2021-04-15 10:30:13', 'MCT-15'),
	(476, 'Non-Error', '2021-04-15 10:30:17', 'F500/50'),
	(477, 'Non-Error', '2021-04-15 10:30:19', 'F650/50-2'),
	(478, 'Non-Error', '2021-04-15 10:30:20', 'VX960M'),
	(479, 'Non-Error', '2021-04-15 10:30:20', 'F650/50-1'),
	(480, 'Non-Error', '2021-04-15 10:30:21', 'MCT-15'),
	(481, 'Non-Error', '2021-04-15 10:30:24', 'F500/50'),
	(482, 'Non-Error', '2021-04-15 10:30:27', 'F650/50-2'),
	(483, 'Non-Error', '2021-04-15 10:30:28', 'VX960M'),
	(484, 'Non-Error', '2021-04-15 10:30:28', 'F650/50-1'),
	(485, 'Non-Error', '2021-04-15 10:30:29', 'MCT-15'),
	(486, 'Non-Error', '2021-04-15 10:30:32', 'F500/50'),
	(487, 'Non-Error', '2021-04-15 10:30:34', 'F650/50-2'),
	(488, 'Non-Error', '2021-04-15 10:30:35', 'VX960M'),
	(489, 'Non-Error', '2021-04-15 10:30:36', 'F650/50-1'),
	(490, 'Non-Error', '2021-04-15 10:30:36', 'MCT-15'),
	(491, 'Non-Error', '2021-04-15 10:30:40', 'F500/50'),
	(492, 'Non-Error', '2021-04-15 10:30:42', 'F650/50-2'),
	(493, 'Non-Error', '2021-04-15 10:30:43', 'VX960M'),
	(494, 'Non-Error', '2021-04-15 10:30:43', 'F650/50-1'),
	(495, 'Non-Error', '2021-04-15 10:30:44', 'MCT-15'),
	(496, 'Non-Error', '2021-04-15 10:30:48', 'F500/50'),
	(497, 'Non-Error', '2021-04-15 10:30:50', 'F650/50-2'),
	(498, 'Non-Error', '2021-04-15 10:30:51', 'VX960M'),
	(499, 'Non-Error', '2021-04-15 10:30:51', 'F650/50-1'),
	(500, 'Non-Error', '2021-04-15 10:30:52', 'MCT-15'),
	(501, 'Non-Error', '2021-04-15 10:30:55', 'F500/50'),
	(502, 'Non-Error', '2021-04-15 10:30:58', 'F650/50-2'),
	(503, 'Non-Error', '2021-04-15 10:30:59', 'VX960M'),
	(504, 'Non-Error', '2021-04-15 10:30:59', 'F650/50-1'),
	(505, 'Non-Error', '2021-04-15 10:31:00', 'MCT-15'),
	(506, 'Non-Error', '2021-04-15 10:31:03', 'F500/50'),
	(507, 'Non-Error', '2021-04-15 10:31:06', 'F650/50-2'),
	(508, 'Non-Error', '2021-04-15 10:31:07', 'VX960M'),
	(509, 'Non-Error', '2021-04-15 10:31:07', 'F650/50-1'),
	(510, 'Non-Error', '2021-04-15 10:31:07', 'MCT-15'),
	(511, 'Non-Error', '2021-04-15 10:31:11', 'F500/50'),
	(512, 'Non-Error', '2021-04-15 10:31:13', 'F650/50-2'),
	(513, 'Non-Error', '2021-04-15 10:31:14', 'VX960M'),
	(514, 'Non-Error', '2021-04-15 10:31:15', 'F650/50-1'),
	(515, 'Non-Error', '2021-04-15 10:31:15', 'MCT-15'),
	(516, 'Non-Error', '2021-04-15 10:31:19', 'F500/50'),
	(517, 'Non-Error', '2021-04-15 10:31:21', 'F650/50-2'),
	(518, 'Non-Error', '2021-04-15 10:31:22', 'VX960M'),
	(519, 'Non-Error', '2021-04-15 10:31:22', 'F650/50-1'),
	(520, 'Non-Error', '2021-04-15 10:31:23', 'MCT-15'),
	(521, 'Non-Error', '2021-04-15 10:31:27', 'F500/50'),
	(522, 'Non-Error', '2021-04-15 10:31:29', 'F650/50-2'),
	(523, 'Non-Error', '2021-04-15 10:31:30', 'VX960M'),
	(524, 'Non-Error', '2021-04-15 10:31:30', 'F650/50-1'),
	(525, 'Non-Error', '2021-04-15 10:31:31', 'MCT-15'),
	(526, 'Non-Error', '2021-04-15 10:31:34', 'F500/50'),
	(527, 'Non-Error', '2021-04-15 10:31:37', 'F650/50-2'),
	(528, 'Non-Error', '2021-04-15 10:31:38', 'VX960M'),
	(529, 'Non-Error', '2021-04-15 10:31:38', 'F650/50-1'),
	(530, 'Non-Error', '2021-04-15 10:31:39', 'MCT-15'),
	(531, 'Non-Error', '2021-04-15 10:31:42', 'F500/50'),
	(532, 'Non-Error', '2021-04-15 10:31:44', 'F650/50-2'),
	(533, 'Non-Error', '2021-04-15 10:31:45', 'VX960M'),
	(534, 'Non-Error', '2021-04-15 10:31:46', 'F650/50-1'),
	(535, 'Non-Error', '2021-04-15 10:31:46', 'MCT-15'),
	(536, 'Non-Error', '2021-04-15 10:31:50', 'F500/50'),
	(537, 'Non-Error', '2021-04-15 10:31:52', 'F650/50-2'),
	(538, 'Non-Error', '2021-04-15 10:31:53', 'VX960M'),
	(539, 'Non-Error', '2021-04-15 10:31:53', 'F650/50-1'),
	(540, 'Non-Error', '2021-04-15 10:31:54', 'MCT-15'),
	(541, 'Non-Error', '2021-04-15 10:31:58', 'F500/50'),
	(542, 'Non-Error', '2021-04-15 10:32:00', 'F650/50-2'),
	(543, 'Non-Error', '2021-04-15 10:32:01', 'VX960M'),
	(544, 'Non-Error', '2021-04-15 10:32:01', 'F650/50-1'),
	(545, 'Non-Error', '2021-04-15 10:32:02', 'MCT-15'),
	(546, 'Non-Error', '2021-04-15 10:32:05', 'F500/50'),
	(547, 'Non-Error', '2021-04-15 10:32:08', 'F650/50-2'),
	(548, 'Non-Error', '2021-04-15 10:32:09', 'VX960M'),
	(549, 'Non-Error', '2021-04-15 10:32:09', 'F650/50-1'),
	(550, 'Non-Error', '2021-04-15 10:32:10', 'MCT-15'),
	(551, 'Non-Error', '2021-04-15 10:32:13', 'F500/50'),
	(552, 'Non-Error', '2021-04-15 10:32:16', 'F650/50-2'),
	(553, 'Non-Error', '2021-04-15 10:32:17', 'VX960M'),
	(554, 'Non-Error', '2021-04-15 10:32:17', 'F650/50-1'),
	(555, 'Non-Error', '2021-04-15 10:32:18', 'MCT-15'),
	(556, 'Non-Error', '2021-04-15 10:32:21', 'F500/50'),
	(557, 'Non-Error', '2021-04-15 10:32:23', 'F650/50-2'),
	(558, 'Non-Error', '2021-04-15 10:32:24', 'VX960M'),
	(559, 'Non-Error', '2021-04-15 10:32:25', 'F650/50-1'),
	(560, 'Non-Error', '2021-04-15 10:32:25', 'MCT-15'),
	(561, 'Non-Error', '2021-04-15 10:32:29', 'F500/50'),
	(562, 'Non-Error', '2021-04-15 10:32:31', 'F650/50-2'),
	(563, 'Non-Error', '2021-04-15 10:32:32', 'VX960M'),
	(564, 'Non-Error', '2021-04-15 10:32:32', 'F650/50-1'),
	(565, 'Non-Error', '2021-04-15 10:32:33', 'MCT-15'),
	(566, 'Non-Error', '2021-04-15 10:32:36', 'F500/50'),
	(567, 'Non-Error', '2021-04-15 10:32:39', 'F650/50-2'),
	(568, 'Non-Error', '2021-04-15 10:32:40', 'VX960M'),
	(569, 'Non-Error', '2021-04-15 10:32:40', 'F650/50-1'),
	(570, 'Non-Error', '2021-04-15 10:32:41', 'MCT-15'),
	(571, 'Non-Error', '2021-04-15 10:32:44', 'F500/50'),
	(572, 'Non-Error', '2021-04-15 10:32:47', 'F650/50-2'),
	(573, 'Non-Error', '2021-04-15 10:32:48', 'VX960M'),
	(574, 'Non-Error', '2021-04-15 10:32:48', 'F650/50-1'),
	(575, 'Non-Error', '2021-04-15 10:32:49', 'MCT-15'),
	(576, 'Non-Error', '2021-04-15 10:32:52', 'F500/50'),
	(577, 'Non-Error', '2021-04-15 10:32:54', 'F650/50-2'),
	(578, 'Non-Error', '2021-04-15 10:32:55', 'VX960M'),
	(579, 'Non-Error', '2021-04-15 10:32:56', 'F650/50-1'),
	(580, 'Non-Error', '2021-04-15 10:32:56', 'MCT-15'),
	(581, 'Non-Error', '2021-04-15 10:33:00', 'F500/50'),
	(582, 'Non-Error', '2021-04-15 10:33:02', 'F650/50-2'),
	(583, 'Non-Error', '2021-04-15 10:33:03', 'VX960M'),
	(584, 'Non-Error', '2021-04-15 10:33:03', 'F650/50-1'),
	(585, 'Non-Error', '2021-04-15 10:33:04', 'MCT-15'),
	(586, 'Non-Error', '2021-04-15 10:33:08', 'F500/50'),
	(587, 'Non-Error', '2021-04-15 10:33:10', 'F650/50-2'),
	(588, 'Non-Error', '2021-04-15 10:33:11', 'VX960M'),
	(589, 'Non-Error', '2021-04-15 10:33:11', 'F650/50-1'),
	(590, 'Non-Error', '2021-04-15 10:33:12', 'MCT-15'),
	(591, 'Non-Error', '2021-04-15 10:33:15', 'F500/50'),
	(592, 'Non-Error', '2021-04-15 10:33:18', 'F650/50-2'),
	(593, 'Non-Error', '2021-04-15 10:33:19', 'VX960M'),
	(594, 'Non-Error', '2021-04-15 10:33:19', 'F650/50-1'),
	(595, 'Non-Error', '2021-04-15 10:33:20', 'MCT-15'),
	(596, 'Non-Error', '2021-04-15 10:33:23', 'F500/50'),
	(597, 'Non-Error', '2021-04-15 10:33:26', 'F650/50-2'),
	(598, 'Non-Error', '2021-04-15 10:33:27', 'VX960M'),
	(599, 'Non-Error', '2021-04-15 10:33:27', 'F650/50-1'),
	(600, 'Non-Error', '2021-04-15 10:33:28', 'MCT-15'),
	(601, 'Non-Error', '2021-04-15 10:33:31', 'F500/50'),
	(602, 'Non-Error', '2021-04-15 10:33:33', 'F650/50-2'),
	(603, 'Non-Error', '2021-04-15 10:33:34', 'VX960M'),
	(604, 'Non-Error', '2021-04-15 10:33:35', 'F650/50-1'),
	(605, 'Non-Error', '2021-04-15 10:33:35', 'MCT-15'),
	(606, 'Non-Error', '2021-04-15 10:33:39', 'F500/50'),
	(607, 'Non-Error', '2021-04-15 10:33:41', 'F650/50-2'),
	(608, 'Non-Error', '2021-04-15 10:33:42', 'VX960M'),
	(609, 'Non-Error', '2021-04-15 10:33:42', 'F650/50-1'),
	(610, 'Non-Error', '2021-04-15 10:33:43', 'MCT-15'),
	(611, 'Non-Error', '2021-04-15 10:33:46', 'F500/50'),
	(612, 'Non-Error', '2021-04-15 10:33:49', 'F650/50-2'),
	(613, 'Non-Error', '2021-04-15 10:33:50', 'VX960M'),
	(614, 'Non-Error', '2021-04-15 10:33:50', 'F650/50-1'),
	(615, 'Non-Error', '2021-04-15 10:33:51', 'MCT-15'),
	(616, 'Non-Error', '2021-04-15 10:33:54', 'F500/50'),
	(617, 'Non-Error', '2021-04-15 10:33:57', 'F650/50-2'),
	(618, 'Non-Error', '2021-04-15 10:33:58', 'VX960M'),
	(619, 'Non-Error', '2021-04-15 10:33:58', 'F650/50-1'),
	(620, 'Non-Error', '2021-04-15 10:33:59', 'MCT-15'),
	(621, 'Non-Error', '2021-04-15 10:34:02', 'F500/50'),
	(622, 'Non-Error', '2021-04-15 10:34:04', 'F650/50-2'),
	(623, 'Non-Error', '2021-04-15 10:34:05', 'VX960M'),
	(624, 'Non-Error', '2021-04-15 10:34:06', 'F650/50-1'),
	(625, 'Non-Error', '2021-04-15 10:34:07', 'MCT-15'),
	(626, 'Non-Error', '2021-04-15 10:34:10', 'F500/50'),
	(627, 'Non-Error', '2021-04-15 10:34:12', 'F650/50-2'),
	(628, 'Non-Error', '2021-04-15 10:34:13', 'VX960M'),
	(629, 'Non-Error', '2021-04-15 10:34:13', 'F650/50-1'),
	(630, 'Non-Error', '2021-04-15 10:34:14', 'MCT-15'),
	(631, 'Non-Error', '2021-04-15 10:34:18', 'F500/50'),
	(632, 'Non-Error', '2021-04-15 10:34:20', 'F650/50-2'),
	(633, 'Non-Error', '2021-04-15 10:34:21', 'VX960M'),
	(634, 'Non-Error', '2021-04-15 10:34:21', 'F650/50-1'),
	(635, 'Non-Error', '2021-04-15 10:34:22', 'MCT-15'),
	(636, 'Non-Error', '2021-04-15 10:34:25', 'F500/50'),
	(637, 'Non-Error', '2021-04-15 10:34:28', 'F650/50-2'),
	(638, 'Non-Error', '2021-04-15 10:34:29', 'VX960M'),
	(639, 'Non-Error', '2021-04-15 10:34:29', 'F650/50-1'),
	(640, 'Non-Error', '2021-04-15 10:34:30', 'MCT-15'),
	(641, 'Non-Error', '2021-04-15 10:34:33', 'F500/50'),
	(642, 'Non-Error', '2021-04-15 10:34:36', 'F650/50-2'),
	(643, 'Non-Error', '2021-04-15 10:34:37', 'VX960M'),
	(644, 'Non-Error', '2021-04-15 10:34:37', 'F650/50-1'),
	(645, 'Non-Error', '2021-04-15 10:34:38', 'MCT-15'),
	(646, 'Non-Error', '2021-04-15 10:34:41', 'F500/50'),
	(647, 'Non-Error', '2021-04-15 10:34:43', 'F650/50-2'),
	(648, 'Non-Error', '2021-04-15 10:34:44', 'VX960M'),
	(649, 'Non-Error', '2021-04-15 10:34:45', 'F650/50-1'),
	(650, 'Non-Error', '2021-04-15 10:34:45', 'MCT-15'),
	(651, 'Non-Error', '2021-04-15 10:34:49', 'F500/50'),
	(652, 'Non-Error', '2021-04-15 10:34:51', 'F650/50-2'),
	(653, 'Non-Error', '2021-04-15 10:34:52', 'VX960M'),
	(654, 'Non-Error', '2021-04-15 10:34:52', 'F650/50-1'),
	(655, 'Non-Error', '2021-04-15 10:34:53', 'MCT-15'),
	(656, 'Non-Error', '2021-04-15 10:34:56', 'F500/50'),
	(657, 'Non-Error', '2021-04-15 10:34:59', 'F650/50-2'),
	(658, 'Non-Error', '2021-04-15 10:35:00', 'VX960M'),
	(659, 'Non-Error', '2021-04-15 10:35:00', 'F650/50-1'),
	(660, 'Non-Error', '2021-04-15 10:35:01', 'MCT-15'),
	(661, 'Non-Error', '2021-04-15 10:35:04', 'F500/50'),
	(662, 'Non-Error', '2021-04-15 10:35:07', 'F650/50-2'),
	(663, 'Non-Error', '2021-04-15 10:35:08', 'VX960M'),
	(664, 'Non-Error', '2021-04-15 10:35:08', 'F650/50-1'),
	(665, 'Non-Error', '2021-04-15 10:35:09', 'MCT-15'),
	(666, 'Non-Error', '2021-04-15 10:35:12', 'F500/50'),
	(667, 'Non-Error', '2021-04-15 10:35:15', 'F650/50-2'),
	(668, 'Non-Error', '2021-04-15 10:35:15', 'VX960M'),
	(669, 'Non-Error', '2021-04-15 10:35:16', 'F650/50-1'),
	(670, 'Non-Error', '2021-04-15 10:35:17', 'MCT-15'),
	(671, 'Non-Error', '2021-04-15 10:35:20', 'F500/50'),
	(672, 'Non-Error', '2021-04-15 10:35:22', 'F650/50-2'),
	(673, 'Non-Error', '2021-04-15 10:35:23', 'VX960M'),
	(674, 'Non-Error', '2021-04-15 10:35:23', 'F650/50-1'),
	(675, 'Non-Error', '2021-04-15 10:35:24', 'MCT-15'),
	(676, 'Non-Error', '2021-04-15 10:35:27', 'F500/50'),
	(677, 'Non-Error', '2021-04-15 10:35:30', 'F650/50-2'),
	(678, 'Non-Error', '2021-04-15 10:35:31', 'VX960M'),
	(679, 'Non-Error', '2021-04-15 10:35:31', 'F650/50-1'),
	(680, 'Non-Error', '2021-04-15 10:35:32', 'MCT-15'),
	(681, 'Non-Error', '2021-04-15 10:35:35', 'F500/50'),
	(682, 'Non-Error', '2021-04-15 10:35:38', 'F650/50-2'),
	(683, 'Non-Error', '2021-04-15 10:35:39', 'VX960M'),
	(684, 'Non-Error', '2021-04-15 10:35:39', 'F650/50-1'),
	(685, 'Non-Error', '2021-04-15 10:35:40', 'MCT-15'),
	(686, 'Non-Error', '2021-04-15 10:35:43', 'F500/50'),
	(687, 'Non-Error', '2021-04-15 10:35:46', 'F650/50-2'),
	(688, 'Non-Error', '2021-04-15 10:35:46', 'VX960M'),
	(689, 'Non-Error', '2021-04-15 10:35:47', 'F650/50-1'),
	(690, 'Non-Error', '2021-04-15 10:35:48', 'MCT-15'),
	(691, 'Non-Error', '2021-04-15 10:35:51', 'F500/50'),
	(692, 'Non-Error', '2021-04-15 10:35:53', 'F650/50-2'),
	(693, 'Non-Error', '2021-04-15 10:35:54', 'VX960M'),
	(694, 'Non-Error', '2021-04-15 10:35:54', 'F650/50-1'),
	(695, 'Non-Error', '2021-04-15 10:35:55', 'MCT-15'),
	(696, 'Non-Error', '2021-04-15 10:35:59', 'F500/50'),
	(697, 'Non-Error', '2021-04-15 10:36:01', 'F650/50-2'),
	(698, 'Non-Error', '2021-04-15 10:36:02', 'VX960M'),
	(699, 'Non-Error', '2021-04-15 10:36:02', 'F650/50-1'),
	(700, 'Non-Error', '2021-04-15 10:36:03', 'MCT-15'),
	(701, 'Non-Error', '2021-04-15 10:36:06', 'F500/50'),
	(702, 'Non-Error', '2021-04-15 10:36:09', 'F650/50-2'),
	(703, 'Non-Error', '2021-04-15 10:36:10', 'VX960M'),
	(704, 'Non-Error', '2021-04-15 10:36:10', 'F650/50-1'),
	(705, 'Non-Error', '2021-04-15 10:36:11', 'MCT-15'),
	(706, 'Non-Error', '2021-04-15 10:36:14', 'F500/50'),
	(707, 'Non-Error', '2021-04-15 10:36:17', 'F650/50-2'),
	(708, 'Non-Error', '2021-04-15 10:36:18', 'VX960M'),
	(709, 'Non-Error', '2021-04-15 10:36:18', 'F650/50-1'),
	(710, 'Non-Error', '2021-04-15 10:36:19', 'MCT-15'),
	(711, 'Non-Error', '2021-04-15 10:36:22', 'F500/50'),
	(712, 'Non-Error', '2021-04-15 10:36:25', 'F650/50-2'),
	(713, 'Non-Error', '2021-04-15 10:36:25', 'VX960M'),
	(714, 'Non-Error', '2021-04-15 10:36:26', 'F650/50-1'),
	(715, 'Non-Error', '2021-04-15 10:36:27', 'MCT-15'),
	(716, 'Non-Error', '2021-04-15 10:36:30', 'F500/50'),
	(717, 'Non-Error', '2021-04-15 10:36:32', 'F650/50-2'),
	(718, 'Non-Error', '2021-04-15 10:36:33', 'VX960M'),
	(719, 'Non-Error', '2021-04-15 10:36:33', 'F650/50-1'),
	(720, 'Non-Error', '2021-04-15 10:36:34', 'MCT-15'),
	(721, 'Non-Error', '2021-04-15 10:36:37', 'F500/50'),
	(722, 'Non-Error', '2021-04-15 10:36:40', 'F650/50-2'),
	(723, 'Non-Error', '2021-04-15 10:36:41', 'VX960M'),
	(724, 'Non-Error', '2021-04-15 10:36:41', 'F650/50-1'),
	(725, 'Non-Error', '2021-04-15 10:36:42', 'MCT-15'),
	(726, 'Non-Error', '2021-04-15 10:36:45', 'F500/50'),
	(727, 'Non-Error', '2021-04-15 10:36:48', 'F650/50-2'),
	(728, 'Non-Error', '2021-04-15 10:36:49', 'VX960M'),
	(729, 'Non-Error', '2021-04-15 10:36:49', 'F650/50-1'),
	(730, 'Non-Error', '2021-04-15 10:36:50', 'MCT-15'),
	(731, 'Non-Error', '2021-04-15 10:36:53', 'F500/50'),
	(732, 'Non-Error', '2021-04-15 10:36:56', 'F650/50-2'),
	(733, 'Non-Error', '2021-04-15 10:36:56', 'VX960M'),
	(734, 'Non-Error', '2021-04-15 10:36:57', 'F650/50-1'),
	(735, 'Non-Error', '2021-04-15 10:36:58', 'MCT-15'),
	(736, 'Non-Error', '2021-04-15 10:37:01', 'F500/50'),
	(737, 'Non-Error', '2021-04-15 10:37:03', 'F650/50-2'),
	(738, 'Non-Error', '2021-04-15 10:37:04', 'VX960M'),
	(739, 'Non-Error', '2021-04-15 10:37:04', 'F650/50-1'),
	(740, 'Non-Error', '2021-04-15 10:37:06', 'MCT-15'),
	(741, 'Non-Error', '2021-04-15 10:37:09', 'F500/50'),
	(742, 'Non-Error', '2021-04-15 10:37:11', 'F650/50-2'),
	(743, 'Non-Error', '2021-04-15 10:37:12', 'VX960M'),
	(744, 'Non-Error', '2021-04-15 10:37:12', 'F650/50-1'),
	(745, 'Non-Error', '2021-04-15 10:37:13', 'MCT-15'),
	(746, 'Non-Error', '2021-04-15 10:37:16', 'F500/50'),
	(747, 'Non-Error', '2021-04-15 10:37:19', 'F650/50-2'),
	(748, 'Non-Error', '2021-04-15 10:37:20', 'VX960M'),
	(749, 'Non-Error', '2021-04-15 10:37:20', 'F650/50-1'),
	(750, 'Non-Error', '2021-04-15 10:37:21', 'MCT-15'),
	(751, 'Non-Error', '2021-04-15 10:37:24', 'F500/50'),
	(752, 'Non-Error', '2021-04-15 10:37:27', 'F650/50-2'),
	(753, 'Non-Error', '2021-04-15 10:37:28', 'VX960M'),
	(754, 'Non-Error', '2021-04-15 10:37:28', 'F650/50-1'),
	(755, 'Non-Error', '2021-04-15 10:37:29', 'MCT-15'),
	(756, 'Non-Error', '2021-04-15 10:37:32', 'F500/50'),
	(757, 'Non-Error', '2021-04-15 10:37:35', 'F650/50-2'),
	(758, 'Non-Error', '2021-04-15 10:37:35', 'VX960M'),
	(759, 'Non-Error', '2021-04-15 10:37:36', 'F650/50-1'),
	(760, 'Non-Error', '2021-04-15 10:37:37', 'MCT-15'),
	(761, 'Non-Error', '2021-04-15 10:37:40', 'F500/50'),
	(762, 'Non-Error', '2021-04-15 10:37:42', 'F650/50-2'),
	(763, 'Non-Error', '2021-04-15 10:37:43', 'VX960M'),
	(764, 'Non-Error', '2021-04-15 10:37:43', 'F650/50-1'),
	(765, 'Non-Error', '2021-04-15 10:37:45', 'MCT-15'),
	(766, 'Non-Error', '2021-04-15 10:37:47', 'F500/50'),
	(767, 'Non-Error', '2021-04-15 10:37:50', 'F650/50-2'),
	(768, 'Non-Error', '2021-04-15 10:37:51', 'VX960M'),
	(769, 'Non-Error', '2021-04-15 10:37:51', 'F650/50-1'),
	(770, 'Non-Error', '2021-04-15 10:37:52', 'MCT-15'),
	(771, 'Non-Error', '2021-04-15 10:37:55', 'F500/50'),
	(772, 'Non-Error', '2021-04-15 10:37:58', 'F650/50-2'),
	(773, 'Non-Error', '2021-04-15 10:37:59', 'VX960M'),
	(774, 'Non-Error', '2021-04-15 10:37:59', 'F650/50-1'),
	(775, 'Non-Error', '2021-04-15 10:38:00', 'MCT-15'),
	(776, 'Non-Error', '2021-04-15 10:38:03', 'F500/50'),
	(777, 'Non-Error', '2021-04-15 10:38:06', 'F650/50-2'),
	(778, 'Non-Error', '2021-04-15 10:38:06', 'VX960M'),
	(779, 'Non-Error', '2021-04-15 10:38:07', 'F650/50-1'),
	(780, 'Non-Error', '2021-04-15 10:38:08', 'MCT-15'),
	(781, 'Non-Error', '2021-04-15 10:38:11', 'F500/50'),
	(782, 'Non-Error', '2021-04-15 10:38:13', 'F650/50-2'),
	(783, 'Non-Error', '2021-04-15 10:38:14', 'VX960M'),
	(784, 'Non-Error', '2021-04-15 10:38:14', 'F650/50-1'),
	(785, 'Non-Error', '2021-04-15 10:38:16', 'MCT-15'),
	(786, 'Non-Error', '2021-04-15 10:38:19', 'F500/50'),
	(787, 'Non-Error', '2021-04-15 10:38:21', 'F650/50-2'),
	(788, 'Non-Error', '2021-04-15 10:38:22', 'VX960M'),
	(789, 'Non-Error', '2021-04-15 10:38:22', 'F650/50-1'),
	(790, 'Non-Error', '2021-04-15 10:38:23', 'MCT-15'),
	(791, 'Non-Error', '2021-04-15 10:38:26', 'F500/50'),
	(792, 'Non-Error', '2021-04-15 10:38:29', 'F650/50-2'),
	(793, 'Non-Error', '2021-04-15 10:38:30', 'VX960M'),
	(794, 'Non-Error', '2021-04-15 10:38:30', 'F650/50-1'),
	(795, 'Non-Error', '2021-04-15 10:38:31', 'MCT-15'),
	(796, 'Non-Error', '2021-04-15 10:38:34', 'F500/50'),
	(797, 'Non-Error', '2021-04-15 10:38:37', 'F650/50-2'),
	(798, 'Non-Error', '2021-04-15 10:38:38', 'VX960M'),
	(799, 'Non-Error', '2021-04-15 10:38:38', 'F650/50-1'),
	(800, 'Non-Error', '2021-04-15 10:38:39', 'MCT-15'),
	(801, 'Non-Error', '2021-04-15 10:38:42', 'F500/50'),
	(802, 'Non-Error', '2021-04-15 10:38:45', 'F650/50-2'),
	(803, 'Non-Error', '2021-04-15 10:38:45', 'VX960M'),
	(804, 'Non-Error', '2021-04-15 10:38:45', 'F650/50-1'),
	(805, 'Non-Error', '2021-04-15 10:38:47', 'MCT-15'),
	(806, 'Non-Error', '2021-04-15 10:38:50', 'F500/50'),
	(807, 'Non-Error', '2021-04-15 10:38:52', 'F650/50-2'),
	(808, 'Non-Error', '2021-04-15 10:38:53', 'VX960M'),
	(809, 'Non-Error', '2021-04-15 10:38:53', 'F650/50-1'),
	(810, 'Non-Error', '2021-04-15 10:38:55', 'MCT-15'),
	(811, 'Non-Error', '2021-04-15 10:38:57', 'F500/50'),
	(812, 'Non-Error', '2021-04-15 10:39:00', 'F650/50-2'),
	(813, 'Non-Error', '2021-04-15 10:39:01', 'VX960M'),
	(814, 'Non-Error', '2021-04-15 10:39:01', 'F650/50-1'),
	(815, 'Non-Error', '2021-04-15 10:39:02', 'MCT-15'),
	(816, 'Non-Error', '2021-04-15 10:39:05', 'F500/50'),
	(817, 'Non-Error', '2021-04-15 10:39:08', 'F650/50-2'),
	(818, 'Non-Error', '2021-04-15 10:39:09', 'VX960M'),
	(819, 'Non-Error', '2021-04-15 10:39:09', 'F650/50-1'),
	(820, 'Non-Error', '2021-04-15 10:39:10', 'MCT-15'),
	(821, 'Non-Error', '2021-04-15 10:39:13', 'F500/50'),
	(822, 'Non-Error', '2021-04-15 10:39:16', 'F650/50-2'),
	(823, 'Non-Error', '2021-04-15 10:39:16', 'VX960M'),
	(824, 'Non-Error', '2021-04-15 10:39:17', 'F650/50-1'),
	(825, 'Non-Error', '2021-04-15 10:39:18', 'MCT-15'),
	(826, 'Non-Error', '2021-04-15 10:39:21', 'F500/50'),
	(827, 'Non-Error', '2021-04-15 10:39:23', 'F650/50-2'),
	(828, 'Non-Error', '2021-04-15 10:39:24', 'VX960M'),
	(829, 'Non-Error', '2021-04-15 10:39:24', 'F650/50-1'),
	(830, 'Non-Error', '2021-04-15 10:39:26', 'MCT-15'),
	(831, 'Non-Error', '2021-04-15 10:39:28', 'F500/50'),
	(832, 'Non-Error', '2021-04-15 10:39:31', 'F650/50-2'),
	(833, 'Non-Error', '2021-04-15 10:39:32', 'VX960M'),
	(834, 'Non-Error', '2021-04-15 10:39:32', 'F650/50-1'),
	(835, 'Non-Error', '2021-04-15 10:39:34', 'MCT-15'),
	(836, 'Non-Error', '2021-04-15 10:39:36', 'F500/50'),
	(837, 'Non-Error', '2021-04-15 10:39:39', 'F650/50-2'),
	(838, 'Non-Error', '2021-04-15 10:39:40', 'VX960M'),
	(839, 'Non-Error', '2021-04-15 10:39:40', 'F650/50-1'),
	(840, 'Non-Error', '2021-04-15 10:39:41', 'MCT-15'),
	(841, 'Non-Error', '2021-04-15 10:39:44', 'F500/50'),
	(842, 'Non-Error', '2021-04-15 10:39:47', 'F650/50-2'),
	(843, 'Non-Error', '2021-04-15 10:39:48', 'VX960M'),
	(844, 'Non-Error', '2021-04-15 10:39:48', 'F650/50-1'),
	(845, 'Non-Error', '2021-04-15 10:39:49', 'MCT-15'),
	(846, 'Non-Error', '2021-04-15 10:39:52', 'F500/50'),
	(847, 'Non-Error', '2021-04-15 10:39:55', 'F650/50-2'),
	(848, 'Non-Error', '2021-04-15 10:39:55', 'VX960M'),
	(849, 'Non-Error', '2021-04-15 10:39:55', 'F650/50-1'),
	(850, 'Non-Error', '2021-04-15 10:39:57', 'MCT-15'),
	(851, 'Non-Error', '2021-04-15 10:40:00', 'F500/50'),
	(852, 'Non-Error', '2021-04-15 10:40:02', 'F650/50-2'),
	(853, 'Non-Error', '2021-04-15 10:40:03', 'VX960M'),
	(854, 'Non-Error', '2021-04-15 10:40:03', 'F650/50-1'),
	(855, 'Non-Error', '2021-04-15 10:40:05', 'MCT-15'),
	(856, 'Non-Error', '2021-04-15 10:40:07', 'F500/50'),
	(857, 'Non-Error', '2021-04-15 10:40:10', 'F650/50-2'),
	(858, 'Non-Error', '2021-04-15 10:40:11', 'VX960M'),
	(859, 'Non-Error', '2021-04-15 10:40:11', 'F650/50-1'),
	(860, 'Non-Error', '2021-04-15 10:40:12', 'MCT-15'),
	(861, 'Non-Error', '2021-04-15 10:40:15', 'F500/50'),
	(862, 'Non-Error', '2021-04-15 10:40:18', 'F650/50-2'),
	(863, 'Non-Error', '2021-04-15 10:40:19', 'VX960M'),
	(864, 'Non-Error', '2021-04-15 10:40:19', 'F650/50-1'),
	(865, 'Non-Error', '2021-04-15 10:40:20', 'MCT-15'),
	(866, 'Non-Error', '2021-04-15 10:40:23', 'F500/50'),
	(867, 'Non-Error', '2021-04-15 10:40:26', 'F650/50-2'),
	(868, 'Non-Error', '2021-04-15 10:40:26', 'VX960M'),
	(869, 'Non-Error', '2021-04-15 10:40:27', 'F650/50-1'),
	(870, 'Non-Error', '2021-04-15 10:40:28', 'MCT-15'),
	(871, 'Non-Error', '2021-04-15 10:40:31', 'F500/50'),
	(872, 'Non-Error', '2021-04-15 10:40:34', 'F650/50-2'),
	(873, 'Non-Error', '2021-04-15 10:40:34', 'VX960M'),
	(874, 'Non-Error', '2021-04-15 10:40:34', 'F650/50-1'),
	(875, 'Non-Error', '2021-04-15 10:40:36', 'MCT-15'),
	(876, 'Non-Error', '2021-04-15 10:40:38', 'F500/50'),
	(877, 'Non-Error', '2021-04-15 10:40:41', 'F650/50-2'),
	(878, 'Non-Error', '2021-04-15 10:40:42', 'VX960M'),
	(879, 'Non-Error', '2021-04-15 10:40:42', 'F650/50-1'),
	(880, 'Non-Error', '2021-04-15 10:40:44', 'MCT-15'),
	(881, 'Non-Error', '2021-04-15 10:40:46', 'F500/50'),
	(882, 'Non-Error', '2021-04-15 10:40:49', 'F650/50-2'),
	(883, 'Non-Error', '2021-04-15 10:40:50', 'VX960M'),
	(884, 'Non-Error', '2021-04-15 10:40:50', 'F650/50-1'),
	(885, 'Non-Error', '2021-04-15 10:40:51', 'MCT-15'),
	(886, 'Non-Error', '2021-04-15 10:40:54', 'F500/50'),
	(887, 'Non-Error', '2021-04-15 10:40:57', 'F650/50-2'),
	(888, 'Non-Error', '2021-04-15 10:40:58', 'VX960M'),
	(889, 'Non-Error', '2021-04-15 10:40:58', 'F650/50-1'),
	(890, 'Non-Error', '2021-04-15 10:40:59', 'MCT-15'),
	(891, 'Non-Error', '2021-04-15 10:41:02', 'F500/50'),
	(892, 'Non-Error', '2021-04-15 10:41:05', 'F650/50-2'),
	(893, 'Non-Error', '2021-04-15 10:41:05', 'VX960M'),
	(894, 'Non-Error', '2021-04-15 10:41:05', 'F650/50-1'),
	(895, 'Non-Error', '2021-04-15 10:41:07', 'MCT-15'),
	(896, 'Non-Error', '2021-04-15 10:41:10', 'F500/50'),
	(897, 'Non-Error', '2021-04-15 10:41:12', 'F650/50-2'),
	(898, 'Non-Error', '2021-04-15 10:41:13', 'VX960M'),
	(899, 'Non-Error', '2021-04-15 10:41:13', 'F650/50-1'),
	(900, 'Non-Error', '2021-04-15 10:41:15', 'MCT-15'),
	(901, 'Non-Error', '2021-04-15 10:41:17', 'F500/50'),
	(902, 'Non-Error', '2021-04-15 10:41:20', 'F650/50-2'),
	(903, 'Non-Error', '2021-04-15 10:41:21', 'VX960M'),
	(904, 'Non-Error', '2021-04-15 10:41:21', 'F650/50-1'),
	(905, 'Non-Error', '2021-04-15 10:41:23', 'MCT-15'),
	(906, 'Non-Error', '2021-04-15 10:41:25', 'F500/50'),
	(907, 'Non-Error', '2021-04-15 10:41:28', 'F650/50-2'),
	(908, 'Non-Error', '2021-04-15 10:41:29', 'VX960M'),
	(909, 'Non-Error', '2021-04-15 10:41:29', 'F650/50-1'),
	(910, 'Non-Error', '2021-04-15 10:41:30', 'MCT-15'),
	(911, 'Non-Error', '2021-04-15 10:41:33', 'F500/50'),
	(912, 'Non-Error', '2021-04-15 10:41:36', 'F650/50-2'),
	(913, 'Non-Error', '2021-04-15 10:41:36', 'VX960M'),
	(914, 'Non-Error', '2021-04-15 10:41:36', 'F650/50-1'),
	(915, 'Non-Error', '2021-04-15 10:41:38', 'MCT-15'),
	(916, 'Non-Error', '2021-04-15 10:41:41', 'F500/50'),
	(917, 'Non-Error', '2021-04-15 10:41:44', 'F650/50-2'),
	(918, 'Non-Error', '2021-04-15 10:41:44', 'VX960M'),
	(919, 'Non-Error', '2021-04-15 10:41:44', 'F650/50-1'),
	(920, 'Non-Error', '2021-04-15 10:41:46', 'MCT-15'),
	(921, 'Non-Error', '2021-04-15 10:41:48', 'F500/50'),
	(922, 'Non-Error', '2021-04-15 10:41:51', 'F650/50-2'),
	(923, 'Non-Error', '2021-04-15 10:41:52', 'VX960M'),
	(924, 'Non-Error', '2021-04-15 10:41:52', 'F650/50-1'),
	(925, 'Non-Error', '2021-04-15 10:41:54', 'MCT-15'),
	(926, 'Non-Error', '2021-04-15 10:41:56', 'F500/50'),
	(927, 'Non-Error', '2021-04-15 10:41:59', 'F650/50-2'),
	(928, 'Non-Error', '2021-04-15 10:42:00', 'VX960M'),
	(929, 'Non-Error', '2021-04-15 10:42:00', 'F650/50-1'),
	(930, 'Non-Error', '2021-04-15 10:42:01', 'MCT-15'),
	(931, 'Non-Error', '2021-04-15 10:42:04', 'F500/50'),
	(932, 'Non-Error', '2021-04-15 10:42:07', 'F650/50-2'),
	(933, 'Non-Error', '2021-04-15 10:42:07', 'VX960M'),
	(934, 'Non-Error', '2021-04-15 10:42:08', 'F650/50-1'),
	(935, 'Non-Error', '2021-04-15 10:42:09', 'MCT-15'),
	(936, 'Non-Error', '2021-04-15 10:42:12', 'F500/50'),
	(937, 'Non-Error', '2021-04-15 10:42:15', 'F650/50-2'),
	(938, 'Non-Error', '2021-04-15 10:42:15', 'VX960M'),
	(939, 'Non-Error', '2021-04-15 10:42:15', 'F650/50-1'),
	(940, 'Non-Error', '2021-04-15 10:42:17', 'MCT-15'),
	(941, 'Non-Error', '2021-04-15 10:42:19', 'F500/50'),
	(942, 'Non-Error', '2021-04-15 10:42:22', 'F650/50-2'),
	(943, 'Non-Error', '2021-04-15 10:42:23', 'VX960M'),
	(944, 'Non-Error', '2021-04-15 10:42:23', 'F650/50-1'),
	(945, 'Non-Error', '2021-04-15 10:42:25', 'MCT-15'),
	(946, 'Non-Error', '2021-04-15 10:42:27', 'F500/50'),
	(947, 'Non-Error', '2021-04-15 10:42:30', 'F650/50-2'),
	(948, 'Non-Error', '2021-04-15 10:42:31', 'VX960M'),
	(949, 'Non-Error', '2021-04-15 10:42:31', 'F650/50-1'),
	(950, 'Non-Error', '2021-04-15 10:42:33', 'MCT-15'),
	(951, 'Non-Error', '2021-04-15 10:42:35', 'F500/50'),
	(952, 'Non-Error', '2021-04-15 10:42:38', 'F650/50-2'),
	(953, 'Non-Error', '2021-04-15 10:42:39', 'VX960M'),
	(954, 'Non-Error', '2021-04-15 10:42:39', 'F650/50-1'),
	(955, 'Non-Error', '2021-04-15 10:42:40', 'MCT-15'),
	(956, 'Non-Error', '2021-04-15 10:42:43', 'F500/50'),
	(957, 'Non-Error', '2021-04-15 10:42:46', 'F650/50-2'),
	(958, 'Non-Error', '2021-04-15 10:42:46', 'VX960M'),
	(959, 'Non-Error', '2021-04-15 10:42:46', 'F650/50-1'),
	(960, 'Non-Error', '2021-04-15 10:42:48', 'MCT-15'),
	(961, 'Non-Error', '2021-04-15 10:42:51', 'F500/50'),
	(962, 'Non-Error', '2021-04-15 10:42:54', 'F650/50-2'),
	(963, 'Non-Error', '2021-04-15 10:42:54', 'VX960M'),
	(964, 'Non-Error', '2021-04-15 10:42:54', 'F650/50-1'),
	(965, 'Non-Error', '2021-04-15 10:42:56', 'MCT-15'),
	(966, 'Non-Error', '2021-04-15 10:42:58', 'F500/50'),
	(967, 'Non-Error', '2021-04-15 10:43:01', 'F650/50-2'),
	(968, 'Non-Error', '2021-04-15 10:43:02', 'VX960M'),
	(969, 'Non-Error', '2021-04-15 10:43:02', 'F650/50-1'),
	(970, 'Non-Error', '2021-04-15 10:43:04', 'MCT-15'),
	(971, 'Non-Error', '2021-04-15 10:43:06', 'F500/50'),
	(972, 'Non-Error', '2021-04-15 10:43:09', 'F650/50-2'),
	(973, 'Non-Error', '2021-04-15 10:43:10', 'VX960M'),
	(974, 'Non-Error', '2021-04-15 10:43:10', 'F650/50-1'),
	(975, 'Non-Error', '2021-04-15 10:43:12', 'MCT-15'),
	(976, 'Non-Error', '2021-04-15 10:43:14', 'F500/50'),
	(977, 'Non-Error', '2021-04-15 10:43:17', 'F650/50-2'),
	(978, 'Non-Error', '2021-04-15 10:43:18', 'VX960M'),
	(979, 'Non-Error', '2021-04-15 10:43:18', 'F650/50-1'),
	(980, 'Non-Error', '2021-04-15 10:43:19', 'MCT-15'),
	(981, 'Non-Error', '2021-04-15 10:43:22', 'F500/50'),
	(982, 'Non-Error', '2021-04-15 10:43:25', 'F650/50-2'),
	(983, 'Non-Error', '2021-04-15 10:43:25', 'VX960M'),
	(984, 'Non-Error', '2021-04-15 10:43:25', 'F650/50-1'),
	(985, 'Non-Error', '2021-04-15 10:43:27', 'MCT-15'),
	(986, 'Non-Error', '2021-04-15 10:43:29', 'F500/50'),
	(987, 'Non-Error', '2021-04-15 10:43:32', 'F650/50-2'),
	(988, 'Non-Error', '2021-04-15 10:43:33', 'VX960M'),
	(989, 'Non-Error', '2021-04-15 10:43:33', 'F650/50-1'),
	(990, 'Non-Error', '2021-04-15 10:43:35', 'MCT-15'),
	(991, 'Non-Error', '2021-04-15 10:43:37', 'F500/50'),
	(992, 'Non-Error', '2021-04-15 10:43:40', 'F650/50-2'),
	(993, 'Non-Error', '2021-04-15 10:43:41', 'VX960M'),
	(994, 'Non-Error', '2021-04-15 10:43:41', 'F650/50-1'),
	(995, 'Non-Error', '2021-04-15 10:43:43', 'MCT-15'),
	(996, 'Non-Error', '2021-04-15 10:43:45', 'F500/50'),
	(997, 'Non-Error', '2021-04-15 10:43:48', 'F650/50-2'),
	(998, 'Non-Error', '2021-04-15 10:43:49', 'VX960M'),
	(999, 'Non-Error', '2021-04-15 10:43:49', 'F650/50-1'),
	(1000, 'Non-Error', '2021-04-15 10:43:50', 'MCT-15'),
	(1001, 'Non-Error', '2021-04-15 10:43:53', 'F500/50'),
	(1002, 'Non-Error', '2021-04-15 10:43:56', 'F650/50-2'),
	(1003, 'Non-Error', '2021-04-15 10:43:56', 'VX960M'),
	(1004, 'Non-Error', '2021-04-15 10:43:56', 'F650/50-1'),
	(1005, 'Non-Error', '2021-04-15 10:43:58', 'MCT-15'),
	(1006, 'Non-Error', '2021-04-15 10:44:00', 'F500/50'),
	(1007, 'Non-Error', '2021-04-15 10:44:04', 'F650/50-2'),
	(1008, 'Non-Error', '2021-04-15 10:44:04', 'VX960M'),
	(1009, 'Non-Error', '2021-04-15 10:44:04', 'F650/50-1'),
	(1010, 'Non-Error', '2021-04-15 10:44:06', 'MCT-15'),
	(1011, 'Non-Error', '2021-04-15 10:44:08', 'F500/50'),
	(1012, 'Non-Error', '2021-04-15 10:44:11', 'F650/50-2'),
	(1013, 'Non-Error', '2021-04-15 10:44:12', 'VX960M'),
	(1014, 'Non-Error', '2021-04-15 10:44:12', 'F650/50-1'),
	(1015, 'Non-Error', '2021-04-15 10:44:14', 'MCT-15'),
	(1016, 'Non-Error', '2021-04-15 10:44:16', 'F500/50'),
	(1017, 'Non-Error', '2021-04-15 10:44:19', 'F650/50-2'),
	(1018, 'Non-Error', '2021-04-15 10:44:20', 'VX960M'),
	(1019, 'Non-Error', '2021-04-15 10:44:20', 'F650/50-1'),
	(1020, 'Non-Error', '2021-04-15 10:44:22', 'MCT-15'),
	(1021, 'Non-Error', '2021-04-15 10:44:24', 'F500/50'),
	(1022, 'Non-Error', '2021-04-15 10:44:27', 'F650/50-2'),
	(1023, 'Non-Error', '2021-04-15 10:44:27', 'VX960M'),
	(1024, 'Non-Error', '2021-04-15 10:44:28', 'F650/50-1'),
	(1025, 'Non-Error', '2021-04-15 10:44:29', 'MCT-15'),
	(1026, 'Non-Error', '2021-04-15 10:44:32', 'F500/50'),
	(1027, 'Non-Error', '2021-04-15 10:44:35', 'F650/50-2'),
	(1028, 'Non-Error', '2021-04-15 10:44:35', 'VX960M'),
	(1029, 'Non-Error', '2021-04-15 10:44:35', 'F650/50-1'),
	(1030, 'Non-Error', '2021-04-15 10:44:37', 'MCT-15'),
	(1031, 'Non-Error', '2021-04-15 10:44:39', 'F500/50'),
	(1032, 'Non-Error', '2021-04-15 10:44:42', 'F650/50-2'),
	(1033, 'Non-Error', '2021-04-15 10:44:43', 'VX960M'),
	(1034, 'Non-Error', '2021-04-15 10:44:43', 'F650/50-1'),
	(1035, 'Non-Error', '2021-04-15 10:44:45', 'MCT-15'),
	(1036, 'Non-Error', '2021-04-15 10:44:47', 'F500/50'),
	(1037, 'Non-Error', '2021-04-15 10:44:50', 'F650/50-2'),
	(1038, 'Non-Error', '2021-04-15 10:44:51', 'VX960M'),
	(1039, 'Non-Error', '2021-04-15 10:44:51', 'F650/50-1'),
	(1040, 'Non-Error', '2021-04-15 10:44:53', 'MCT-15'),
	(1041, 'Non-Error', '2021-04-15 10:44:55', 'F500/50'),
	(1042, 'Non-Error', '2021-04-15 10:44:58', 'F650/50-2'),
	(1043, 'Non-Error', '2021-04-15 10:44:59', 'VX960M'),
	(1044, 'Non-Error', '2021-04-15 10:44:59', 'F650/50-1'),
	(1045, 'Non-Error', '2021-04-15 10:45:01', 'MCT-15'),
	(1046, 'Non-Error', '2021-04-15 10:45:03', 'F500/50'),
	(1047, 'Non-Error', '2021-04-15 10:45:06', 'F650/50-2'),
	(1048, 'Non-Error', '2021-04-15 10:45:06', 'VX960M'),
	(1049, 'Non-Error', '2021-04-15 10:45:06', 'F650/50-1'),
	(1050, 'Non-Error', '2021-04-15 10:45:08', 'MCT-15'),
	(1051, 'Non-Error', '2021-04-15 10:45:10', 'F500/50'),
	(1052, 'Non-Error', '2021-04-15 10:45:14', 'F650/50-2'),
	(1053, 'Non-Error', '2021-04-15 10:45:14', 'VX960M'),
	(1054, 'Non-Error', '2021-04-15 10:45:14', 'F650/50-1'),
	(1055, 'Non-Error', '2021-04-15 10:45:16', 'MCT-15'),
	(1056, 'Non-Error', '2021-04-15 10:45:18', 'F500/50'),
	(1057, 'Non-Error', '2021-04-15 10:45:21', 'F650/50-2'),
	(1058, 'Non-Error', '2021-04-15 10:45:22', 'VX960M'),
	(1059, 'Non-Error', '2021-04-15 10:45:22', 'F650/50-1'),
	(1060, 'Non-Error', '2021-04-15 10:45:24', 'MCT-15'),
	(1061, 'Non-Error', '2021-04-15 10:45:26', 'F500/50'),
	(1062, 'Non-Error', '2021-04-15 10:45:29', 'F650/50-2'),
	(1063, 'Non-Error', '2021-04-15 10:45:30', 'VX960M'),
	(1064, 'Non-Error', '2021-04-15 10:45:30', 'F650/50-1'),
	(1065, 'Non-Error', '2021-04-15 10:45:32', 'MCT-15'),
	(1066, 'Non-Error', '2021-04-15 10:45:34', 'F500/50'),
	(1067, 'Non-Error', '2021-04-15 10:45:37', 'F650/50-2'),
	(1068, 'Non-Error', '2021-04-15 10:45:37', 'VX960M'),
	(1069, 'Non-Error', '2021-04-15 10:45:38', 'F650/50-1'),
	(1070, 'Non-Error', '2021-04-15 10:45:40', 'MCT-15'),
	(1071, 'Non-Error', '2021-04-15 10:45:41', 'F500/50'),
	(1072, 'Non-Error', '2021-04-15 10:45:45', 'F650/50-2'),
	(1073, 'Non-Error', '2021-04-15 10:45:45', 'VX960M'),
	(1074, 'Non-Error', '2021-04-15 10:45:45', 'F650/50-1'),
	(1075, 'Non-Error', '2021-04-15 10:45:47', 'MCT-15'),
	(1076, 'Non-Error', '2021-04-15 10:45:49', 'F500/50'),
	(1077, 'Non-Error', '2021-04-15 10:45:53', 'F650/50-2'),
	(1078, 'Non-Error', '2021-04-15 10:45:53', 'VX960M'),
	(1079, 'Non-Error', '2021-04-15 10:45:53', 'F650/50-1'),
	(1080, 'Non-Error', '2021-04-15 10:45:55', 'MCT-15'),
	(1081, 'Non-Error', '2021-04-15 10:45:57', 'F500/50'),
	(1082, 'Non-Error', '2021-04-15 10:46:00', 'F650/50-2'),
	(1083, 'Non-Error', '2021-04-15 10:46:01', 'VX960M'),
	(1084, 'Non-Error', '2021-04-15 10:46:01', 'F650/50-1'),
	(1085, 'Non-Error', '2021-04-15 10:46:03', 'MCT-15'),
	(1086, 'Non-Error', '2021-04-15 10:46:05', 'F500/50'),
	(1087, 'Non-Error', '2021-04-15 10:46:08', 'F650/50-2'),
	(1088, 'Non-Error', '2021-04-15 10:46:09', 'VX960M'),
	(1089, 'Non-Error', '2021-04-15 10:46:09', 'F650/50-1'),
	(1090, 'Non-Error', '2021-04-15 10:46:11', 'MCT-15'),
	(1091, 'Non-Error', '2021-04-15 10:46:13', 'F500/50'),
	(1092, 'Non-Error', '2021-04-15 10:46:16', 'F650/50-2'),
	(1093, 'Non-Error', '2021-04-15 10:46:16', 'VX960M'),
	(1094, 'Non-Error', '2021-04-15 10:46:16', 'F650/50-1'),
	(1095, 'Non-Error', '2021-04-15 10:46:18', 'MCT-15'),
	(1096, 'Non-Error', '2021-04-15 10:46:20', 'F500/50'),
	(1097, 'Non-Error', '2021-04-15 10:46:24', 'F650/50-2'),
	(1098, 'Non-Error', '2021-04-15 10:46:24', 'VX960M'),
	(1099, 'Non-Error', '2021-04-15 10:46:24', 'F650/50-1'),
	(1100, 'Non-Error', '2021-04-15 10:46:26', 'MCT-15'),
	(1101, 'Non-Error', '2021-04-15 10:46:28', 'F500/50'),
	(1102, 'Non-Error', '2021-04-15 10:46:31', 'F650/50-2'),
	(1103, 'Non-Error', '2021-04-15 10:46:32', 'VX960M'),
	(1104, 'Non-Error', '2021-04-15 10:46:32', 'F650/50-1'),
	(1105, 'Non-Error', '2021-04-15 10:46:34', 'MCT-15'),
	(1106, 'Non-Error', '2021-04-15 10:46:36', 'F500/50'),
	(1107, 'Non-Error', '2021-04-15 10:46:39', 'F650/50-2'),
	(1108, 'Non-Error', '2021-04-15 10:46:40', 'VX960M'),
	(1109, 'Non-Error', '2021-04-15 10:46:40', 'F650/50-1'),
	(1110, 'Non-Error', '2021-04-15 10:46:42', 'MCT-15'),
	(1111, 'Non-Error', '2021-04-15 10:46:44', 'F500/50'),
	(1112, 'Non-Error', '2021-04-15 10:46:47', 'F650/50-2'),
	(1113, 'Non-Error', '2021-04-15 10:46:47', 'VX960M'),
	(1114, 'Non-Error', '2021-04-15 10:46:47', 'F650/50-1'),
	(1115, 'Non-Error', '2021-04-15 10:46:50', 'MCT-15'),
	(1116, 'Non-Error', '2021-04-15 10:46:51', 'F500/50'),
	(1117, 'Non-Error', '2021-04-15 10:46:55', 'F650/50-2'),
	(1118, 'Non-Error', '2021-04-15 10:46:55', 'VX960M'),
	(1119, 'Non-Error', '2021-04-15 10:46:55', 'F650/50-1'),
	(1120, 'Non-Error', '2021-04-15 10:46:57', 'MCT-15'),
	(1121, 'Non-Error', '2021-04-15 10:46:59', 'F500/50'),
	(1122, 'Non-Error', '2021-04-15 10:47:03', 'F650/50-2'),
	(1123, 'Non-Error', '2021-04-15 10:47:03', 'VX960M'),
	(1124, 'Non-Error', '2021-04-15 10:47:03', 'F650/50-1'),
	(1125, 'Non-Error', '2021-04-15 10:47:05', 'MCT-15'),
	(1126, 'Non-Error', '2021-04-15 10:47:07', 'F500/50'),
	(1127, 'Non-Error', '2021-04-15 10:47:10', 'F650/50-2'),
	(1128, 'Non-Error', '2021-04-15 10:47:11', 'VX960M'),
	(1129, 'Non-Error', '2021-04-15 10:47:11', 'F650/50-1'),
	(1130, 'Non-Error', '2021-04-15 10:47:13', 'MCT-15'),
	(1131, 'Non-Error', '2021-04-15 10:47:15', 'F500/50'),
	(1132, 'Non-Error', '2021-04-15 10:47:18', 'F650/50-2'),
	(1133, 'Non-Error', '2021-04-15 10:47:19', 'VX960M'),
	(1134, 'Non-Error', '2021-04-15 10:47:19', 'F650/50-1'),
	(1135, 'Non-Error', '2021-04-15 10:47:21', 'MCT-15'),
	(1136, 'Non-Error', '2021-04-15 10:47:23', 'F500/50'),
	(1137, 'Non-Error', '2021-04-15 10:47:26', 'F650/50-2'),
	(1138, 'Non-Error', '2021-04-15 10:47:26', 'VX960M'),
	(1139, 'Non-Error', '2021-04-15 10:47:26', 'F650/50-1'),
	(1140, 'Non-Error', '2021-04-15 10:47:29', 'MCT-15'),
	(1141, 'Non-Error', '2021-04-15 10:47:30', 'F500/50'),
	(1142, 'Non-Error', '2021-04-15 10:47:34', 'F650/50-2'),
	(1143, 'Non-Error', '2021-04-15 10:47:34', 'VX960M'),
	(1144, 'Non-Error', '2021-04-15 10:47:34', 'F650/50-1'),
	(1145, 'Non-Error', '2021-04-15 10:47:36', 'MCT-15'),
	(1146, 'Non-Error', '2021-04-15 10:47:38', 'F500/50'),
	(1147, 'Non-Error', '2021-04-15 10:47:41', 'F650/50-2'),
	(1148, 'Non-Error', '2021-04-15 10:47:42', 'VX960M'),
	(1149, 'Non-Error', '2021-04-15 10:47:42', 'F650/50-1'),
	(1150, 'Non-Error', '2021-04-15 10:47:44', 'MCT-15'),
	(1151, 'Non-Error', '2021-04-15 10:47:46', 'F500/50'),
	(1152, 'Non-Error', '2021-04-15 10:47:49', 'F650/50-2'),
	(1153, 'Non-Error', '2021-04-15 10:47:50', 'VX960M'),
	(1154, 'Non-Error', '2021-04-15 10:47:50', 'F650/50-1'),
	(1155, 'Non-Error', '2021-04-15 10:47:52', 'MCT-15'),
	(1156, 'Non-Error', '2021-04-15 10:47:54', 'F500/50'),
	(1157, 'Non-Error', '2021-04-15 10:47:57', 'F650/50-2'),
	(1158, 'Non-Error', '2021-04-15 10:47:57', 'VX960M'),
	(1159, 'Non-Error', '2021-04-15 10:47:57', 'F650/50-1'),
	(1160, 'Non-Error', '2021-04-15 10:48:00', 'MCT-15'),
	(1161, 'Non-Error', '2021-04-15 10:48:01', 'F500/50'),
	(1162, 'Non-Error', '2021-04-15 10:48:05', 'F650/50-2'),
	(1163, 'Non-Error', '2021-04-15 10:48:05', 'VX960M'),
	(1164, 'Non-Error', '2021-04-15 10:48:05', 'F650/50-1'),
	(1165, 'Non-Error', '2021-04-15 10:48:07', 'MCT-15'),
	(1166, 'Non-Error', '2021-04-15 10:48:09', 'F500/50'),
	(1167, 'Non-Error', '2021-04-15 10:48:13', 'F650/50-2'),
	(1168, 'Non-Error', '2021-04-15 10:48:13', 'VX960M'),
	(1169, 'Non-Error', '2021-04-15 10:48:13', 'F650/50-1'),
	(1170, 'Non-Error', '2021-04-15 10:48:15', 'MCT-15'),
	(1171, 'Non-Error', '2021-04-15 10:48:17', 'F500/50'),
	(1172, 'Non-Error', '2021-04-15 10:48:20', 'F650/50-2'),
	(1173, 'Non-Error', '2021-04-15 10:48:21', 'VX960M'),
	(1174, 'Non-Error', '2021-04-15 10:48:21', 'F650/50-1'),
	(1175, 'Non-Error', '2021-04-15 10:48:23', 'MCT-15'),
	(1176, 'Non-Error', '2021-04-15 10:48:25', 'F500/50'),
	(1177, 'Non-Error', '2021-04-15 10:48:28', 'F650/50-2'),
	(1178, 'Non-Error', '2021-04-15 10:48:29', 'VX960M'),
	(1179, 'Non-Error', '2021-04-15 10:48:29', 'F650/50-1'),
	(1180, 'Non-Error', '2021-04-15 10:48:31', 'MCT-15'),
	(1181, 'Non-Error', '2021-04-15 10:48:32', 'F500/50'),
	(1182, 'Non-Error', '2021-04-15 10:48:36', 'F650/50-2'),
	(1183, 'Non-Error', '2021-04-15 10:48:36', 'VX960M'),
	(1184, 'Non-Error', '2021-04-15 10:48:36', 'F650/50-1'),
	(1185, 'Non-Error', '2021-04-15 10:48:39', 'MCT-15'),
	(1186, 'Non-Error', '2021-04-15 10:48:40', 'F500/50'),
	(1187, 'Non-Error', '2021-04-15 10:48:44', 'F650/50-2'),
	(1188, 'Non-Error', '2021-04-15 10:48:44', 'VX960M'),
	(1189, 'Non-Error', '2021-04-15 10:48:44', 'F650/50-1'),
	(1190, 'Non-Error', '2021-04-15 10:48:46', 'MCT-15'),
	(1191, 'Non-Error', '2021-04-15 10:48:48', 'F500/50'),
	(1192, 'Non-Error', '2021-04-15 10:48:51', 'F650/50-2'),
	(1193, 'Non-Error', '2021-04-15 10:48:52', 'VX960M'),
	(1194, 'Non-Error', '2021-04-15 10:48:52', 'F650/50-1'),
	(1195, 'Non-Error', '2021-04-15 10:48:54', 'MCT-15'),
	(1196, 'Non-Error', '2021-04-15 10:48:56', 'F500/50'),
	(1197, 'Non-Error', '2021-04-15 10:48:59', 'F650/50-2'),
	(1198, 'Non-Error', '2021-04-15 10:49:00', 'VX960M'),
	(1199, 'Non-Error', '2021-04-15 10:49:00', 'F650/50-1'),
	(1200, 'Non-Error', '2021-04-15 10:49:02', 'MCT-15'),
	(1201, 'Non-Error', '2021-04-15 10:49:04', 'F500/50'),
	(1202, 'Non-Error', '2021-04-15 10:49:07', 'F650/50-2'),
	(1203, 'Non-Error', '2021-04-15 10:49:07', 'VX960M'),
	(1204, 'Non-Error', '2021-04-15 10:49:07', 'F650/50-1'),
	(1205, 'Non-Error', '2021-04-15 10:49:10', 'MCT-15'),
	(1206, 'Non-Error', '2021-04-15 10:49:11', 'F500/50'),
	(1207, 'Non-Error', '2021-04-15 10:49:15', 'F650/50-2'),
	(1208, 'Non-Error', '2021-04-15 10:49:15', 'VX960M'),
	(1209, 'Non-Error', '2021-04-15 10:49:15', 'F650/50-1'),
	(1210, 'Non-Error', '2021-04-15 10:49:18', 'MCT-15'),
	(1211, 'Non-Error', '2021-04-15 10:49:19', 'F500/50'),
	(1212, 'Non-Error', '2021-04-15 10:49:23', 'F650/50-2'),
	(1213, 'Non-Error', '2021-04-15 10:49:23', 'F650/50-1'),
	(1214, 'Non-Error', '2021-04-15 10:49:23', 'VX960M'),
	(1215, 'Non-Error', '2021-04-15 10:49:25', 'MCT-15'),
	(1216, 'Non-Error', '2021-04-15 10:49:27', 'F500/50'),
	(1217, 'Non-Error', '2021-04-15 10:49:30', 'F650/50-2'),
	(1218, 'Non-Error', '2021-04-15 10:49:31', 'F650/50-1'),
	(1219, 'Non-Error', '2021-04-15 10:49:31', 'VX960M'),
	(1220, 'Non-Error', '2021-04-15 10:49:33', 'MCT-15'),
	(1221, 'Non-Error', '2021-04-15 10:49:35', 'F500/50'),
	(1222, 'Non-Error', '2021-04-15 10:49:38', 'F650/50-2'),
	(1223, 'Non-Error', '2021-04-15 10:49:39', 'F650/50-1'),
	(1224, 'Non-Error', '2021-04-15 10:49:39', 'VX960M'),
	(1225, 'Non-Error', '2021-04-15 10:49:41', 'MCT-15'),
	(1226, 'Non-Error', '2021-04-15 10:49:42', 'F500/50'),
	(1227, 'Non-Error', '2021-04-15 10:49:46', 'F650/50-2'),
	(1228, 'Non-Error', '2021-04-15 10:49:46', 'F650/50-1'),
	(1229, 'Non-Error', '2021-04-15 10:49:46', 'VX960M'),
	(1230, 'Non-Error', '2021-04-15 10:49:49', 'MCT-15'),
	(1231, 'Non-Error', '2021-04-15 10:49:50', 'F500/50'),
	(1232, 'Non-Error', '2021-04-15 10:49:54', 'F650/50-2'),
	(1233, 'Non-Error', '2021-04-15 10:49:54', 'F650/50-1'),
	(1234, 'Non-Error', '2021-04-15 10:49:54', 'VX960M'),
	(1235, 'Non-Error', '2021-04-15 10:49:57', 'MCT-15'),
	(1236, 'Non-Error', '2021-04-15 10:49:58', 'F500/50'),
	(1237, 'Non-Error', '2021-04-15 10:50:02', 'F650/50-2'),
	(1238, 'Non-Error', '2021-04-15 10:50:02', 'F650/50-1'),
	(1239, 'Non-Error', '2021-04-15 10:50:02', 'VX960M'),
	(1240, 'Non-Error', '2021-04-15 10:50:04', 'MCT-15'),
	(1241, 'Non-Error', '2021-04-15 10:50:06', 'F500/50'),
	(1242, 'Non-Error', '2021-04-15 10:50:09', 'F650/50-2'),
	(1243, 'Non-Error', '2021-04-15 10:50:10', 'F650/50-1'),
	(1244, 'Non-Error', '2021-04-15 10:50:10', 'VX960M'),
	(1245, 'Non-Error', '2021-04-15 10:50:12', 'MCT-15'),
	(1246, 'Non-Error', '2021-04-15 10:50:14', 'F500/50'),
	(1247, 'Non-Error', '2021-04-15 10:50:17', 'F650/50-2'),
	(1248, 'Non-Error', '2021-04-15 10:50:17', 'F650/50-1'),
	(1249, 'Non-Error', '2021-04-15 10:50:17', 'VX960M'),
	(1250, 'Non-Error', '2021-04-15 10:50:20', 'MCT-15'),
	(1251, 'Non-Error', '2021-04-15 10:50:21', 'F500/50'),
	(1252, 'Non-Error', '2021-04-15 10:50:25', 'F650/50-2'),
	(1253, 'Non-Error', '2021-04-15 10:50:25', 'F650/50-1'),
	(1254, 'Non-Error', '2021-04-15 10:50:25', 'VX960M'),
	(1255, 'Non-Error', '2021-04-15 10:50:28', 'MCT-15'),
	(1256, 'Non-Error', '2021-04-15 10:50:29', 'F500/50'),
	(1257, 'Non-Error', '2021-04-15 10:50:33', 'F650/50-2'),
	(1258, 'Non-Error', '2021-04-15 10:50:33', 'F650/50-1'),
	(1259, 'Non-Error', '2021-04-15 10:50:33', 'VX960M'),
	(1260, 'Non-Error', '2021-04-15 10:50:35', 'MCT-15'),
	(1261, 'Non-Error', '2021-04-15 10:50:37', 'F500/50'),
	(1262, 'Non-Error', '2021-04-15 10:50:40', 'F650/50-2'),
	(1263, 'Non-Error', '2021-04-15 10:50:41', 'F650/50-1'),
	(1264, 'Non-Error', '2021-04-15 10:50:41', 'VX960M'),
	(1265, 'Non-Error', '2021-04-15 10:50:43', 'MCT-15'),
	(1266, 'Non-Error', '2021-04-15 10:50:45', 'F500/50'),
	(1267, 'Non-Error', '2021-04-15 10:50:48', 'F650/50-2'),
	(1268, 'Non-Error', '2021-04-15 10:50:49', 'F650/50-1'),
	(1269, 'Non-Error', '2021-04-15 10:50:49', 'VX960M'),
	(1270, 'Non-Error', '2021-04-15 10:50:51', 'MCT-15'),
	(1271, 'Non-Error', '2021-04-15 10:50:52', 'F500/50'),
	(1272, 'Non-Error', '2021-04-15 10:50:56', 'F650/50-2'),
	(1273, 'Non-Error', '2021-04-15 10:50:56', 'F650/50-1'),
	(1274, 'Non-Error', '2021-04-15 10:50:56', 'VX960M'),
	(1275, 'Non-Error', '2021-04-15 10:50:59', 'MCT-15'),
	(1276, 'Non-Error', '2021-04-15 10:51:00', 'F500/50'),
	(1277, 'Non-Error', '2021-04-15 10:51:04', 'F650/50-2'),
	(1278, 'Non-Error', '2021-04-15 10:51:04', 'F650/50-1'),
	(1279, 'Non-Error', '2021-04-15 10:51:04', 'VX960M'),
	(1280, 'Non-Error', '2021-04-15 10:51:07', 'MCT-15'),
	(1281, 'Non-Error', '2021-04-15 10:51:08', 'F500/50'),
	(1282, 'Non-Error', '2021-04-15 10:51:12', 'F650/50-2'),
	(1283, 'Non-Error', '2021-04-15 10:51:12', 'F650/50-1'),
	(1284, 'Non-Error', '2021-04-15 10:51:12', 'VX960M'),
	(1285, 'Non-Error', '2021-04-15 10:51:14', 'MCT-15'),
	(1286, 'Non-Error', '2021-04-15 10:51:16', 'F500/50'),
	(1287, 'Non-Error', '2021-04-15 10:51:19', 'F650/50-2'),
	(1288, 'Non-Error', '2021-04-15 10:51:20', 'F650/50-1'),
	(1289, 'Non-Error', '2021-04-15 10:51:20', 'VX960M'),
	(1290, 'Non-Error', '2021-04-15 10:51:22', 'MCT-15'),
	(1291, 'Non-Error', '2021-04-15 10:51:23', 'F500/50'),
	(1292, 'Non-Error', '2021-04-15 10:51:27', 'F650/50-2'),
	(1293, 'Non-Error', '2021-04-15 10:51:27', 'F650/50-1'),
	(1294, 'Non-Error', '2021-04-15 10:51:27', 'VX960M'),
	(1295, 'Non-Error', '2021-04-15 10:51:30', 'MCT-15'),
	(1296, 'Non-Error', '2021-04-15 10:51:31', 'F500/50'),
	(1297, 'Non-Error', '2021-04-15 10:51:35', 'F650/50-2'),
	(1298, 'Non-Error', '2021-04-15 10:51:35', 'F650/50-1'),
	(1299, 'Non-Error', '2021-04-15 10:51:35', 'VX960M'),
	(1300, 'Non-Error', '2021-04-15 10:51:38', 'MCT-15'),
	(1301, 'Non-Error', '2021-04-15 10:51:39', 'F500/50'),
	(1302, 'Non-Error', '2021-04-15 10:51:43', 'F650/50-2'),
	(1303, 'Non-Error', '2021-04-15 10:51:43', 'F650/50-1'),
	(1304, 'Non-Error', '2021-04-15 10:51:43', 'VX960M'),
	(1305, 'Non-Error', '2021-04-15 10:51:45', 'MCT-15'),
	(1306, 'Non-Error', '2021-04-15 10:51:47', 'F500/50'),
	(1307, 'Non-Error', '2021-04-15 10:51:50', 'F650/50-2'),
	(1308, 'Non-Error', '2021-04-15 10:51:51', 'F650/50-1'),
	(1309, 'Non-Error', '2021-04-15 10:51:51', 'VX960M'),
	(1310, 'Non-Error', '2021-04-15 10:51:53', 'MCT-15'),
	(1311, 'Non-Error', '2021-04-15 10:51:55', 'F500/50'),
	(1312, 'Non-Error', '2021-04-15 10:51:58', 'F650/50-2'),
	(1313, 'Non-Error', '2021-04-15 10:51:58', 'F650/50-1'),
	(1314, 'Non-Error', '2021-04-15 10:51:59', 'VX960M'),
	(1315, 'Non-Error', '2021-04-15 10:52:01', 'MCT-15'),
	(1316, 'Non-Error', '2021-04-15 10:52:02', 'F500/50'),
	(1317, 'Non-Error', '2021-04-15 10:52:06', 'F650/50-2'),
	(1318, 'Non-Error', '2021-04-15 10:52:06', 'F650/50-1'),
	(1319, 'Non-Error', '2021-04-15 10:52:06', 'VX960M'),
	(1320, 'Non-Error', '2021-04-15 10:52:09', 'MCT-15'),
	(1321, 'Non-Error', '2021-04-15 10:52:10', 'F500/50'),
	(1322, 'Non-Error', '2021-04-15 10:52:14', 'F650/50-2'),
	(1323, 'Non-Error', '2021-04-15 10:52:14', 'F650/50-1'),
	(1324, 'Non-Error', '2021-04-15 10:52:14', 'VX960M'),
	(1325, 'Non-Error', '2021-04-15 10:52:17', 'MCT-15'),
	(1326, 'Non-Error', '2021-04-15 10:52:18', 'F500/50'),
	(1327, 'Non-Error', '2021-04-15 10:52:22', 'F650/50-2'),
	(1328, 'Non-Error', '2021-04-15 10:52:22', 'F650/50-1'),
	(1329, 'Non-Error', '2021-04-15 10:52:22', 'VX960M'),
	(1330, 'Non-Error', '2021-04-15 10:52:24', 'MCT-15'),
	(1331, 'Non-Error', '2021-04-15 10:52:26', 'F500/50'),
	(1332, 'Non-Error', '2021-04-15 10:52:29', 'F650/50-2'),
	(1333, 'Non-Error', '2021-04-15 10:52:30', 'F650/50-1'),
	(1334, 'Non-Error', '2021-04-15 10:52:30', 'VX960M'),
	(1335, 'Non-Error', '2021-04-15 10:52:32', 'MCT-15'),
	(1336, 'Non-Error', '2021-04-15 10:52:33', 'F500/50'),
	(1337, 'Non-Error', '2021-04-15 10:52:37', 'F650/50-2'),
	(1338, 'Non-Error', '2021-04-15 10:52:37', 'F650/50-1'),
	(1339, 'Non-Error', '2021-04-15 10:52:37', 'VX960M'),
	(1340, 'Non-Error', '2021-04-15 10:52:40', 'MCT-15'),
	(1341, 'Non-Error', '2021-04-15 10:52:41', 'F500/50'),
	(1342, 'Non-Error', '2021-04-15 10:52:45', 'F650/50-2'),
	(1343, 'Non-Error', '2021-04-15 10:52:45', 'F650/50-1'),
	(1344, 'Non-Error', '2021-04-15 10:52:45', 'VX960M'),
	(1345, 'Non-Error', '2021-04-15 10:52:48', 'MCT-15'),
	(1346, 'Non-Error', '2021-04-15 10:52:49', 'F500/50'),
	(1347, 'Non-Error', '2021-04-15 10:52:53', 'F650/50-2'),
	(1348, 'Non-Error', '2021-04-15 10:52:53', 'F650/50-1'),
	(1349, 'Non-Error', '2021-04-15 10:52:53', 'VX960M'),
	(1350, 'Non-Error', '2021-04-15 10:52:56', 'MCT-15'),
	(1351, 'Non-Error', '2021-04-15 10:52:57', 'F500/50'),
	(1352, 'Non-Error', '2021-04-15 10:53:00', 'F650/50-2'),
	(1353, 'Non-Error', '2021-04-15 10:53:01', 'F650/50-1'),
	(1354, 'Non-Error', '2021-04-15 10:53:01', 'VX960M'),
	(1355, 'Non-Error', '2021-04-15 10:53:03', 'MCT-15'),
	(1356, 'Non-Error', '2021-04-15 10:53:04', 'F500/50'),
	(1357, 'Non-Error', '2021-04-15 10:53:08', 'F650/50-2'),
	(1358, 'Non-Error', '2021-04-15 10:53:08', 'F650/50-1'),
	(1359, 'Non-Error', '2021-04-15 10:53:09', 'VX960M'),
	(1360, 'Non-Error', '2021-04-15 10:53:11', 'MCT-15'),
	(1361, 'Non-Error', '2021-04-15 10:53:12', 'F500/50'),
	(1362, 'Non-Error', '2021-04-15 10:53:16', 'F650/50-2'),
	(1363, 'Non-Error', '2021-04-15 10:53:16', 'F650/50-1'),
	(1364, 'Non-Error', '2021-04-15 10:53:16', 'VX960M'),
	(1365, 'Non-Error', '2021-04-15 10:53:19', 'MCT-15'),
	(1366, 'Non-Error', '2021-04-15 10:53:20', 'F500/50'),
	(1367, 'Non-Error', '2021-04-15 10:53:24', 'F650/50-2'),
	(1368, 'Non-Error', '2021-04-15 10:53:24', 'F650/50-1'),
	(1369, 'Non-Error', '2021-04-15 10:53:24', 'VX960M'),
	(1370, 'Non-Error', '2021-04-15 10:53:27', 'MCT-15'),
	(1371, 'Non-Error', '2021-04-15 10:53:28', 'F500/50'),
	(1372, 'Non-Error', '2021-04-15 10:53:32', 'F650/50-2'),
	(1373, 'Non-Error', '2021-04-15 10:53:32', 'F650/50-1'),
	(1374, 'Non-Error', '2021-04-15 10:53:32', 'VX960M'),
	(1375, 'Non-Error', '2021-04-15 10:53:35', 'MCT-15'),
	(1376, 'Non-Error', '2021-04-15 10:53:36', 'F500/50'),
	(1377, 'Non-Error', '2021-04-15 10:53:39', 'F650/50-2'),
	(1378, 'Non-Error', '2021-04-15 10:53:39', 'F650/50-1'),
	(1379, 'Non-Error', '2021-04-15 10:53:40', 'VX960M'),
	(1380, 'Non-Error', '2021-04-15 10:53:42', 'MCT-15'),
	(1381, 'Non-Error', '2021-04-15 10:53:43', 'F500/50'),
	(1382, 'Non-Error', '2021-04-15 10:53:47', 'F650/50-2'),
	(1383, 'Non-Error', '2021-04-15 10:53:47', 'F650/50-1'),
	(1384, 'Non-Error', '2021-04-15 10:53:47', 'VX960M'),
	(1385, 'Non-Error', '2021-04-15 10:53:50', 'MCT-15'),
	(1386, 'Non-Error', '2021-04-15 10:53:51', 'F500/50'),
	(1387, 'Non-Error', '2021-04-15 10:53:55', 'F650/50-2'),
	(1388, 'Non-Error', '2021-04-15 10:53:55', 'F650/50-1'),
	(1389, 'Non-Error', '2021-04-15 10:53:55', 'VX960M'),
	(1390, 'Non-Error', '2021-04-15 10:53:58', 'MCT-15'),
	(1391, 'Non-Error', '2021-04-15 10:53:59', 'F500/50'),
	(1392, 'Non-Error', '2021-04-15 10:54:03', 'F650/50-2'),
	(1393, 'Non-Error', '2021-04-15 10:54:03', 'F650/50-1'),
	(1394, 'Non-Error', '2021-04-15 10:54:03', 'VX960M'),
	(1395, 'Non-Error', '2021-04-15 10:54:06', 'MCT-15'),
	(1396, 'Non-Error', '2021-04-15 10:54:07', 'F500/50'),
	(1397, 'Non-Error', '2021-04-15 10:54:10', 'F650/50-2'),
	(1398, 'Non-Error', '2021-04-15 10:54:11', 'F650/50-1'),
	(1399, 'Non-Error', '2021-04-15 10:54:11', 'VX960M'),
	(1400, 'Non-Error', '2021-04-15 10:54:13', 'MCT-15'),
	(1401, 'Non-Error', '2021-04-15 10:54:14', 'F500/50'),
	(1402, 'Non-Error', '2021-04-15 10:54:18', 'F650/50-2'),
	(1403, 'Non-Error', '2021-04-15 10:54:18', 'F650/50-1'),
	(1404, 'Non-Error', '2021-04-15 10:54:19', 'VX960M'),
	(1405, 'Non-Error', '2021-04-15 10:54:21', 'MCT-15'),
	(1406, 'Non-Error', '2021-04-15 10:54:22', 'F500/50'),
	(1407, 'Non-Error', '2021-04-15 10:54:26', 'F650/50-2'),
	(1408, 'Non-Error', '2021-04-15 10:54:26', 'VX960M'),
	(1409, 'Non-Error', '2021-04-15 10:54:27', 'F650/50-1'),
	(1410, 'Non-Error', '2021-04-15 10:54:29', 'MCT-15'),
	(1411, 'Non-Error', '2021-04-15 10:54:30', 'F500/50'),
	(1412, 'Non-Error', '2021-04-15 10:54:34', 'F650/50-2'),
	(1413, 'Non-Error', '2021-04-15 10:54:34', 'F650/50-1'),
	(1414, 'Non-Error', '2021-04-15 10:54:34', 'VX960M'),
	(1415, 'Non-Error', '2021-04-15 10:54:37', 'MCT-15'),
	(1416, 'Non-Error', '2021-04-15 10:54:38', 'F500/50'),
	(1417, 'Non-Error', '2021-04-15 10:54:42', 'F650/50-2'),
	(1418, 'Non-Error', '2021-04-15 10:54:42', 'F650/50-1'),
	(1419, 'Non-Error', '2021-04-15 10:54:42', 'VX960M'),
	(1420, 'Non-Error', '2021-04-15 10:54:45', 'MCT-15'),
	(1421, 'Non-Error', '2021-04-15 10:54:46', 'F500/50'),
	(1422, 'Non-Error', '2021-04-15 10:54:49', 'F650/50-2'),
	(1423, 'Non-Error', '2021-04-15 10:54:50', 'F650/50-1'),
	(1424, 'Non-Error', '2021-04-15 10:54:50', 'VX960M'),
	(1425, 'Non-Error', '2021-04-15 10:54:52', 'MCT-15'),
	(1426, 'Non-Error', '2021-04-15 10:54:53', 'F500/50'),
	(1427, 'Non-Error', '2021-04-15 10:54:57', 'F650/50-2'),
	(1428, 'Non-Error', '2021-04-15 10:54:57', 'F650/50-1'),
	(1429, 'Non-Error', '2021-04-15 10:54:57', 'VX960M'),
	(1430, 'Non-Error', '2021-04-15 10:55:00', 'MCT-15'),
	(1431, 'Non-Error', '2021-04-15 10:55:01', 'F500/50'),
	(1432, 'Non-Error', '2021-04-15 10:55:05', 'F650/50-2'),
	(1433, 'Non-Error', '2021-04-15 10:55:05', 'F650/50-1'),
	(1434, 'Non-Error', '2021-04-15 10:55:05', 'VX960M'),
	(1435, 'Non-Error', '2021-04-15 10:55:08', 'MCT-15'),
	(1436, 'Non-Error', '2021-04-15 10:55:09', 'F500/50'),
	(1437, 'Non-Error', '2021-04-15 10:55:13', 'F650/50-2'),
	(1438, 'Non-Error', '2021-04-15 10:55:13', 'F650/50-1'),
	(1439, 'Non-Error', '2021-04-15 10:55:13', 'VX960M'),
	(1440, 'Non-Error', '2021-04-15 10:55:16', 'MCT-15'),
	(1441, 'Non-Error', '2021-04-15 10:55:17', 'F500/50'),
	(1442, 'Non-Error', '2021-04-15 10:55:20', 'F650/50-2'),
	(1443, 'Non-Error', '2021-04-15 10:55:21', 'F650/50-1'),
	(1444, 'Non-Error', '2021-04-15 10:55:21', 'VX960M'),
	(1445, 'Non-Error', '2021-04-15 10:55:24', 'MCT-15'),
	(1446, 'Non-Error', '2021-04-15 10:55:24', 'F500/50'),
	(1447, 'Non-Error', '2021-04-15 10:55:28', 'F650/50-2'),
	(1448, 'Non-Error', '2021-04-15 10:55:28', 'F650/50-1'),
	(1449, 'Non-Error', '2021-04-15 10:55:29', 'VX960M'),
	(1450, 'Non-Error', '2021-04-15 10:55:31', 'MCT-15'),
	(1451, 'Non-Error', '2021-04-15 10:55:32', 'F500/50'),
	(1452, 'Non-Error', '2021-04-15 10:55:36', 'F650/50-2'),
	(1453, 'Non-Error', '2021-04-15 10:55:36', 'F650/50-1'),
	(1454, 'Non-Error', '2021-04-15 10:55:36', 'VX960M'),
	(1455, 'Non-Error', '2021-04-15 10:55:39', 'MCT-15'),
	(1456, 'Non-Error', '2021-04-15 10:55:40', 'F500/50'),
	(1457, 'Non-Error', '2021-04-15 10:55:44', 'F650/50-2'),
	(1458, 'Non-Error', '2021-04-15 10:55:44', 'F650/50-1'),
	(1459, 'Non-Error', '2021-04-15 10:55:44', 'VX960M'),
	(1460, 'Non-Error', '2021-04-15 10:55:47', 'MCT-15'),
	(1461, 'Non-Error', '2021-04-15 10:55:48', 'F500/50'),
	(1462, 'Non-Error', '2021-04-15 10:55:52', 'F650/50-2'),
	(1463, 'Non-Error', '2021-04-15 10:55:52', 'F650/50-1'),
	(1464, 'Non-Error', '2021-04-15 10:55:52', 'VX960M'),
	(1465, 'Non-Error', '2021-04-15 10:55:55', 'MCT-15'),
	(1466, 'Non-Error', '2021-04-15 10:55:55', 'F500/50'),
	(1467, 'Non-Error', '2021-04-15 10:55:59', 'F650/50-2'),
	(1468, 'Non-Error', '2021-04-15 10:55:59', 'F650/50-1'),
	(1469, 'Non-Error', '2021-04-15 10:56:00', 'VX960M'),
	(1470, 'Non-Error', '2021-04-15 10:56:02', 'MCT-15'),
	(1471, 'Non-Error', '2021-04-15 10:56:03', 'F500/50'),
	(1472, 'Non-Error', '2021-04-15 10:56:07', 'F650/50-2'),
	(1473, 'Non-Error', '2021-04-15 10:56:07', 'F650/50-1'),
	(1474, 'Non-Error', '2021-04-15 10:56:07', 'VX960M'),
	(1475, 'Non-Error', '2021-04-15 10:56:10', 'MCT-15'),
	(1476, 'Non-Error', '2021-04-15 10:56:11', 'F500/50'),
	(1477, 'Non-Error', '2021-04-15 10:56:15', 'F650/50-2'),
	(1478, 'Non-Error', '2021-04-15 10:56:15', 'F650/50-1'),
	(1479, 'Non-Error', '2021-04-15 10:56:15', 'VX960M'),
	(1480, 'Non-Error', '2021-04-15 10:56:18', 'MCT-15'),
	(1481, 'Non-Error', '2021-04-15 10:56:19', 'F500/50'),
	(1482, 'Non-Error', '2021-04-15 10:56:23', 'F650/50-2'),
	(1483, 'Non-Error', '2021-04-15 10:56:23', 'F650/50-1'),
	(1484, 'Non-Error', '2021-04-15 10:56:23', 'VX960M'),
	(1485, 'Non-Error', '2021-04-15 10:56:26', 'MCT-15'),
	(1486, 'Non-Error', '2021-04-15 10:56:27', 'F500/50'),
	(1487, 'Non-Error', '2021-04-15 10:56:30', 'F650/50-2'),
	(1488, 'Non-Error', '2021-04-15 10:56:31', 'F650/50-1'),
	(1489, 'Non-Error', '2021-04-15 10:56:31', 'VX960M'),
	(1490, 'Non-Error', '2021-04-15 10:56:34', 'MCT-15'),
	(1491, 'Non-Error', '2021-04-15 10:56:34', 'F500/50'),
	(1492, 'Non-Error', '2021-04-15 10:56:38', 'F650/50-2'),
	(1493, 'Non-Error', '2021-04-15 10:56:38', 'F650/50-1'),
	(1494, 'Non-Error', '2021-04-15 10:56:39', 'VX960M'),
	(1495, 'Non-Error', '2021-04-15 10:56:41', 'MCT-15'),
	(1496, 'Non-Error', '2021-04-15 10:56:42', 'F500/50'),
	(1497, 'Non-Error', '2021-04-15 10:56:46', 'F650/50-2'),
	(1498, 'Non-Error', '2021-04-15 10:56:46', 'F650/50-1'),
	(1499, 'Non-Error', '2021-04-15 10:56:46', 'VX960M'),
	(1500, 'Non-Error', '2021-04-15 10:56:49', 'MCT-15'),
	(1501, 'Non-Error', '2021-04-15 10:56:50', 'F500/50'),
	(1502, 'Non-Error', '2021-04-15 10:56:54', 'F650/50-2'),
	(1503, 'Non-Error', '2021-04-15 10:56:54', 'F650/50-1'),
	(1504, 'Non-Error', '2021-04-15 10:56:54', 'VX960M'),
	(1505, 'Non-Error', '2021-04-15 10:56:57', 'MCT-15'),
	(1506, 'Non-Error', '2021-04-15 10:56:58', 'F500/50'),
	(1507, 'Non-Error', '2021-04-15 10:57:02', 'F650/50-2'),
	(1508, 'Non-Error', '2021-04-15 10:57:02', 'F650/50-1'),
	(1509, 'Non-Error', '2021-04-15 10:57:02', 'VX960M'),
	(1510, 'Non-Error', '2021-04-15 10:57:05', 'MCT-15'),
	(1511, 'Non-Error', '2021-04-15 10:57:05', 'F500/50'),
	(1512, 'Non-Error', '2021-04-15 10:57:09', 'F650/50-1'),
	(1513, 'Non-Error', '2021-04-15 10:57:09', 'F650/50-2'),
	(1514, 'Non-Error', '2021-04-15 10:57:10', 'VX960M'),
	(1515, 'Non-Error', '2021-04-15 10:57:13', 'MCT-15'),
	(1516, 'Non-Error', '2021-04-15 10:57:13', 'F500/50'),
	(1517, 'Non-Error', '2021-04-15 10:57:17', 'F650/50-1'),
	(1518, 'Non-Error', '2021-04-15 10:57:17', 'F650/50-2'),
	(1519, 'Non-Error', '2021-04-15 10:57:17', 'VX960M'),
	(1520, 'Non-Error', '2021-04-15 10:57:20', 'MCT-15'),
	(1521, 'Non-Error', '2021-04-15 10:57:21', 'F500/50'),
	(1522, 'Non-Error', '2021-04-15 10:57:25', 'F650/50-1'),
	(1523, 'Non-Error', '2021-04-15 10:57:25', 'F650/50-2'),
	(1524, 'Non-Error', '2021-04-15 10:57:25', 'VX960M'),
	(1525, 'Non-Error', '2021-04-15 10:57:28', 'MCT-15'),
	(1526, 'Non-Error', '2021-04-15 10:57:29', 'F500/50'),
	(1527, 'Non-Error', '2021-04-15 10:57:33', 'F650/50-1'),
	(1528, 'Non-Error', '2021-04-15 10:57:33', 'F650/50-2'),
	(1529, 'Non-Error', '2021-04-15 10:57:33', 'VX960M'),
	(1530, 'Non-Error', '2021-04-15 10:57:36', 'MCT-15'),
	(1531, 'Non-Error', '2021-04-15 10:57:36', 'F500/50'),
	(1532, 'Non-Error', '2021-04-15 10:57:40', 'F650/50-1'),
	(1533, 'Non-Error', '2021-04-15 10:57:41', 'F650/50-2'),
	(1534, 'Non-Error', '2021-04-15 10:57:41', 'VX960M'),
	(1535, 'Non-Error', '2021-04-15 10:57:44', 'MCT-15'),
	(1536, 'Non-Error', '2021-04-15 10:57:44', 'F500/50'),
	(1537, 'Non-Error', '2021-04-15 10:57:48', 'F650/50-1'),
	(1538, 'Non-Error', '2021-04-15 10:57:48', 'F650/50-2'),
	(1539, 'Non-Error', '2021-04-15 10:57:49', 'VX960M'),
	(1540, 'Non-Error', '2021-04-15 10:57:51', 'MCT-15'),
	(1541, 'Non-Error', '2021-04-15 10:57:52', 'F500/50'),
	(1542, 'Non-Error', '2021-04-15 10:57:56', 'F650/50-1'),
	(1543, 'Non-Error', '2021-04-15 10:57:56', 'F650/50-2'),
	(1544, 'Non-Error', '2021-04-15 10:57:56', 'VX960M'),
	(1545, 'Non-Error', '2021-04-15 10:57:59', 'MCT-15'),
	(1546, 'Non-Error', '2021-04-15 10:58:00', 'F500/50'),
	(1547, 'Non-Error', '2021-04-15 10:58:04', 'F650/50-1'),
	(1548, 'Non-Error', '2021-04-15 10:58:04', 'F650/50-2'),
	(1549, 'Non-Error', '2021-04-15 10:58:04', 'VX960M'),
	(1550, 'Non-Error', '2021-04-15 10:58:07', 'MCT-15'),
	(1551, 'Non-Error', '2021-04-15 10:58:08', 'F500/50'),
	(1552, 'Non-Error', '2021-04-15 10:58:12', 'F650/50-1'),
	(1553, 'Non-Error', '2021-04-15 10:58:12', 'F650/50-2'),
	(1554, 'Non-Error', '2021-04-15 10:58:12', 'VX960M'),
	(1555, 'Non-Error', '2021-04-15 10:58:15', 'MCT-15'),
	(1556, 'Non-Error', '2021-04-15 10:58:15', 'F500/50'),
	(1557, 'Non-Error', '2021-04-15 10:58:19', 'F650/50-1'),
	(1558, 'Non-Error', '2021-04-15 10:58:19', 'F650/50-2'),
	(1559, 'Non-Error', '2021-04-15 10:58:20', 'VX960M'),
	(1560, 'Non-Error', '2021-04-15 10:58:23', 'MCT-15'),
	(1561, 'Non-Error', '2021-04-15 10:58:23', 'F500/50'),
	(1562, 'Non-Error', '2021-04-15 10:58:27', 'F650/50-1'),
	(1563, 'Non-Error', '2021-04-15 10:58:27', 'F650/50-2'),
	(1564, 'Non-Error', '2021-04-15 10:58:27', 'VX960M'),
	(1565, 'Non-Error', '2021-04-15 10:58:30', 'MCT-15'),
	(1566, 'Non-Error', '2021-04-15 10:58:31', 'F500/50'),
	(1567, 'Non-Error', '2021-04-15 10:58:35', 'F650/50-1'),
	(1568, 'Non-Error', '2021-04-15 10:58:35', 'F650/50-2'),
	(1569, 'Non-Error', '2021-04-15 10:58:35', 'VX960M'),
	(1570, 'Error', '2021-04-15 10:58:38', 'MCT-15'),
	(1571, 'Non-Error', '2021-04-15 10:58:39', 'F500/50'),
	(1572, 'Non-Error', '2021-04-15 10:58:43', 'F650/50-1'),
	(1573, 'Non-Error', '2021-04-15 10:58:43', 'F650/50-2'),
	(1574, 'Non-Error', '2021-04-15 10:58:43', 'VX960M'),
	(1575, 'Non-Error', '2021-04-15 10:58:46', 'MCT-15'),
	(1576, 'Non-Error', '2021-04-15 10:58:46', 'F500/50'),
	(1577, 'Non-Error', '2021-04-15 10:58:50', 'F650/50-1'),
	(1578, 'Non-Error', '2021-04-15 10:58:51', 'F650/50-2'),
	(1579, 'Non-Error', '2021-04-15 10:58:51', 'VX960M'),
	(1580, 'Non-Error', '2021-04-15 10:58:54', 'MCT-15'),
	(1581, 'Non-Error', '2021-04-15 10:58:54', 'F500/50'),
	(1582, 'Non-Error', '2021-04-15 10:58:58', 'F650/50-1'),
	(1583, 'Non-Error', '2021-04-15 10:58:58', 'F650/50-2'),
	(1584, 'Non-Error', '2021-04-15 10:58:59', 'VX960M'),
	(1585, 'Non-Error', '2021-04-15 10:59:02', 'MCT-15'),
	(1586, 'Non-Error', '2021-04-15 10:59:02', 'F500/50'),
	(1587, 'Non-Error', '2021-04-15 10:59:06', 'F650/50-1'),
	(1588, 'Non-Error', '2021-04-15 10:59:06', 'F650/50-2'),
	(1589, 'Non-Error', '2021-04-15 10:59:06', 'VX960M'),
	(1590, 'Non-Error', '2021-04-15 10:59:09', 'MCT-15'),
	(1591, 'Non-Error', '2021-04-15 10:59:10', 'F500/50'),
	(1592, 'Non-Error', '2021-04-15 10:59:14', 'F650/50-1'),
	(1593, 'Non-Error', '2021-04-15 10:59:14', 'F650/50-2'),
	(1594, 'Non-Error', '2021-04-15 10:59:14', 'VX960M'),
	(1595, 'Non-Error', '2021-04-15 10:59:17', 'MCT-15'),
	(1596, 'Non-Error', '2021-04-15 10:59:17', 'F500/50'),
	(1597, 'Non-Error', '2021-04-15 10:59:22', 'F650/50-1'),
	(1598, 'Non-Error', '2021-04-15 10:59:22', 'F650/50-2'),
	(1599, 'Non-Error', '2021-04-15 10:59:22', 'VX960M'),
	(1600, 'Non-Error', '2021-04-15 10:59:25', 'MCT-15'),
	(1601, 'Non-Error', '2021-04-15 10:59:25', 'F500/50'),
	(1602, 'Non-Error', '2021-04-15 10:59:29', 'F650/50-1'),
	(1603, 'Non-Error', '2021-04-15 10:59:29', 'F650/50-2'),
	(1604, 'Non-Error', '2021-04-15 10:59:30', 'VX960M'),
	(1605, 'Non-Error', '2021-04-15 10:59:33', 'MCT-15'),
	(1606, 'Non-Error', '2021-04-15 10:59:33', 'F500/50'),
	(1607, 'Non-Error', '2021-04-15 10:59:37', 'F650/50-1'),
	(1608, 'Non-Error', '2021-04-15 10:59:37', 'F650/50-2'),
	(1609, 'Non-Error', '2021-04-15 10:59:37', 'VX960M'),
	(1610, 'Non-Error', '2021-04-15 10:59:40', 'MCT-15'),
	(1611, 'Non-Error', '2021-04-15 10:59:41', 'F500/50'),
	(1612, 'Non-Error', '2021-04-15 10:59:45', 'F650/50-1'),
	(1613, 'Non-Error', '2021-04-15 10:59:45', 'F650/50-2'),
	(1614, 'Non-Error', '2021-04-15 10:59:45', 'VX960M'),
	(1615, 'Non-Error', '2021-04-15 10:59:48', 'MCT-15'),
	(1616, 'Non-Error', '2021-04-15 10:59:49', 'F500/50'),
	(1617, 'Non-Error', '2021-04-15 10:59:53', 'F650/50-1'),
	(1618, 'Non-Error', '2021-04-15 10:59:53', 'F650/50-2'),
	(1619, 'Non-Error', '2021-04-15 10:59:53', 'VX960M'),
	(1620, 'Non-Error', '2021-04-15 10:59:56', 'MCT-15'),
	(1621, 'Non-Error', '2021-04-15 10:59:56', 'F500/50'),
	(1622, 'Non-Error', '2021-04-15 11:00:00', 'F650/50-1'),
	(1623, 'Non-Error', '2021-04-15 11:00:01', 'F650/50-2'),
	(1624, 'Non-Error', '2021-04-15 11:00:01', 'VX960M'),
	(1625, 'Non-Error', '2021-04-15 11:00:04', 'MCT-15'),
	(1626, 'Non-Error', '2021-04-15 11:00:04', 'F500/50'),
	(1627, 'Non-Error', '2021-04-15 11:00:08', 'F650/50-1'),
	(1628, 'Non-Error', '2021-04-15 11:00:08', 'F650/50-2'),
	(1629, 'Non-Error', '2021-04-15 11:00:09', 'VX960M'),
	(1630, 'Non-Error', '2021-04-15 11:00:12', 'MCT-15'),
	(1631, 'Non-Error', '2021-04-15 11:00:12', 'F500/50'),
	(1632, 'Non-Error', '2021-04-15 11:00:16', 'F650/50-1'),
	(1633, 'Non-Error', '2021-04-15 11:00:16', 'F650/50-2'),
	(1634, 'Non-Error', '2021-04-15 11:00:16', 'VX960M'),
	(1635, 'Non-Error', '2021-04-15 11:00:19', 'MCT-15'),
	(1636, 'Non-Error', '2021-04-15 11:00:20', 'F500/50'),
	(1637, 'Non-Error', '2021-04-15 11:00:24', 'F650/50-1'),
	(1638, 'Non-Error', '2021-04-15 11:00:24', 'F650/50-2'),
	(1639, 'Non-Error', '2021-04-15 11:00:24', 'VX960M'),
	(1640, 'Non-Error', '2021-04-15 11:00:27', 'MCT-15'),
	(1641, 'Non-Error', '2021-04-15 11:00:27', 'F500/50'),
	(1642, 'Non-Error', '2021-04-15 11:00:31', 'F650/50-1'),
	(1643, 'Non-Error', '2021-04-15 11:00:32', 'F650/50-2'),
	(1644, 'Non-Error', '2021-04-15 11:00:32', 'VX960M'),
	(1645, 'Non-Error', '2021-04-15 11:00:35', 'MCT-15'),
	(1646, 'Non-Error', '2021-04-15 11:00:35', 'F500/50'),
	(1647, 'Non-Error', '2021-04-15 11:00:39', 'F650/50-1'),
	(1648, 'Non-Error', '2021-04-15 11:00:39', 'F650/50-2'),
	(1649, 'Non-Error', '2021-04-15 11:00:40', 'VX960M'),
	(1650, 'Non-Error', '2021-04-15 11:00:43', 'MCT-15'),
	(1651, 'Non-Error', '2021-04-15 11:00:43', 'F500/50'),
	(1652, 'Non-Error', '2021-04-15 11:00:47', 'F650/50-1'),
	(1653, 'Non-Error', '2021-04-15 11:00:47', 'F650/50-2'),
	(1654, 'Non-Error', '2021-04-15 11:00:47', 'VX960M'),
	(1655, 'Non-Error', '2021-04-15 11:00:50', 'MCT-15'),
	(1656, 'Non-Error', '2021-04-15 11:00:51', 'F500/50'),
	(1657, 'Non-Error', '2021-04-15 11:00:55', 'F650/50-1'),
	(1658, 'Non-Error', '2021-04-15 11:00:55', 'F650/50-2'),
	(1659, 'Non-Error', '2021-04-15 11:00:55', 'VX960M'),
	(1660, 'Non-Error', '2021-04-15 11:00:58', 'MCT-15'),
	(1661, 'Non-Error', '2021-04-15 11:00:59', 'F500/50'),
	(1662, 'Non-Error', '2021-04-15 11:01:03', 'F650/50-1'),
	(1663, 'Non-Error', '2021-04-15 11:01:03', 'F650/50-2'),
	(1664, 'Non-Error', '2021-04-15 11:01:03', 'VX960M'),
	(1665, 'Non-Error', '2021-04-15 11:01:06', 'MCT-15'),
	(1666, 'Non-Error', '2021-04-15 11:01:06', 'F500/50'),
	(1667, 'Non-Error', '2021-04-15 11:01:10', 'F650/50-1'),
	(1668, 'Non-Error', '2021-04-15 11:01:11', 'F650/50-2'),
	(1669, 'Non-Error', '2021-04-15 11:01:11', 'VX960M'),
	(1670, 'Non-Error', '2021-04-15 11:01:14', 'MCT-15'),
	(1671, 'Non-Error', '2021-04-15 11:01:14', 'F500/50'),
	(1672, 'Non-Error', '2021-04-15 11:01:18', 'F650/50-1'),
	(1673, 'Non-Error', '2021-04-15 11:01:18', 'F650/50-2'),
	(1674, 'Non-Error', '2021-04-15 11:01:19', 'VX960M'),
	(1675, 'Non-Error', '2021-04-15 11:01:22', 'MCT-15'),
	(1676, 'Non-Error', '2021-04-15 11:01:22', 'F500/50'),
	(1677, 'Non-Error', '2021-04-15 11:01:26', 'F650/50-1'),
	(1678, 'Non-Error', '2021-04-15 11:01:26', 'F650/50-2'),
	(1679, 'Non-Error', '2021-04-15 11:01:26', 'VX960M'),
	(1680, 'Non-Error', '2021-04-15 11:01:29', 'MCT-15'),
	(1681, 'Non-Error', '2021-04-15 11:01:30', 'F500/50'),
	(1682, 'Non-Error', '2021-04-15 11:01:34', 'F650/50-1'),
	(1683, 'Non-Error', '2021-04-15 11:01:34', 'F650/50-2'),
	(1684, 'Non-Error', '2021-04-15 11:01:34', 'VX960M'),
	(1685, 'Non-Error', '2021-04-15 11:01:37', 'MCT-15'),
	(1686, 'Non-Error', '2021-04-15 11:01:37', 'F500/50'),
	(1687, 'Non-Error', '2021-04-15 11:01:41', 'F650/50-1'),
	(1688, 'Non-Error', '2021-04-15 11:01:42', 'F650/50-2'),
	(1689, 'Non-Error', '2021-04-15 11:01:42', 'VX960M'),
	(1690, 'Non-Error', '2021-04-15 11:01:45', 'MCT-15'),
	(1691, 'Non-Error', '2021-04-15 11:01:45', 'F500/50'),
	(1692, 'Non-Error', '2021-04-15 11:01:49', 'F650/50-1'),
	(1693, 'Non-Error', '2021-04-15 11:01:50', 'F650/50-2'),
	(1694, 'Non-Error', '2021-04-15 11:01:50', 'VX960M'),
	(1695, 'Non-Error', '2021-04-15 11:01:53', 'MCT-15'),
	(1696, 'Non-Error', '2021-04-15 11:01:53', 'F500/50'),
	(1697, 'Non-Error', '2021-04-15 11:01:57', 'F650/50-1'),
	(1698, 'Non-Error', '2021-04-15 11:01:57', 'F650/50-2'),
	(1699, 'Non-Error', '2021-04-15 11:01:57', 'VX960M'),
	(1700, 'Non-Error', '2021-04-15 11:02:01', 'MCT-15'),
	(1701, 'Non-Error', '2021-04-15 11:02:01', 'F500/50'),
	(1702, 'Non-Error', '2021-04-15 11:02:05', 'F650/50-1'),
	(1703, 'Non-Error', '2021-04-15 11:02:05', 'F650/50-2'),
	(1704, 'Non-Error', '2021-04-15 11:02:05', 'VX960M'),
	(1705, 'Non-Error', '2021-04-15 11:02:08', 'MCT-15'),
	(1706, 'Non-Error', '2021-04-15 11:02:08', 'F500/50'),
	(1707, 'Non-Error', '2021-04-15 11:02:13', 'F650/50-1'),
	(1708, 'Non-Error', '2021-04-15 11:02:13', 'F650/50-2'),
	(1709, 'Non-Error', '2021-04-15 11:02:13', 'VX960M'),
	(1710, 'Non-Error', '2021-04-15 11:02:16', 'MCT-15'),
	(1711, 'Non-Error', '2021-04-15 11:02:16', 'F500/50'),
	(1712, 'Non-Error', '2021-04-15 11:02:20', 'F650/50-1'),
	(1713, 'Non-Error', '2021-04-15 11:02:21', 'F650/50-2'),
	(1714, 'Non-Error', '2021-04-15 11:02:21', 'VX960M'),
	(1715, 'Non-Error', '2021-04-15 11:02:24', 'MCT-15'),
	(1716, 'Non-Error', '2021-04-15 11:02:24', 'F500/50'),
	(1717, 'Non-Error', '2021-04-15 11:02:28', 'F650/50-1'),
	(1718, 'Non-Error', '2021-04-15 11:02:28', 'F650/50-2'),
	(1719, 'Non-Error', '2021-04-15 11:02:29', 'VX960M'),
	(1720, 'Non-Error', '2021-04-15 11:02:32', 'MCT-15'),
	(1721, 'Non-Error', '2021-04-15 11:02:32', 'F500/50'),
	(1722, 'Non-Error', '2021-04-15 11:02:36', 'F650/50-1'),
	(1723, 'Non-Error', '2021-04-15 11:02:36', 'F650/50-2'),
	(1724, 'Non-Error', '2021-04-15 11:02:36', 'VX960M'),
	(1725, 'Non-Error', '2021-04-15 11:02:39', 'MCT-15'),
	(1726, 'Non-Error', '2021-04-15 11:02:40', 'F500/50'),
	(1727, 'Non-Error', '2021-04-15 11:02:44', 'F650/50-1'),
	(1728, 'Non-Error', '2021-04-15 11:02:44', 'F650/50-2'),
	(1729, 'Non-Error', '2021-04-15 11:02:44', 'VX960M'),
	(1730, 'Non-Error', '2021-04-15 11:02:47', 'MCT-15'),
	(1731, 'Non-Error', '2021-04-15 11:02:47', 'F500/50'),
	(1732, 'Non-Error', '2021-04-15 11:02:51', 'F650/50-1'),
	(1733, 'Non-Error', '2021-04-15 11:02:52', 'F650/50-2'),
	(1734, 'Non-Error', '2021-04-15 11:02:52', 'VX960M'),
	(1735, 'Non-Error', '2021-04-15 11:02:55', 'MCT-15'),
	(1736, 'Non-Error', '2021-04-15 11:02:55', 'F500/50'),
	(1737, 'Non-Error', '2021-04-15 11:02:59', 'F650/50-1'),
	(1738, 'Non-Error', '2021-04-15 11:03:00', 'F650/50-2'),
	(1739, 'Non-Error', '2021-04-15 11:03:00', 'VX960M'),
	(1740, 'Non-Error', '2021-04-15 11:03:03', 'MCT-15'),
	(1741, 'Non-Error', '2021-04-15 11:03:03', 'F500/50'),
	(1742, 'Non-Error', '2021-04-15 11:03:07', 'F650/50-1'),
	(1743, 'Non-Error', '2021-04-15 11:03:07', 'F650/50-2'),
	(1744, 'Non-Error', '2021-04-15 11:03:07', 'VX960M'),
	(1745, 'Non-Error', '2021-04-15 11:03:11', 'MCT-15'),
	(1746, 'Non-Error', '2021-04-15 11:03:11', 'F500/50'),
	(1747, 'Non-Error', '2021-04-15 11:03:15', 'F650/50-1'),
	(1748, 'Non-Error', '2021-04-15 11:03:15', 'F650/50-2'),
	(1749, 'Non-Error', '2021-04-15 11:03:15', 'VX960M'),
	(1750, 'Non-Error', '2021-04-15 11:03:18', 'MCT-15'),
	(1751, 'Non-Error', '2021-04-15 11:03:18', 'F500/50'),
	(1752, 'Non-Error', '2021-04-15 11:03:23', 'F650/50-1'),
	(1753, 'Non-Error', '2021-04-15 11:03:23', 'F650/50-2'),
	(1754, 'Non-Error', '2021-04-15 11:03:23', 'VX960M'),
	(1755, 'Non-Error', '2021-04-15 11:03:26', 'F500/50'),
	(1756, 'Non-Error', '2021-04-15 11:03:26', 'MCT-15'),
	(1757, 'Non-Error', '2021-04-15 11:03:30', 'F650/50-1'),
	(1758, 'Non-Error', '2021-04-15 11:03:31', 'F650/50-2'),
	(1759, 'Non-Error', '2021-04-15 11:03:31', 'VX960M'),
	(1760, 'Non-Error', '2021-04-15 11:03:34', 'F500/50'),
	(1761, 'Non-Error', '2021-04-15 11:03:34', 'MCT-15'),
	(1762, 'Non-Error', '2021-04-15 11:03:38', 'F650/50-1'),
	(1763, 'Non-Error', '2021-04-15 11:03:38', 'F650/50-2'),
	(1764, 'Non-Error', '2021-04-15 11:03:39', 'VX960M'),
	(1765, 'Non-Error', '2021-04-15 11:03:42', 'F500/50'),
	(1766, 'Non-Error', '2021-04-15 11:03:42', 'MCT-15'),
	(1767, 'Non-Error', '2021-04-15 11:03:46', 'F650/50-1'),
	(1768, 'Non-Error', '2021-04-15 11:03:46', 'F650/50-2'),
	(1769, 'Non-Error', '2021-04-15 11:03:46', 'VX960M'),
	(1770, 'Non-Error', '2021-04-15 11:03:49', 'F500/50'),
	(1771, 'Non-Error', '2021-04-15 11:03:50', 'MCT-15'),
	(1772, 'Non-Error', '2021-04-15 11:03:54', 'F650/50-1'),
	(1773, 'Non-Error', '2021-04-15 11:03:54', 'F650/50-2'),
	(1774, 'Non-Error', '2021-04-15 11:03:54', 'VX960M'),
	(1775, 'Non-Error', '2021-04-15 11:03:57', 'F500/50'),
	(1776, 'Non-Error', '2021-04-15 11:03:57', 'MCT-15'),
	(1777, 'Non-Error', '2021-04-15 11:04:01', 'F650/50-1'),
	(1778, 'Non-Error', '2021-04-15 11:04:02', 'F650/50-2'),
	(1779, 'Non-Error', '2021-04-15 11:04:02', 'VX960M'),
	(1780, 'Non-Error', '2021-04-15 11:04:05', 'F500/50'),
	(1781, 'Non-Error', '2021-04-15 11:04:05', 'MCT-15'),
	(1782, 'Non-Error', '2021-04-15 11:04:09', 'F650/50-1'),
	(1783, 'Non-Error', '2021-04-15 11:04:10', 'F650/50-2'),
	(1784, 'Non-Error', '2021-04-15 11:04:10', 'VX960M'),
	(1785, 'Non-Error', '2021-04-15 11:04:13', 'F500/50'),
	(1786, 'Non-Error', '2021-04-15 11:04:13', 'MCT-15'),
	(1787, 'Non-Error', '2021-04-15 11:04:17', 'F650/50-1'),
	(1788, 'Non-Error', '2021-04-15 11:04:17', 'F650/50-2'),
	(1789, 'Non-Error', '2021-04-15 11:04:17', 'VX960M'),
	(1790, 'Non-Error', '2021-04-15 11:04:21', 'F500/50'),
	(1791, 'Non-Error', '2021-04-15 11:04:21', 'MCT-15'),
	(1792, 'Non-Error', '2021-04-15 11:04:25', 'F650/50-1'),
	(1793, 'Non-Error', '2021-04-15 11:04:25', 'F650/50-2'),
	(1794, 'Non-Error', '2021-04-15 11:04:25', 'VX960M'),
	(1795, 'Non-Error', '2021-04-15 11:04:28', 'F500/50'),
	(1796, 'Non-Error', '2021-04-15 11:04:28', 'MCT-15'),
	(1797, 'Non-Error', '2021-04-15 11:04:33', 'F650/50-1'),
	(1798, 'Non-Error', '2021-04-15 11:04:33', 'F650/50-2'),
	(1799, 'Non-Error', '2021-04-15 11:04:33', 'VX960M'),
	(1800, 'Non-Error', '2021-04-15 11:04:36', 'F500/50'),
	(1801, 'Non-Error', '2021-04-15 11:04:36', 'MCT-15'),
	(1802, 'Non-Error', '2021-04-15 11:04:40', 'F650/50-1'),
	(1803, 'Non-Error', '2021-04-15 11:04:41', 'F650/50-2'),
	(1804, 'Non-Error', '2021-04-15 11:04:41', 'VX960M'),
	(1805, 'Non-Error', '2021-04-15 11:04:44', 'F500/50'),
	(1806, 'Non-Error', '2021-04-15 11:04:44', 'MCT-15'),
	(1807, 'Non-Error', '2021-04-15 11:04:48', 'F650/50-1'),
	(1808, 'Non-Error', '2021-04-15 11:04:48', 'F650/50-2'),
	(1809, 'Non-Error', '2021-04-15 11:04:48', 'VX960M'),
	(1810, 'Non-Error', '2021-04-15 11:04:52', 'F500/50'),
	(1811, 'Non-Error', '2021-04-15 11:04:52', 'MCT-15'),
	(1812, 'Non-Error', '2021-04-15 11:04:56', 'F650/50-1'),
	(1813, 'Non-Error', '2021-04-15 11:04:56', 'F650/50-2'),
	(1814, 'Non-Error', '2021-04-15 11:04:56', 'VX960M'),
	(1815, 'Non-Error', '2021-04-15 11:04:59', 'F500/50'),
	(1816, 'Non-Error', '2021-04-15 11:05:00', 'MCT-15'),
	(1817, 'Non-Error', '2021-04-15 11:05:04', 'F650/50-1'),
	(1818, 'Non-Error', '2021-04-15 11:05:04', 'F650/50-2'),
	(1819, 'Non-Error', '2021-04-15 11:05:04', 'VX960M'),
	(1820, 'Non-Error', '2021-04-15 11:05:07', 'F500/50'),
	(1821, 'Non-Error', '2021-04-15 11:05:07', 'MCT-15'),
	(1822, 'Non-Error', '2021-04-15 11:05:11', 'F650/50-1'),
	(1823, 'Non-Error', '2021-04-15 11:05:12', 'F650/50-2'),
	(1824, 'Non-Error', '2021-04-15 11:05:12', 'VX960M'),
	(1825, 'Non-Error', '2021-04-15 11:05:15', 'F500/50'),
	(1826, 'Non-Error', '2021-04-15 11:05:15', 'MCT-15'),
	(1827, 'Non-Error', '2021-04-15 11:05:19', 'F650/50-1'),
	(1828, 'Non-Error', '2021-04-15 11:05:20', 'F650/50-2'),
	(1829, 'Non-Error', '2021-04-15 11:05:20', 'VX960M'),
	(1830, 'Non-Error', '2021-04-15 11:05:23', 'F500/50'),
	(1831, 'Non-Error', '2021-04-15 11:05:23', 'MCT-15'),
	(1832, 'Non-Error', '2021-04-15 11:05:27', 'F650/50-1'),
	(1833, 'Non-Error', '2021-04-15 11:05:27', 'F650/50-2'),
	(1834, 'Non-Error', '2021-04-15 11:05:27', 'VX960M'),
	(1835, 'Non-Error', '2021-04-15 11:05:31', 'F500/50'),
	(1836, 'Non-Error', '2021-04-15 11:05:31', 'MCT-15'),
	(1837, 'Non-Error', '2021-04-15 11:05:35', 'F650/50-1'),
	(1838, 'Non-Error', '2021-04-15 11:05:35', 'F650/50-2'),
	(1839, 'Non-Error', '2021-04-15 11:05:35', 'VX960M'),
	(1840, 'Non-Error', '2021-04-15 11:05:38', 'F500/50'),
	(1841, 'Non-Error', '2021-04-15 11:05:38', 'MCT-15'),
	(1842, 'Non-Error', '2021-04-15 11:05:42', 'F650/50-1'),
	(1843, 'Non-Error', '2021-04-15 11:05:43', 'F650/50-2'),
	(1844, 'Non-Error', '2021-04-15 11:05:43', 'VX960M'),
	(1845, 'Non-Error', '2021-04-15 11:05:46', 'F500/50'),
	(1846, 'Non-Error', '2021-04-15 11:05:46', 'MCT-15'),
	(1847, 'Non-Error', '2021-04-15 11:05:50', 'F650/50-1'),
	(1848, 'Non-Error', '2021-04-15 11:05:51', 'F650/50-2'),
	(1849, 'Non-Error', '2021-04-15 11:05:51', 'VX960M'),
	(1850, 'Non-Error', '2021-04-15 11:05:54', 'F500/50'),
	(1851, 'Non-Error', '2021-04-15 11:05:54', 'MCT-15'),
	(1852, 'Non-Error', '2021-04-15 11:05:58', 'F650/50-1'),
	(1853, 'Non-Error', '2021-04-15 11:05:58', 'F650/50-2'),
	(1854, 'Non-Error', '2021-04-15 11:05:58', 'VX960M'),
	(1855, 'Non-Error', '2021-04-15 11:06:02', 'F500/50'),
	(1856, 'Non-Error', '2021-04-15 11:06:02', 'MCT-15'),
	(1857, 'Non-Error', '2021-04-15 11:06:06', 'F650/50-1'),
	(1858, 'Non-Error', '2021-04-15 11:06:06', 'F650/50-2'),
	(1859, 'Non-Error', '2021-04-15 11:06:06', 'VX960M'),
	(1860, 'Non-Error', '2021-04-15 11:06:09', 'F500/50'),
	(1861, 'Non-Error', '2021-04-15 11:06:10', 'MCT-15'),
	(1862, 'Non-Error', '2021-04-15 11:06:14', 'F650/50-1'),
	(1863, 'Non-Error', '2021-04-15 11:06:14', 'F650/50-2'),
	(1864, 'Non-Error', '2021-04-15 11:06:14', 'VX960M'),
	(1865, 'Non-Error', '2021-04-15 11:06:17', 'F500/50'),
	(1866, 'Non-Error', '2021-04-15 11:06:17', 'MCT-15'),
	(1867, 'Non-Error', '2021-04-15 11:06:21', 'F650/50-1'),
	(1868, 'Non-Error', '2021-04-15 11:06:22', 'F650/50-2'),
	(1869, 'Non-Error', '2021-04-15 11:06:22', 'VX960M'),
	(1870, 'Non-Error', '2021-04-15 11:06:25', 'F500/50'),
	(1871, 'Non-Error', '2021-04-15 11:06:25', 'MCT-15'),
	(1872, 'Non-Error', '2021-04-15 11:06:29', 'F650/50-1'),
	(1873, 'Non-Error', '2021-04-15 11:06:30', 'F650/50-2'),
	(1874, 'Non-Error', '2021-04-15 11:06:30', 'VX960M'),
	(1875, 'Non-Error', '2021-04-15 11:06:33', 'F500/50'),
	(1876, 'Non-Error', '2021-04-15 11:06:33', 'MCT-15'),
	(1877, 'Non-Error', '2021-04-15 11:06:37', 'F650/50-1'),
	(1878, 'Non-Error', '2021-04-15 11:06:37', 'F650/50-2'),
	(1879, 'Non-Error', '2021-04-15 11:06:37', 'VX960M'),
	(1880, 'Non-Error', '2021-04-15 11:06:40', 'F500/50'),
	(1881, 'Non-Error', '2021-04-15 11:06:41', 'MCT-15'),
	(1882, 'Non-Error', '2021-04-15 11:06:45', 'F650/50-1'),
	(1883, 'Non-Error', '2021-04-15 11:06:45', 'F650/50-2'),
	(1884, 'Non-Error', '2021-04-15 11:06:45', 'VX960M'),
	(1885, 'Non-Error', '2021-04-15 11:06:48', 'F500/50'),
	(1886, 'Non-Error', '2021-04-15 11:06:49', 'MCT-15'),
	(1887, 'Non-Error', '2021-04-15 11:06:52', 'F650/50-1'),
	(1888, 'Non-Error', '2021-04-15 11:06:53', 'F650/50-2'),
	(1889, 'Non-Error', '2021-04-15 11:06:53', 'VX960M'),
	(1890, 'Non-Error', '2021-04-15 11:06:56', 'F500/50'),
	(1891, 'Non-Error', '2021-04-15 11:06:56', 'MCT-15'),
	(1892, 'Non-Error', '2021-04-15 11:07:00', 'F650/50-1'),
	(1893, 'Non-Error', '2021-04-15 11:07:01', 'F650/50-2'),
	(1894, 'Non-Error', '2021-04-15 11:07:01', 'VX960M'),
	(1895, 'Non-Error', '2021-04-15 11:07:04', 'F500/50'),
	(1896, 'Non-Error', '2021-04-15 11:07:04', 'MCT-15'),
	(1897, 'Non-Error', '2021-04-15 11:07:08', 'F650/50-1'),
	(1898, 'Non-Error', '2021-04-15 11:07:08', 'F650/50-2'),
	(1899, 'Non-Error', '2021-04-15 11:07:08', 'VX960M'),
	(1900, 'Non-Error', '2021-04-15 11:07:12', 'F500/50'),
	(1901, 'Non-Error', '2021-04-15 11:07:12', 'MCT-15'),
	(1902, 'Non-Error', '2021-04-15 11:07:16', 'F650/50-1'),
	(1903, 'Non-Error', '2021-04-15 11:07:16', 'F650/50-2'),
	(1904, 'Non-Error', '2021-04-15 11:07:16', 'VX960M'),
	(1905, 'Non-Error', '2021-04-15 11:07:19', 'F500/50'),
	(1906, 'Non-Error', '2021-04-15 11:07:20', 'MCT-15'),
	(1907, 'Non-Error', '2021-04-15 11:07:24', 'F650/50-1'),
	(1908, 'Non-Error', '2021-04-15 11:07:24', 'VX960M'),
	(1909, 'Non-Error', '2021-04-15 11:07:24', 'F650/50-2'),
	(1910, 'Non-Error', '2021-04-15 11:07:27', 'F500/50'),
	(1911, 'Non-Error', '2021-04-15 11:07:27', 'MCT-15'),
	(1912, 'Non-Error', '2021-04-15 11:07:31', 'F650/50-1'),
	(1913, 'Non-Error', '2021-04-15 11:07:32', 'VX960M'),
	(1914, 'Non-Error', '2021-04-15 11:07:32', 'F650/50-2'),
	(1915, 'Non-Error', '2021-04-15 11:07:35', 'F500/50'),
	(1916, 'Non-Error', '2021-04-15 11:07:35', 'MCT-15'),
	(1917, 'Non-Error', '2021-04-15 11:07:39', 'F650/50-1'),
	(1918, 'Non-Error', '2021-04-15 11:07:40', 'VX960M'),
	(1919, 'Non-Error', '2021-04-15 11:07:40', 'F650/50-2'),
	(1920, 'Non-Error', '2021-04-15 11:07:43', 'F500/50'),
	(1921, 'Non-Error', '2021-04-15 11:07:43', 'MCT-15'),
	(1922, 'Non-Error', '2021-04-15 11:07:47', 'F650/50-1'),
	(1923, 'Non-Error', '2021-04-15 11:07:47', 'VX960M'),
	(1924, 'Non-Error', '2021-04-15 11:07:47', 'F650/50-2'),
	(1925, 'Non-Error', '2021-04-15 11:07:50', 'F500/50'),
	(1926, 'Non-Error', '2021-04-15 11:07:51', 'MCT-15'),
	(1927, 'Non-Error', '2021-04-15 11:07:55', 'F650/50-1'),
	(1928, 'Non-Error', '2021-04-15 11:07:55', 'VX960M'),
	(1929, 'Non-Error', '2021-04-15 11:07:55', 'F650/50-2'),
	(1930, 'Non-Error', '2021-04-15 11:07:58', 'F500/50'),
	(1931, 'Non-Error', '2021-04-15 11:07:59', 'MCT-15'),
	(1932, 'Non-Error', '2021-04-15 11:08:02', 'F650/50-1'),
	(1933, 'Non-Error', '2021-04-15 11:08:03', 'VX960M'),
	(1934, 'Non-Error', '2021-04-15 11:08:03', 'F650/50-2'),
	(1935, 'Non-Error', '2021-04-15 11:08:06', 'F500/50'),
	(1936, 'Non-Error', '2021-04-15 11:08:06', 'MCT-15'),
	(1937, 'Non-Error', '2021-04-15 11:08:10', 'F650/50-1'),
	(1938, 'Non-Error', '2021-04-15 11:08:11', 'VX960M'),
	(1939, 'Non-Error', '2021-04-15 11:08:11', 'F650/50-2'),
	(1940, 'Non-Error', '2021-04-15 11:08:14', 'F500/50'),
	(1941, 'Non-Error', '2021-04-15 11:08:14', 'MCT-15'),
	(1942, 'Non-Error', '2021-04-15 11:08:18', 'F650/50-1'),
	(1943, 'Non-Error', '2021-04-15 11:08:18', 'VX960M'),
	(1944, 'Non-Error', '2021-04-15 11:08:19', 'F650/50-2'),
	(1945, 'Non-Error', '2021-04-15 11:08:21', 'F500/50'),
	(1946, 'Non-Error', '2021-04-15 11:08:22', 'MCT-15'),
	(1947, 'Non-Error', '2021-04-15 11:08:26', 'F650/50-1'),
	(1948, 'Non-Error', '2021-04-15 11:08:26', 'VX960M'),
	(1949, 'Non-Error', '2021-04-15 11:08:26', 'F650/50-2'),
	(1950, 'Non-Error', '2021-04-15 11:08:29', 'F500/50'),
	(1951, 'Non-Error', '2021-04-15 11:08:30', 'MCT-15'),
	(1952, 'Non-Error', '2021-04-15 11:08:33', 'F650/50-1'),
	(1953, 'Non-Error', '2021-04-15 11:08:34', 'VX960M'),
	(1954, 'Non-Error', '2021-04-15 11:08:34', 'F650/50-2'),
	(1955, 'Non-Error', '2021-04-15 11:08:37', 'F500/50'),
	(1956, 'Non-Error', '2021-04-15 11:08:38', 'MCT-15'),
	(1957, 'Non-Error', '2021-04-15 11:08:41', 'F650/50-1'),
	(1958, 'Non-Error', '2021-04-15 11:08:42', 'VX960M'),
	(1959, 'Non-Error', '2021-04-15 11:08:42', 'F650/50-2'),
	(1960, 'Non-Error', '2021-04-15 11:08:45', 'F500/50'),
	(1961, 'Non-Error', '2021-04-15 11:08:45', 'MCT-15'),
	(1962, 'Non-Error', '2021-04-15 11:08:49', 'F650/50-1'),
	(1963, 'Non-Error', '2021-04-15 11:08:50', 'VX960M'),
	(1964, 'Non-Error', '2021-04-15 11:08:50', 'F650/50-2'),
	(1965, 'Non-Error', '2021-04-15 11:08:53', 'F500/50'),
	(1966, 'Non-Error', '2021-04-15 11:08:53', 'MCT-15'),
	(1967, 'Non-Error', '2021-04-15 11:08:57', 'F650/50-1'),
	(1968, 'Non-Error', '2021-04-15 11:08:57', 'VX960M'),
	(1969, 'Non-Error', '2021-04-15 11:08:57', 'F650/50-2'),
	(1970, 'Non-Error', '2021-04-15 11:09:00', 'F500/50'),
	(1971, 'Non-Error', '2021-04-15 11:09:01', 'MCT-15'),
	(1972, 'Non-Error', '2021-04-15 11:09:05', 'F650/50-1'),
	(1973, 'Non-Error', '2021-04-15 11:09:05', 'VX960M'),
	(1974, 'Non-Error', '2021-04-15 11:09:05', 'F650/50-2'),
	(1975, 'Non-Error', '2021-04-15 11:09:08', 'F500/50'),
	(1976, 'Non-Error', '2021-04-15 11:09:09', 'MCT-15'),
	(1977, 'Non-Error', '2021-04-15 11:09:12', 'F650/50-1'),
	(1978, 'Non-Error', '2021-04-15 11:09:13', 'VX960M'),
	(1979, 'Non-Error', '2021-04-15 11:09:13', 'F650/50-2'),
	(1980, 'Non-Error', '2021-04-15 11:09:16', 'F500/50'),
	(1981, 'Non-Error', '2021-04-15 11:09:16', 'MCT-15'),
	(1982, 'Non-Error', '2021-04-15 11:09:20', 'F650/50-1'),
	(1983, 'Non-Error', '2021-04-15 11:09:21', 'VX960M'),
	(1984, 'Non-Error', '2021-04-15 11:09:21', 'F650/50-2'),
	(1985, 'Non-Error', '2021-04-15 11:09:24', 'F500/50'),
	(1986, 'Non-Error', '2021-04-15 11:09:24', 'MCT-15'),
	(1987, 'Non-Error', '2021-04-15 11:09:28', 'F650/50-1'),
	(1988, 'Non-Error', '2021-04-15 11:09:28', 'VX960M'),
	(1989, 'Non-Error', '2021-04-15 11:09:29', 'F650/50-2'),
	(1990, 'Non-Error', '2021-04-15 11:09:31', 'F500/50'),
	(1991, 'Non-Error', '2021-04-15 11:09:32', 'MCT-15'),
	(1992, 'Non-Error', '2021-04-15 11:09:36', 'F650/50-1'),
	(1993, 'Non-Error', '2021-04-15 11:09:36', 'VX960M'),
	(1994, 'Non-Error', '2021-04-15 11:09:36', 'F650/50-2'),
	(1995, 'Non-Error', '2021-04-15 11:09:39', 'F500/50'),
	(1996, 'Non-Error', '2021-04-15 11:09:40', 'MCT-15'),
	(1997, 'Non-Error', '2021-04-15 11:09:43', 'F650/50-1'),
	(1998, 'Non-Error', '2021-04-15 11:09:44', 'VX960M'),
	(1999, 'Non-Error', '2021-04-15 11:09:44', 'F650/50-2'),
	(2000, 'Non-Error', '2021-04-15 11:09:47', 'F500/50'),
	(2001, 'Non-Error', '2021-04-15 11:09:48', 'MCT-15'),
	(2002, 'Non-Error', '2021-04-15 11:09:51', 'F650/50-1'),
	(2003, 'Non-Error', '2021-04-15 11:09:52', 'VX960M'),
	(2004, 'Non-Error', '2021-04-15 11:09:52', 'F650/50-2'),
	(2005, 'Non-Error', '2021-04-15 11:09:55', 'F500/50'),
	(2006, 'Non-Error', '2021-04-15 11:09:55', 'MCT-15'),
	(2007, 'Non-Error', '2021-04-15 11:09:59', 'F650/50-1'),
	(2008, 'Non-Error', '2021-04-15 11:10:00', 'VX960M'),
	(2009, 'Non-Error', '2021-04-15 11:10:00', 'F650/50-2'),
	(2010, 'Non-Error', '2021-04-15 11:10:02', 'F500/50'),
	(2011, 'Non-Error', '2021-04-15 11:10:03', 'MCT-15'),
	(2012, 'Non-Error', '2021-04-15 11:10:07', 'F650/50-1'),
	(2013, 'Non-Error', '2021-04-15 11:10:07', 'VX960M'),
	(2014, 'Non-Error', '2021-04-15 11:10:07', 'MCT-21'),
	(2015, 'Non-Error', '2021-04-15 11:10:10', 'F500/50'),
	(2016, 'Non-Error', '2021-04-15 11:10:11', 'MCT-15'),
	(2017, 'Non-Error', '2021-04-15 11:10:15', '오면가공기'),
	(2018, 'Non-Error', '2021-04-15 11:10:15', 'VX960M'),
	(2019, 'Non-Error', '2021-04-15 11:10:15', 'F650/50-2'),
	(2020, 'Non-Error', '2021-04-15 11:10:18', 'F500/50'),
	(2021, 'Non-Error', '2021-04-15 11:10:19', 'MCT-15'),
	(2022, 'Non-Error', '2021-04-15 11:10:22', 'F650/50-1'),
	(2023, 'Non-Error', '2021-04-15 11:10:23', 'VX960M'),
	(2024, 'Non-Error', '2021-04-15 11:10:23', 'F650/50-2'),
	(2025, 'Non-Error', '2021-04-15 11:10:26', 'F500/50'),
	(2026, 'Non-Error', '2021-04-15 11:10:27', 'MCT-15'),
	(2027, 'Non-Error', '2021-04-15 11:10:30', 'F650/50-1'),
	(2028, 'Non-Error', '2021-04-15 11:10:31', 'VX960M'),
	(2029, 'Non-Error', '2021-04-15 11:10:31', 'F650/50-2'),
	(2030, 'Non-Error', '2021-04-15 11:10:34', 'F500/50'),
	(2031, 'Non-Error', '2021-04-15 11:10:34', 'MCT-15'),
	(2032, 'Non-Error', '2021-04-15 11:10:38', 'F650/50-1'),
	(2033, 'Non-Error', '2021-04-15 11:10:38', 'VX960M'),
	(2034, 'Non-Error', '2021-04-15 11:10:39', 'F650/50-2'),
	(2035, 'Non-Error', '2021-04-15 11:10:41', 'F500/50'),
	(2036, 'Non-Error', '2021-10-08 14:38:53', 'MCT-15'),
	(2037, 'Non-Error', '2021-10-08 14:38:56', 'MCT-15'),
	(2038, 'Non-Error', '2021-10-08 14:39:01', 'MCT-15'),
	(2039, 'Non-Error', '2021-10-08 14:39:09', 'MCT-15'),
	(2040, 'Non-Error', '2021-10-08 14:39:17', 'MCT-15'),
	(2041, 'Non-Error', '2021-10-08 14:39:25', 'MCT-15'),
	(2042, 'Non-Error', '2021-10-08 14:39:33', 'MCT-15'),
	(2043, 'Non-Error', '2021-10-08 14:39:41', 'MCT-15'),
	(2044, 'Non-Error', '2021-10-08 14:39:49', 'MCT-15'),
	(2045, 'Non-Error', '2021-10-08 14:39:58', 'MCT-15'),
	(2046, 'Non-Error', '2021-10-08 14:40:06', 'MCT-15'),
	(2047, 'Non-Error', '2021-10-08 14:40:14', 'MCT-15'),
	(2048, 'Non-Error', '2021-10-08 14:40:22', 'MCT-15'),
	(2049, 'Non-Error', '2021-10-08 14:40:30', 'MCT-15'),
	(2050, 'Non-Error', '2021-10-08 14:40:32', 'MCT-15'),
	(2051, 'Non-Error', '2021-10-08 14:40:38', 'MCT-15'),
	(2052, 'Non-Error', '2021-10-08 14:40:46', 'MCT-15'),
	(2053, 'Non-Error', '2021-10-08 14:40:54', 'MCT-15'),
	(2054, 'Non-Error', '2021-10-08 14:41:02', 'MCT-15'),
	(2055, 'Non-Error', '2021-10-08 14:41:10', 'MCT-15'),
	(2056, 'Non-Error', '2021-10-08 14:41:18', 'MCT-15'),
	(2057, 'Non-Error', '2021-10-08 14:41:26', 'MCT-15'),
	(2058, 'Non-Error', '2021-10-08 14:41:34', 'MCT-15'),
	(2060, 'Non-Error', '2021-10-08 14:41:42', 'MCT-15'),
	(2061, 'Non-Error', '2021-10-08 14:41:50', 'MCT-15'),
	(2062, 'Oeration', '2021-10-08 14:41:55', 'MCT-15'),
	(2063, 'Non-Error', '2021-10-08 14:41:58', 'MCT-15'),
	(2064, 'Non-Error', '2021-10-08 14:42:07', 'MCT-15'),
	(2065, 'Non-Error', '2021-10-08 14:42:15', 'MCT-15'),
	(2066, 'Non-Error', '2021-10-08 14:42:23', 'MCT-15'),
	(2067, 'Non-Error', '2021-10-08 14:42:31', 'MCT-15'),
	(2068, 'Non-Error', '2021-10-08 15:23:43', 'VX960M'),
	(2069, 'Non-Error', '2021-10-08 15:23:51', 'VX960M'),
	(2070, 'Non-Error', '2021-10-08 15:23:58', 'VX960M'),
	(2071, 'Non-Error', '2021-10-08 15:24:06', 'VX960M'),
	(2072, 'Non-Error', '2021-10-08 15:24:14', 'VX960M'),
	(2073, 'Non-Error', '2021-10-08 15:24:22', 'VX960M'),
	(2074, 'Non-Error', '2021-10-08 15:24:29', 'VX960M'),
	(2075, 'Non-Error', '2021-10-08 15:24:37', 'VX960M'),
	(2076, 'Non-Error', '2021-10-08 16:41:27', 'MCT-21'),
	(2077, 'Non-Error', '2021-10-08 16:41:36', 'MCT-21'),
	(2078, 'Non-Error', '2021-10-08 16:41:43', 'MCT-21'),
	(2079, 'Non-Error', '2021-10-08 16:41:51', 'MCT-21'),
	(2080, 'Non-Error', '2021-10-08 16:41:58', 'MCT-21'),
	(2081, 'Non-Error', '2021-10-08 16:42:06', 'MCT-21');
/*!40000 ALTER TABLE `machine_errordata` ENABLE KEYS */;

-- 테이블 dg.machine_sf 구조 내보내기
DROP TABLE IF EXISTS `machine_sf`;
CREATE TABLE IF NOT EXISTS `machine_sf` (
  `SF_Machine_No` int(11) NOT NULL AUTO_INCREMENT COMMENT '고유번호',
  `SF_Machine_Name` varchar(50) NOT NULL COMMENT '설비명',
  `SF_Machine_Type` varchar(50) NOT NULL COMMENT '설비타입',
  `SF_Machine_Model` varchar(50) DEFAULT NULL COMMENT '모델명',
  `SF_Machine_Company` varchar(50) DEFAULT NULL COMMENT '제조사',
  `SF_Machine_Buy` date DEFAULT NULL COMMENT '구매년도',
  `SF_Machine_Location` varchar(50) DEFAULT NULL COMMENT '배정위치',
  `SF_Machine_Memo` varchar(70) DEFAULT NULL COMMENT '비고',
  PRIMARY KEY (`SF_Machine_No`),
  KEY `SF_Machine_Type` (`SF_Machine_Type`),
  CONSTRAINT `FK_machine_sf_SF_Machine_Type_def_machine_type_Machine_Type` FOREIGN KEY (`SF_Machine_Type`) REFERENCES `def_machine_type` (`MachineType`) ON DELETE CASCADE ON UPDATE CASCADE
) ENGINE=InnoDB AUTO_INCREMENT=4 DEFAULT CHARSET=utf8;

-- 테이블 데이터 dg.machine_sf:~0 rows (대략적) 내보내기
/*!40000 ALTER TABLE `machine_sf` DISABLE KEYS */;
INSERT INTO `machine_sf` (`SF_Machine_No`, `SF_Machine_Name`, `SF_Machine_Type`, `SF_Machine_Model`, `SF_Machine_Company`, `SF_Machine_Buy`, `SF_Machine_Location`, `SF_Machine_Memo`) VALUES
	(1, '키오스크_1', 'Kiosk', 'Kiosk_1', '씨테크시스템', '2021-06-02', '현장 사무실 입구', '터치 모니터, PC 불량으로 인해 비어있음');
/*!40000 ALTER TABLE `machine_sf` ENABLE KEYS */;

-- 테이블 dg.materials 구조 내보내기
DROP TABLE IF EXISTS `materials`;
CREATE TABLE IF NOT EXISTS `materials` (
  `MaterialsNo` int(11) NOT NULL AUTO_INCREMENT COMMENT '자재 번호(생성)',
  `MaterialsType` varchar(45) DEFAULT NULL COMMENT '자재 타입',
  `MaterialsName` varchar(45) NOT NULL COMMENT '자재 명',
  `MaterialsCount` int(11) NOT NULL COMMENT '수량',
  `MaterialsStandard` varchar(45) DEFAULT NULL COMMENT '규격',
  `MaterialsPrice` int(11) NOT NULL COMMENT '자재 평균 단가',
  `MaterialsMemo` varchar(45) DEFAULT NULL COMMENT '메모(비고)',
  `Unit` varchar(50) NOT NULL COMMENT '단위명',
  PRIMARY KEY (`MaterialsNo`),
  KEY `Unit` (`Unit`),
  CONSTRAINT `FK_materials_def_unit` FOREIGN KEY (`Unit`) REFERENCES `def_unit` (`unit`) ON UPDATE CASCADE
) ENGINE=InnoDB AUTO_INCREMENT=10 DEFAULT CHARSET=utf8 COMMENT='자재 정보(자체 제작)(창고)';

-- 테이블 데이터 dg.materials:~5 rows (대략적) 내보내기
/*!40000 ALTER TABLE `materials` DISABLE KEYS */;
INSERT INTO `materials` (`MaterialsNo`, `MaterialsType`, `MaterialsName`, `MaterialsCount`, `MaterialsStandard`, `MaterialsPrice`, `MaterialsMemo`, `Unit`) VALUES
	(5, '(미지정)', 'BOLT', 2000, 'M 10 X 000 X 000', 500, '', 'EA'),
	(6, '(미지정)', 'BOLT', 2000, 'M 12 X 000 X 000', 600, '', 'EA'),
	(7, '(미지정)', 'BOLT', 2000, 'M 14 X 000 X 000', 750, '', 'EA'),
	(8, '(미지정)', 'LOCATION PIN', 2000, 'D 00 X 000', 750, 'SUJ2', 'EA'),
	(9, '(미지정)', 'GUIDE PIN', 100, 'D 00 X 000', 15000, 'SUJ2', 'EA');
/*!40000 ALTER TABLE `materials` ENABLE KEYS */;

-- 테이블 dg.materials_semi 구조 내보내기
DROP TABLE IF EXISTS `materials_semi`;
CREATE TABLE IF NOT EXISTS `materials_semi` (
  `MaterialsSemiNo` int(11) NOT NULL AUTO_INCREMENT COMMENT '반재품 고유번호',
  `MaterialsSemiName` varchar(45) NOT NULL COMMENT '반재품 명',
  `MaterialsSemiCnt` int(11) NOT NULL DEFAULT 0 COMMENT '반재품 개수',
  `MaterialsSemIValue` varchar(1000) DEFAULT NULL COMMENT 'dump1',
  PRIMARY KEY (`MaterialsSemiNo`)
) ENGINE=InnoDB AUTO_INCREMENT=8 DEFAULT CHARSET=utf8 COMMENT='반재품';

-- 테이블 데이터 dg.materials_semi:~2 rows (대략적) 내보내기
/*!40000 ALTER TABLE `materials_semi` DISABLE KEYS */;
INSERT INTO `materials_semi` (`MaterialsSemiNo`, `MaterialsSemiName`, `MaterialsSemiCnt`, `MaterialsSemIValue`) VALUES
	(6, 'Type 1_1', 3, '5_6,7_2,9_1'),
	(7, 'Type 1_2', 3, '5_6,7_3,8_1');
/*!40000 ALTER TABLE `materials_semi` ENABLE KEYS */;

-- 테이블 dg.member 구조 내보내기
DROP TABLE IF EXISTS `member`;
CREATE TABLE IF NOT EXISTS `member` (
  `MemberNo` int(11) NOT NULL AUTO_INCREMENT COMMENT '멤버 고유번호',
  `MemberId` varchar(45) NOT NULL COMMENT '멤버 아이디',
  `MemberPw` varchar(45) NOT NULL COMMENT '멤버 비밀번호',
  `MemberName` varchar(45) NOT NULL COMMENT '멤버 명',
  `MemberNumber` varchar(45) DEFAULT NULL COMMENT '멤버 번호',
  `RankName` varchar(45) NOT NULL COMMENT '직급 명',
  `MemberAddress` varchar(45) DEFAULT NULL COMMENT '멤버 주소',
  `MemberBirth` varchar(50) DEFAULT NULL COMMENT '멤버 생년월일',
  `MemberJoinDate` varchar(50) DEFAULT NULL COMMENT '멤버 입사일',
  `MemberETC` varchar(45) DEFAULT NULL COMMENT '비고(차량번호 등)',
  PRIMARY KEY (`MemberNo`),
  KEY `FK_member_RankName_def_rank_RankName` (`RankName`),
  KEY `MemberId` (`MemberId`),
  CONSTRAINT `FK_member_MemberId_member_access_MemberId` FOREIGN KEY (`MemberId`) REFERENCES `member_access` (`MemberId`),
  CONSTRAINT `FK_member_RankName_def_rank_RankName` FOREIGN KEY (`RankName`) REFERENCES `def_rank` (`RankName`)
) ENGINE=InnoDB AUTO_INCREMENT=14 DEFAULT CHARSET=utf8 COMMENT='멤버 정보';

-- 테이블 데이터 dg.member:~11 rows (대략적) 내보내기
/*!40000 ALTER TABLE `member` DISABLE KEYS */;
INSERT INTO `member` (`MemberNo`, `MemberId`, `MemberPw`, `MemberName`, `MemberNumber`, `RankName`, `MemberAddress`, `MemberBirth`, `MemberJoinDate`, `MemberETC`) VALUES
	(1, 'admin', '14657262A37FC9658D607FD851B43092', '윤종덕', '010-6324-7444\r\n', '대표 이사', '달서구 조암남로 10,106동 1009호\r\n', '1995년 10월 17일 화요일', '2017년 8월 8일 화요일', '관리'),
	(2, 'User1', '57917BC99996ED80D6BB856F31F1F2AE', '진인군', '010-2820-6565', '반장', '대구 북구 구암로 180 102동1205호', NULL, '2017년 10월 23일 월요일', '생산 밀링'),
	(3, 'User2', '57917BC99996ED80D6BB856F31F1F2AE', '곽미경', '010-4404-5754', '실장', '북구 국우동 226 힐스테이트데시앙도남 304동 1405호\r\n', NULL, '2017년 10월 23일 월요일', '관리'),
	(4, 'User3', '57917BC99996ED80D6BB856F31F1F2AE', '윤동진', '010-8321-4478\r\n', '과장', '북구 오봉로16길 21, 104동 501호(침산동 궁전하이츠)\r\n', NULL, '2018년 1월 1일 월요일', '생산 M.C.T'),
	(5, 'User4', '57917BC99996ED80D6BB856F31F1F2AE', '임재형', '010-8808-6426\r\n', '차장', '달서구 장기로 145 성당래미안 207동 1103호\r\n', NULL, '2018년 9월 10일 월요일', '생산 M.C.T'),
	(6, 'User5', '14EE4106F0C0EB6C4CB56C5A1D437301', '김재형', '010-2464-0098', '과장', '대구 동구 입석동 보승로얄타운 105동 202호\r\n', NULL, '2019년 5월 13일 월요일', '생산 M.C.T'),
	(7, 'User6', '14EE4106F0C0EB6C4CB56C5A1D437301', '심정숙', '010-8597-3429', '사원', '북구 내곡로 89, 308동 1804호(브라운스톤강북)\r\n', NULL, '2020년 11월 23일 월요일', '관리\r\n'),
	(8, 'User7', '14EE4106F0C0EB6C4CB56C5A1D437301', '곽종한', '010-3583-2006', '차장', '북구 칠곡중앙대로 45, 101동 1002호(청구장미마을)\r\n', NULL, '2021년 7월 19일 월요일', '관리\r\n'),
	(9, 'User8', '14EE4106F0C0EB6C4CB56C5A1D437301', '안병용', '010-9125-4674', '사원', '서구 평리5동 1523-15 아성빌 202호\r\n', NULL, '2021년 9월 23일 목요일', '생산밀링\r\n'),
	(10, 'User9', '14EE4106F0C0EB6C4CB56C5A1D437301', '윤민철', '010-7765-3377', '사원T', '동구 동북로 500, 106동 1103호(태왕메트로시티)\r\n', NULL, '2021년 11월 22일 월요일', '생산 M.C.T'),
	(11, 'User10', '14EE4106F0C0EB6C4CB56C5A1D437301', '장경아', '010-9822-7466', '이사', '달서구 조암남로 10,106동 1009호\r\n', NULL, '2018년 1월 1일 월요일', '관리\r\n');
/*!40000 ALTER TABLE `member` ENABLE KEYS */;

-- 테이블 dg.member_access 구조 내보내기
DROP TABLE IF EXISTS `member_access`;
CREATE TABLE IF NOT EXISTS `member_access` (
  `MemberId` varchar(45) NOT NULL COMMENT '멤버 아이디',
  `AuthorityName` varchar(45) DEFAULT NULL COMMENT '권한 명',
  `MemberLPCT` varchar(45) NOT NULL COMMENT '마지막로그인시간',
  `MemberLastpw` varchar(45) DEFAULT NULL COMMENT '마지막 비밀번호',
  `MemberPwFailCnt` int(11) NOT NULL DEFAULT 1 COMMENT '비밀번호 횟수',
  PRIMARY KEY (`MemberId`),
  KEY `FK_member_access_AuthorityName_def_authority_main_AuthorityName` (`AuthorityName`),
  CONSTRAINT `FK_member_access_AuthorityName_def_authority_main_AuthorityName` FOREIGN KEY (`AuthorityName`) REFERENCES `def_authority_main` (`AuthorityName`)
) ENGINE=InnoDB DEFAULT CHARSET=utf8 COMMENT='멤버 접속 정보';

-- 테이블 데이터 dg.member_access:~11 rows (대략적) 내보내기
/*!40000 ALTER TABLE `member_access` DISABLE KEYS */;
INSERT INTO `member_access` (`MemberId`, `AuthorityName`, `MemberLPCT`, `MemberLastpw`, `MemberPwFailCnt`) VALUES
	('admin', 'Admin', '2021-12-21 14:59:12', '14657262A37FC9658D607FD851B43092', 1),
	('User1', 'User', '2021-06-28 오전 10:25:20', '57917BC99996ED80D6BB856F31F1F2AE', 1),
	('User10', 'User', '2021-12-17 오전 9:45:20', '14EE4106F0C0EB6C4CB56C5A1D437301', 1),
	('User2', 'User', '2021-06-28 오전 10:25:54', '57917BC99996ED80D6BB856F31F1F2AE', 1),
	('User3', 'User', '2021-06-28 오전 10:26:24', '57917BC99996ED80D6BB856F31F1F2AE', 1),
	('User4', 'User', '2021-06-28 오전 10:27:00', '57917BC99996ED80D6BB856F31F1F2AE', 1),
	('User5', 'User', '2021-12-17 오전 9:42:43', '14EE4106F0C0EB6C4CB56C5A1D437301', 1),
	('User6', 'User', '2021-12-17 오전 9:43:25', '14EE4106F0C0EB6C4CB56C5A1D437301', 1),
	('User7', 'User', '2021-12-17 오전 9:43:54', '14EE4106F0C0EB6C4CB56C5A1D437301', 1),
	('User8', 'User', '2021-12-17 오전 9:44:25', '14EE4106F0C0EB6C4CB56C5A1D437301', 1),
	('User9', 'User', '2021-12-17 오전 9:44:55', '14EE4106F0C0EB6C4CB56C5A1D437301', 1);
/*!40000 ALTER TABLE `member_access` ENABLE KEYS */;

-- 테이블 dg.member_log 구조 내보내기
DROP TABLE IF EXISTS `member_log`;
CREATE TABLE IF NOT EXISTS `member_log` (
  `LoginLogNo` int(11) NOT NULL AUTO_INCREMENT COMMENT '접속기록 고유번호',
  `MemberId` varchar(45) NOT NULL COMMENT '멤버 아이디',
  `LoginLogTime` varchar(45) NOT NULL COMMENT '접속기록 시간',
  `LogData` varchar(45) NOT NULL COMMENT '접속기록 정보',
  `LogIP` varchar(70) DEFAULT NULL,
  PRIMARY KEY (`LoginLogNo`),
  KEY `FK_member_log_LogData_def_authority_login_LogData` (`LogData`),
  KEY `FK_member_log_MemberId_member_access_MemberId` (`MemberId`),
  CONSTRAINT `FK_member_log_LogData_def_authority_login_LogData` FOREIGN KEY (`LogData`) REFERENCES `def_authority_login` (`LogData`),
  CONSTRAINT `FK_member_log_MemberId_member_access_MemberId` FOREIGN KEY (`MemberId`) REFERENCES `member_access` (`MemberId`)
) ENGINE=InnoDB AUTO_INCREMENT=1571 DEFAULT CHARSET=utf8 COMMENT='멤버 접속 로그';

-- 테이블 데이터 dg.member_log:~1,541 rows (대략적) 내보내기
/*!40000 ALTER TABLE `member_log` DISABLE KEYS */;
INSERT INTO `member_log` (`LoginLogNo`, `MemberId`, `LoginLogTime`, `LogData`, `LogIP`) VALUES
	(1, 'admin', '2021-06-21 14:57:59', 'LogIn', NULL),
	(2, 'admin', '2021-06-21 14:59:21', 'LogIn', NULL),
	(3, 'admin', '2021-06-21 15:08:49', 'LogIn', NULL),
	(4, 'admin', '2021-06-21 15:17:43', 'LogTry', NULL),
	(5, 'admin', '2021-06-21 15:17:46', 'LogIn', NULL),
	(6, 'admin', '2021-06-21 15:18:56', 'LogTry', NULL),
	(7, 'admin', '2021-06-21 15:19:00', 'LogTry', NULL),
	(8, 'admin', '2021-06-21 15:19:03', 'LogIn', NULL),
	(9, 'admin', '2021-06-21 15:25:45', 'LogTry', NULL),
	(10, 'admin', '2021-06-21 15:25:51', 'LogIn', NULL),
	(11, 'admin', '2021-06-21 15:26:20', 'LogIn', NULL),
	(12, 'admin', '2021-06-21 15:39:05', 'LogTry', NULL),
	(13, 'admin', '2021-06-21 15:39:09', 'LogIn', NULL),
	(14, 'admin', '2021-06-21 15:55:22', 'LogTry', NULL),
	(15, 'admin', '2021-06-21 15:55:25', 'LogIn', NULL),
	(16, 'admin', '2021-06-21 16:02:31', 'LogTry', NULL),
	(17, 'admin', '2021-06-21 16:02:32', 'LogIn', NULL),
	(18, 'admin', '2021-06-21 16:04:12', 'LogIn', NULL),
	(19, 'admin', '2021-06-21 16:10:09', 'LogTry', NULL),
	(20, 'admin', '2021-06-21 16:10:12', 'LogIn', NULL),
	(21, 'admin', '2021-06-21 16:42:08', 'LogTry', NULL),
	(22, 'admin', '2021-06-21 16:42:11', 'LogIn', NULL),
	(23, 'admin', '2021-06-21 16:43:28', 'LogIn', NULL),
	(24, 'admin', '2021-06-21 16:43:49', 'LogTry', NULL),
	(25, 'admin', '2021-06-21 16:43:53', 'LogIn', NULL),
	(26, 'admin', '2021-06-21 16:44:39', 'LogIn', NULL),
	(27, 'admin', '2021-06-21 16:46:21', 'LogIn', NULL),
	(28, 'admin', '2021-06-21 16:46:40', 'LogTry', NULL),
	(29, 'admin', '2021-06-21 16:46:43', 'LogIn', NULL),
	(30, 'admin', '2021-06-21 16:48:33', 'LogIn', NULL),
	(31, 'admin', '2021-06-21 17:43:18', 'LogIn', NULL),
	(32, 'admin', '2021-06-21 18:01:19', 'LogTry', NULL),
	(33, 'admin', '2021-06-21 18:01:23', 'LogIn', NULL),
	(34, 'admin', '2021-06-21 18:01:52', 'LogIn', NULL),
	(35, 'admin', '2021-06-21 18:02:04', 'LogTry', NULL),
	(36, 'admin', '2021-06-21 18:02:07', 'LogIn', NULL),
	(37, 'admin', '2021-06-22 09:30:30', 'LogTry', NULL),
	(38, 'admin', '2021-06-22 09:30:32', 'LogIn', NULL),
	(39, 'admin', '2021-06-22 09:40:25', 'LogTry', NULL),
	(40, 'admin', '2021-06-22 09:40:26', 'LogIn', NULL),
	(41, 'admin', '2021-06-22 14:19:12', 'LogIn', NULL),
	(42, 'admin', '2021-06-23 10:16:19', 'LogIn', NULL),
	(43, 'admin', '2021-06-23 10:21:26', 'LogTry', NULL),
	(44, 'admin', '2021-06-23 10:21:30', 'LogIn', NULL),
	(45, 'admin', '2021-06-23 11:02:22', 'LogIn', NULL),
	(46, 'admin', '2021-06-28 10:11:36', 'LogIn', NULL),
	(47, 'admin', '2021-06-28 10:16:52', 'LogIn', NULL),
	(48, 'admin', '2021-06-28 10:20:38', 'LogIn', NULL),
	(49, 'admin', '2021-06-28 10:23:18', 'LogIn', NULL),
	(50, 'admin', '2021-06-28 10:24:24', 'LogTry', NULL),
	(51, 'admin', '2021-06-28 10:24:29', 'LogTry', NULL),
	(52, 'admin', '2021-06-28 10:24:30', 'LogIn', NULL),
	(53, 'User1', '2021-06-28 10:25:20', 'SignUp', NULL),
	(54, 'User2', '2021-06-28 10:25:54', 'SignUp', NULL),
	(55, 'User3', '2021-06-28 10:26:24', 'SignUp', NULL),
	(56, 'User4', '2021-06-28 10:27:00', 'SignUp', NULL),
	(57, 'User1', '2021-06-28 10:27:13', 'LogIn', NULL),
	(58, 'admin', '2021-06-28 10:32:32', 'LogTry', NULL),
	(59, 'User1', '2021-06-28 10:32:39', 'LogIn', NULL),
	(60, 'admin', '2021-06-28 10:33:40', 'LogIn', NULL),
	(61, 'admin', '2021-06-28 10:49:39', 'LogIn', NULL),
	(62, 'admin', '2021-06-28 10:52:10', 'LogIn', NULL),
	(63, 'admin', '2021-06-28 10:52:32', 'LogIn', NULL),
	(64, 'admin', '2021-06-28 11:08:09', 'LogIn', NULL),
	(65, 'admin', '2021-06-28 11:11:05', 'LogTry', NULL),
	(66, 'admin', '2021-06-28 11:11:14', 'LogIn', NULL),
	(67, 'admin', '2021-06-28 11:19:15', 'LogIn', NULL),
	(68, 'admin', '2021-06-28 11:25:22', 'LogIn', NULL),
	(69, 'admin', '2021-06-28 11:30:17', 'LogIn', NULL),
	(70, 'admin', '2021-06-28 11:38:22', 'LogTry', NULL),
	(71, 'admin', '2021-06-28 11:38:23', 'LogIn', NULL),
	(72, 'admin', '2021-06-28 11:39:55', 'LogIn', NULL),
	(73, 'admin', '2021-06-28 11:41:27', 'LogTry', NULL),
	(74, 'admin', '2021-06-28 11:41:30', 'LogIn', NULL),
	(75, 'admin', '2021-06-28 13:28:16', 'LogIn', NULL),
	(76, 'admin', '2021-06-28 14:50:11', 'LogIn', NULL),
	(77, 'admin', '2021-06-28 14:52:46', 'LogIn', NULL),
	(78, 'admin', '2021-06-28 14:54:33', 'LogIn', NULL),
	(79, 'admin', '2021-06-28 14:56:59', 'LogIn', NULL),
	(80, 'admin', '2021-06-28 14:59:24', 'LogIn', NULL),
	(81, 'admin', '2021-06-28 15:03:06', 'LogIn', NULL),
	(82, 'admin', '2021-06-28 15:05:36', 'LogIn', NULL),
	(83, 'admin', '2021-06-28 15:08:13', 'LogIn', NULL),
	(84, 'admin', '2021-06-28 15:09:25', 'LogTry', NULL),
	(85, 'admin', '2021-06-28 15:09:28', 'LogIn', NULL),
	(86, 'admin', '2021-06-28 15:12:00', 'LogIn', NULL),
	(87, 'admin', '2021-06-28 15:13:05', 'LogIn', NULL),
	(88, 'admin', '2021-06-28 15:17:17', 'LogIn', NULL),
	(89, 'admin', '2021-06-28 15:19:29', 'LogIn', NULL),
	(90, 'admin', '2021-06-28 15:20:13', 'LogIn', NULL),
	(91, 'admin', '2021-06-28 15:21:43', 'LogIn', NULL),
	(92, 'admin', '2021-06-28 15:25:29', 'LogIn', NULL),
	(93, 'admin', '2021-06-28 15:26:22', 'LogIn', NULL),
	(94, 'admin', '2021-06-28 15:28:48', 'LogIn', NULL),
	(95, 'admin', '2021-06-28 15:29:10', 'LogIn', NULL),
	(96, 'admin', '2021-06-28 15:30:06', 'LogIn', NULL),
	(97, 'admin', '2021-06-28 15:33:55', 'LogIn', NULL),
	(98, 'admin', '2021-06-28 15:34:47', 'LogIn', NULL),
	(99, 'admin', '2021-06-28 18:34:04', 'LogIn', NULL),
	(100, 'admin', '2021-06-28 18:40:05', 'LogIn', NULL),
	(101, 'admin', '2021-06-28 18:42:29', 'LogIn', NULL),
	(102, 'admin', '2021-06-28 18:44:22', 'LogIn', NULL),
	(103, 'admin', '2021-06-28 19:10:18', 'LogIn', NULL),
	(104, 'admin', '2021-06-28 19:11:02', 'LogIn', NULL),
	(105, 'admin', '2021-06-28 19:46:55', 'LogTry', NULL),
	(106, 'admin', '2021-06-28 19:46:58', 'LogIn', NULL),
	(107, 'admin', '2021-06-29 11:05:53', 'LogIn', NULL),
	(108, 'admin', '2021-06-29 11:31:59', 'LogTry', NULL),
	(109, 'admin', '2021-06-29 11:32:03', 'LogIn', NULL),
	(110, 'admin', '2021-06-29 11:34:46', 'LogIn', NULL),
	(111, 'admin', '2021-06-29 11:36:23', 'LogIn', NULL),
	(112, 'admin', '2021-06-29 13:04:02', 'LogIn', NULL),
	(113, 'admin', '2021-06-29 13:04:31', 'LogIn', NULL),
	(114, 'admin', '2021-06-29 13:08:15', 'LogIn', NULL),
	(115, 'admin', '2021-06-29 13:11:38', 'LogTry', NULL),
	(116, 'admin', '2021-06-29 13:12:30', 'LogIn', NULL),
	(117, 'admin', '2021-06-29 13:12:50', 'LogIn', NULL),
	(118, 'admin', '2021-06-29 13:13:54', 'LogIn', NULL),
	(119, 'admin', '2021-06-29 14:25:43', 'LogIn', NULL),
	(120, 'admin', '2021-06-29 14:33:08', 'LogIn', NULL),
	(121, 'admin', '2021-06-29 15:29:39', 'LogIn', NULL),
	(122, 'admin', '2021-06-29 15:30:03', 'LogIn', NULL),
	(123, 'admin', '2021-06-29 15:36:10', 'LogIn', NULL),
	(124, 'admin', '2021-06-29 15:36:35', 'LogIn', NULL),
	(125, 'admin', '2021-06-29 15:39:23', 'LogIn', NULL),
	(126, 'admin', '2021-06-29 15:40:23', 'LogIn', NULL),
	(127, 'admin', '2021-06-29 15:41:04', 'LogIn', NULL),
	(128, 'admin', '2021-06-29 15:48:23', 'LogIn', NULL),
	(129, 'admin', '2021-06-29 15:48:59', 'LogIn', NULL),
	(130, 'admin', '2021-06-29 15:50:11', 'LogIn', NULL),
	(131, 'admin', '2021-06-29 15:50:58', 'LogIn', NULL),
	(132, 'admin', '2021-06-29 15:52:00', 'LogIn', NULL),
	(133, 'admin', '2021-06-29 15:53:05', 'LogIn', NULL),
	(134, 'admin', '2021-06-29 16:57:29', 'LogIn', NULL),
	(135, 'admin', '2021-06-29 17:37:48', 'LogIn', NULL),
	(136, 'admin', '2021-06-29 17:38:59', 'LogIn', NULL),
	(137, 'admin', '2021-06-29 17:40:09', 'LogIn', NULL),
	(138, 'admin', '2021-06-29 17:40:53', 'LogIn', NULL),
	(139, 'admin', '2021-06-30 08:57:24', 'LogIn', NULL),
	(140, 'admin', '2021-06-30 09:12:54', 'LogIn', NULL),
	(141, 'admin', '2021-06-30 09:15:24', 'LogIn', NULL),
	(142, 'admin', '2021-06-30 09:42:27', 'LogIn', NULL),
	(143, 'admin', '2021-06-30 09:43:49', 'LogIn', NULL),
	(144, 'admin', '2021-06-30 09:50:46', 'LogIn', NULL),
	(145, 'admin', '2021-06-30 09:52:26', 'LogIn', NULL),
	(146, 'admin', '2021-06-30 10:02:47', 'LogIn', NULL),
	(147, 'admin', '2021-06-30 10:14:59', 'LogIn', NULL),
	(148, 'admin', '2021-06-30 10:19:00', 'LogIn', NULL),
	(149, 'admin', '2021-06-30 10:21:14', 'LogIn', NULL),
	(150, 'admin', '2021-06-30 10:22:25', 'LogIn', NULL),
	(151, 'admin', '2021-06-30 10:23:06', 'LogIn', NULL),
	(152, 'admin', '2021-06-30 10:23:51', 'LogIn', NULL),
	(153, 'admin', '2021-06-30 10:26:51', 'LogIn', NULL),
	(154, 'admin', '2021-06-30 10:28:46', 'LogIn', NULL),
	(155, 'admin', '2021-06-30 10:29:58', 'LogIn', NULL),
	(156, 'admin', '2021-06-30 10:32:16', 'LogIn', NULL),
	(157, 'admin', '2021-06-30 10:34:41', 'LogIn', NULL),
	(158, 'admin', '2021-06-30 10:35:23', 'LogIn', NULL),
	(159, 'admin', '2021-06-30 10:36:02', 'LogIn', NULL),
	(160, 'admin', '2021-06-30 10:38:22', 'LogIn', NULL),
	(161, 'admin', '2021-06-30 10:39:54', 'LogIn', NULL),
	(162, 'admin', '2021-06-30 10:40:29', 'LogIn', NULL),
	(163, 'admin', '2021-06-30 10:45:44', 'LogIn', NULL),
	(164, 'admin', '2021-06-30 10:46:47', 'LogIn', NULL),
	(165, 'admin', '2021-06-30 11:37:32', 'LogIn', NULL),
	(166, 'admin', '2021-06-30 11:38:54', 'LogIn', NULL),
	(167, 'admin', '2021-06-30 11:41:25', 'LogIn', NULL),
	(168, 'admin', '2021-06-30 11:46:30', 'LogIn', NULL),
	(169, 'admin', '2021-06-30 11:47:24', 'LogIn', NULL),
	(170, 'admin', '2021-06-30 13:37:51', 'LogIn', NULL),
	(171, 'admin', '2021-06-30 13:38:40', 'LogIn', NULL),
	(172, 'admin', '2021-06-30 13:39:24', 'LogIn', NULL),
	(173, 'admin', '2021-06-30 13:39:46', 'LogIn', NULL),
	(174, 'admin', '2021-06-30 13:40:04', 'LogIn', NULL),
	(175, 'admin', '2021-06-30 13:46:38', 'LogIn', NULL),
	(176, 'admin', '2021-06-30 13:52:06', 'LogIn', NULL),
	(177, 'admin', '2021-06-30 13:58:40', 'LogIn', NULL),
	(178, 'admin', '2021-06-30 14:02:34', 'LogIn', NULL),
	(179, 'admin', '2021-06-30 14:03:22', 'LogIn', NULL),
	(180, 'admin', '2021-06-30 14:04:21', 'LogIn', NULL),
	(181, 'admin', '2021-06-30 14:05:22', 'LogIn', NULL),
	(182, 'admin', '2021-06-30 14:06:44', 'LogIn', NULL),
	(183, 'admin', '2021-06-30 14:09:21', 'LogIn', NULL),
	(184, 'admin', '2021-06-30 14:11:17', 'LogIn', NULL),
	(185, 'admin', '2021-06-30 14:13:06', 'LogIn', NULL),
	(186, 'admin', '2021-06-30 14:15:17', 'LogIn', NULL),
	(187, 'admin', '2021-06-30 14:17:04', 'LogIn', NULL),
	(188, 'admin', '2021-06-30 14:17:40', 'LogIn', NULL),
	(189, 'admin', '2021-06-30 14:18:29', 'LogIn', NULL),
	(190, 'admin', '2021-06-30 14:21:54', 'LogIn', NULL),
	(191, 'admin', '2021-06-30 15:31:14', 'LogIn', NULL),
	(192, 'admin', '2021-06-30 15:36:18', 'LogIn', NULL),
	(193, 'admin', '2021-06-30 15:38:36', 'LogIn', NULL),
	(194, 'admin', '2021-06-30 15:43:10', 'LogIn', NULL),
	(195, 'admin', '2021-06-30 16:08:54', 'LogIn', NULL),
	(196, 'admin', '2021-06-30 16:10:57', 'LogIn', NULL),
	(197, 'admin', '2021-06-30 16:13:33', 'LogIn', NULL),
	(198, 'admin', '2021-06-30 16:15:49', 'LogIn', NULL),
	(199, 'admin', '2021-06-30 16:17:30', 'LogIn', NULL),
	(200, 'admin', '2021-06-30 16:22:04', 'LogIn', NULL),
	(201, 'admin', '2021-06-30 16:23:07', 'LogIn', NULL),
	(202, 'admin', '2021-06-30 16:24:55', 'LogIn', NULL),
	(203, 'admin', '2021-06-30 16:25:55', 'LogIn', NULL),
	(204, 'admin', '2021-06-30 16:37:24', 'LogIn', NULL),
	(205, 'admin', '2021-06-30 16:40:07', 'LogIn', NULL),
	(206, 'admin', '2021-06-30 16:41:28', 'LogIn', NULL),
	(207, 'admin', '2021-06-30 16:42:42', 'LogIn', NULL),
	(208, 'admin', '2021-06-30 16:44:19', 'LogIn', NULL),
	(209, 'admin', '2021-06-30 16:47:14', 'LogIn', NULL),
	(210, 'admin', '2021-06-30 16:50:21', 'LogIn', NULL),
	(211, 'admin', '2021-06-30 16:56:12', 'LogIn', NULL),
	(212, 'admin', '2021-06-30 16:58:56', 'LogIn', NULL),
	(213, 'admin', '2021-06-30 16:59:28', 'LogIn', NULL),
	(214, 'admin', '2021-06-30 17:01:47', 'LogIn', NULL),
	(215, 'admin', '2021-06-30 17:20:35', 'LogIn', NULL),
	(216, 'admin', '2021-06-30 17:21:40', 'LogIn', NULL),
	(217, 'admin', '2021-06-30 17:28:03', 'LogIn', NULL),
	(218, 'admin', '2021-06-30 17:30:49', 'LogIn', NULL),
	(219, 'admin', '2021-06-30 17:34:35', 'LogIn', NULL),
	(220, 'admin', '2021-06-30 17:35:01', 'LogIn', NULL),
	(221, 'admin', '2021-06-30 17:35:38', 'LogIn', NULL),
	(222, 'admin', '2021-06-30 17:36:04', 'LogIn', NULL),
	(223, 'admin', '2021-06-30 17:38:53', 'LogIn', NULL),
	(224, 'admin', '2021-06-30 17:40:23', 'LogIn', NULL),
	(225, 'admin', '2021-06-30 17:41:37', 'LogIn', NULL),
	(226, 'admin', '2021-06-30 17:43:22', 'LogIn', NULL),
	(227, 'admin', '2021-06-30 17:45:20', 'LogIn', NULL),
	(228, 'admin', '2021-06-30 17:45:36', 'LogIn', NULL),
	(229, 'admin', '2021-06-30 17:47:56', 'LogIn', NULL),
	(230, 'admin', '2021-06-30 17:49:17', 'LogIn', NULL),
	(231, 'admin', '2021-06-30 17:53:09', 'LogIn', NULL),
	(232, 'admin', '2021-06-30 17:54:15', 'LogIn', NULL),
	(233, 'admin', '2021-06-30 17:55:03', 'LogIn', NULL),
	(234, 'admin', '2021-06-30 17:56:19', 'LogIn', NULL),
	(235, 'admin', '2021-06-30 17:58:16', 'LogIn', NULL),
	(236, 'admin', '2021-06-30 18:09:01', 'LogIn', NULL),
	(237, 'admin', '2021-06-30 18:09:25', 'LogIn', NULL),
	(238, 'admin', '2021-06-30 18:10:01', 'LogIn', NULL),
	(239, 'admin', '2021-06-30 18:12:28', 'LogIn', NULL),
	(240, 'admin', '2021-06-30 18:13:10', 'LogIn', NULL),
	(241, 'admin', '2021-06-30 18:15:50', 'LogIn', NULL),
	(242, 'admin', '2021-06-30 18:16:09', 'LogIn', NULL),
	(243, 'admin', '2021-06-30 18:16:44', 'LogIn', NULL),
	(244, 'admin', '2021-06-30 18:18:22', 'LogIn', NULL),
	(245, 'admin', '2021-06-30 18:19:32', 'LogIn', NULL),
	(246, 'admin', '2021-06-30 18:20:42', 'LogIn', NULL),
	(247, 'admin', '2021-06-30 18:21:00', 'LogIn', NULL),
	(248, 'admin', '2021-06-30 18:25:39', 'LogIn', NULL),
	(249, 'admin', '2021-06-30 18:25:52', 'LogIn', NULL),
	(250, 'admin', '2021-06-30 18:27:57', 'LogIn', NULL),
	(251, 'admin', '2021-06-30 18:28:11', 'LogIn', NULL),
	(252, 'admin', '2021-06-30 18:31:39', 'LogIn', NULL),
	(253, 'admin', '2021-06-30 18:32:52', 'LogIn', NULL),
	(254, 'admin', '2021-06-30 18:33:09', 'LogIn', NULL),
	(255, 'admin', '2021-06-30 18:33:55', 'LogIn', NULL),
	(256, 'admin', '2021-06-30 18:34:11', 'LogIn', NULL),
	(257, 'admin', '2021-06-30 18:35:06', 'LogIn', NULL),
	(258, 'admin', '2021-06-30 18:35:22', 'LogIn', NULL),
	(259, 'admin', '2021-06-30 18:36:41', 'LogIn', NULL),
	(260, 'admin', '2021-06-30 18:38:26', 'LogIn', NULL),
	(261, 'admin', '2021-06-30 18:40:14', 'LogIn', NULL),
	(262, 'admin', '2021-06-30 18:40:30', 'LogIn', NULL),
	(263, 'admin', '2021-06-30 18:41:38', 'LogIn', NULL),
	(264, 'admin', '2021-06-30 18:42:15', 'LogIn', NULL),
	(265, 'admin', '2021-06-30 18:43:25', 'LogIn', NULL),
	(266, 'admin', '2021-06-30 18:46:38', 'LogIn', NULL),
	(267, 'admin', '2021-06-30 18:47:21', 'LogIn', NULL),
	(268, 'admin', '2021-06-30 18:47:35', 'LogIn', NULL),
	(269, 'admin', '2021-06-30 18:50:44', 'LogIn', NULL),
	(270, 'admin', '2021-06-30 18:51:37', 'LogIn', NULL),
	(271, 'admin', '2021-06-30 18:52:19', 'LogIn', NULL),
	(272, 'admin', '2021-06-30 18:55:33', 'LogIn', NULL),
	(273, 'admin', '2021-06-30 18:57:12', 'LogIn', NULL),
	(274, 'admin', '2021-06-30 18:58:25', 'LogIn', NULL),
	(275, 'admin', '2021-06-30 19:00:24', 'LogIn', NULL),
	(276, 'admin', '2021-07-01 11:10:30', 'LogIn', NULL),
	(277, 'admin', '2021-07-01 11:20:10', 'LogIn', NULL),
	(278, 'admin', '2021-07-01 11:24:52', 'LogIn', NULL),
	(279, 'admin', '2021-07-01 11:28:03', 'LogIn', NULL),
	(280, 'admin', '2021-07-01 11:28:20', 'LogIn', NULL),
	(281, 'admin', '2021-07-01 11:31:08', 'LogIn', NULL),
	(282, 'admin', '2021-07-01 11:32:10', 'LogIn', NULL),
	(283, 'admin', '2021-07-01 11:34:02', 'LogIn', NULL),
	(284, 'admin', '2021-07-01 11:45:32', 'LogIn', NULL),
	(285, 'admin', '2021-07-01 11:50:38', 'LogIn', NULL),
	(286, 'admin', '2021-07-01 11:51:28', 'LogIn', NULL),
	(287, 'admin', '2021-07-01 11:53:30', 'LogIn', NULL),
	(288, 'admin', '2021-07-01 11:57:21', 'LogIn', NULL),
	(289, 'admin', '2021-07-01 12:04:23', 'LogIn', NULL),
	(290, 'admin', '2021-07-01 12:05:08', 'LogIn', NULL),
	(291, 'admin', '2021-07-01 12:06:07', 'LogIn', NULL),
	(292, 'admin', '2021-07-01 12:08:52', 'LogIn', NULL),
	(293, 'admin', '2021-07-01 12:11:10', 'LogIn', NULL),
	(294, 'admin', '2021-07-01 12:12:16', 'LogIn', NULL),
	(295, 'admin', '2021-07-01 12:19:03', 'LogIn', NULL),
	(296, 'admin', '2021-07-01 13:07:02', 'LogIn', NULL),
	(297, 'admin', '2021-07-01 13:09:02', 'LogIn', NULL),
	(298, 'admin', '2021-07-01 13:12:25', 'LogIn', NULL),
	(299, 'admin', '2021-07-01 13:13:10', 'LogIn', NULL),
	(300, 'admin', '2021-07-01 13:13:47', 'LogIn', NULL),
	(301, 'admin', '2021-07-01 13:15:00', 'LogIn', NULL),
	(302, 'admin', '2021-07-01 13:15:14', 'LogIn', NULL),
	(303, 'admin', '2021-07-01 13:16:16', 'LogIn', NULL),
	(304, 'admin', '2021-07-01 13:17:03', 'LogIn', NULL),
	(305, 'admin', '2021-07-01 13:18:13', 'LogIn', NULL),
	(306, 'admin', '2021-07-01 13:19:43', 'LogIn', NULL),
	(307, 'admin', '2021-07-01 13:37:41', 'LogIn', NULL),
	(308, 'admin', '2021-07-01 13:39:17', 'LogIn', NULL),
	(309, 'admin', '2021-07-01 13:40:59', 'LogIn', NULL),
	(310, 'admin', '2021-07-01 13:41:53', 'LogIn', NULL),
	(311, 'admin', '2021-07-01 13:57:27', 'LogIn', NULL),
	(312, 'admin', '2021-07-01 13:58:12', 'LogIn', NULL),
	(313, 'admin', '2021-07-01 13:58:55', 'LogIn', NULL),
	(314, 'admin', '2021-07-01 14:22:46', 'LogIn', NULL),
	(315, 'admin', '2021-07-01 14:23:20', 'LogIn', NULL),
	(316, 'admin', '2021-07-01 14:24:55', 'LogIn', NULL),
	(317, 'admin', '2021-07-01 14:31:19', 'LogIn', NULL),
	(318, 'admin', '2021-07-01 14:37:12', 'LogIn', NULL),
	(319, 'admin', '2021-07-01 14:40:28', 'LogIn', NULL),
	(320, 'admin', '2021-07-01 14:42:35', 'LogIn', NULL),
	(321, 'admin', '2021-07-01 14:45:09', 'LogIn', NULL),
	(322, 'admin', '2021-07-01 14:46:28', 'LogIn', NULL),
	(323, 'admin', '2021-07-01 14:48:51', 'LogIn', NULL),
	(324, 'admin', '2021-07-01 14:49:52', 'LogIn', NULL),
	(325, 'admin', '2021-07-01 15:18:45', 'LogIn', NULL),
	(326, 'admin', '2021-07-01 15:24:54', 'LogIn', NULL),
	(327, 'admin', '2021-07-01 15:26:00', 'LogIn', NULL),
	(328, 'admin', '2021-07-01 15:28:27', 'LogIn', NULL),
	(329, 'admin', '2021-07-01 15:29:22', 'LogIn', NULL),
	(330, 'admin', '2021-07-01 15:32:05', 'LogTry', NULL),
	(331, 'admin', '2021-07-01 15:32:07', 'LogIn', NULL),
	(332, 'admin', '2021-07-01 15:32:42', 'LogIn', NULL),
	(333, 'admin', '2021-07-01 15:33:29', 'LogIn', NULL),
	(334, 'admin', '2021-07-01 15:33:56', 'LogIn', NULL),
	(335, 'admin', '2021-07-02 09:37:29', 'LogIn', NULL),
	(336, 'admin', '2021-07-02 09:53:31', 'LogIn', NULL),
	(337, 'admin', '2021-07-02 09:53:57', 'LogIn', NULL),
	(338, 'admin', '2021-07-02 09:54:34', 'LogIn', NULL),
	(339, 'admin', '2021-07-02 09:58:38', 'LogIn', NULL),
	(340, 'admin', '2021-07-02 10:08:15', 'LogIn', NULL),
	(341, 'admin', '2021-07-02 10:10:08', 'LogIn', NULL),
	(342, 'admin', '2021-07-02 10:13:11', 'LogIn', NULL),
	(343, 'admin', '2021-07-02 10:13:33', 'LogIn', NULL),
	(344, 'admin', '2021-07-02 10:14:13', 'LogIn', NULL),
	(345, 'admin', '2021-07-02 10:16:19', 'LogIn', NULL),
	(346, 'admin', '2021-07-02 10:19:01', 'LogIn', NULL),
	(347, 'admin', '2021-07-02 10:31:16', 'LogIn', NULL),
	(348, 'admin', '2021-07-05 10:13:58', 'LogIn', NULL),
	(349, 'admin', '2021-07-05 10:16:08', 'LogIn', NULL),
	(350, 'admin', '2021-07-05 10:23:48', 'LogIn', NULL),
	(351, 'admin', '2021-07-05 10:26:05', 'LogIn', NULL),
	(352, 'admin', '2021-07-05 10:27:42', 'LogIn', NULL),
	(353, 'admin', '2021-07-05 10:28:03', 'LogIn', NULL),
	(354, 'admin', '2021-07-05 10:29:37', 'LogIn', NULL),
	(355, 'admin', '2021-07-05 10:29:58', 'LogIn', NULL),
	(356, 'admin', '2021-07-05 10:31:07', 'LogIn', NULL),
	(357, 'admin', '2021-07-05 10:32:07', 'LogIn', NULL),
	(358, 'admin', '2021-07-05 10:39:17', 'LogIn', NULL),
	(359, 'admin', '2021-07-05 10:55:00', 'LogIn', NULL),
	(360, 'admin', '2021-07-05 10:55:24', 'LogTry', NULL),
	(361, 'admin', '2021-07-05 10:55:25', 'LogIn', NULL),
	(362, 'admin', '2021-07-05 10:59:21', 'LogIn', NULL),
	(363, 'admin', '2021-07-05 11:00:06', 'LogIn', NULL),
	(364, 'admin', '2021-07-05 11:02:32', 'LogIn', NULL),
	(365, 'admin', '2021-07-05 11:03:42', 'LogIn', NULL),
	(366, 'admin', '2021-07-05 11:04:03', 'LogIn', NULL),
	(367, 'admin', '2021-07-05 11:05:14', 'LogIn', NULL),
	(368, 'admin', '2021-07-05 11:06:12', 'LogIn', NULL),
	(369, 'admin', '2021-07-05 11:08:09', 'LogIn', NULL),
	(370, 'admin', '2021-07-05 11:16:24', 'LogIn', NULL),
	(371, 'admin', '2021-07-05 11:17:19', 'LogIn', NULL),
	(372, 'admin', '2021-07-05 11:19:33', 'LogIn', NULL),
	(373, 'admin', '2021-07-05 11:20:31', 'LogIn', NULL),
	(374, 'admin', '2021-07-05 11:21:11', 'LogIn', NULL),
	(375, 'admin', '2021-07-05 11:21:44', 'LogIn', NULL),
	(376, 'admin', '2021-07-05 11:22:17', 'LogIn', NULL),
	(377, 'admin', '2021-07-05 11:23:14', 'LogIn', NULL),
	(378, 'admin', '2021-07-05 11:23:36', 'LogIn', NULL),
	(379, 'admin', '2021-07-05 11:26:45', 'LogIn', NULL),
	(380, 'admin', '2021-07-05 11:29:42', 'LogIn', NULL),
	(381, 'admin', '2021-07-05 11:31:23', 'LogIn', NULL),
	(382, 'admin', '2021-07-05 11:32:24', 'LogIn', NULL),
	(383, 'admin', '2021-07-05 11:33:39', 'LogIn', NULL),
	(384, 'admin', '2021-07-05 11:35:43', 'LogIn', NULL),
	(385, 'admin', '2021-07-05 11:38:27', 'LogIn', NULL),
	(386, 'admin', '2021-07-05 11:39:02', 'LogIn', NULL),
	(387, 'admin', '2021-07-05 11:50:06', 'LogIn', NULL),
	(388, 'admin', '2021-07-05 11:54:15', 'LogIn', NULL),
	(389, 'admin', '2021-07-05 11:55:45', 'LogIn', NULL),
	(390, 'admin', '2021-07-05 13:07:07', 'LogIn', NULL),
	(391, 'admin', '2021-07-05 13:08:30', 'LogIn', NULL),
	(392, 'admin', '2021-07-05 13:10:41', 'LogIn', NULL),
	(393, 'admin', '2021-07-05 13:11:23', 'LogIn', NULL),
	(394, 'admin', '2021-07-05 13:12:05', 'LogIn', NULL),
	(395, 'admin', '2021-07-05 13:13:27', 'LogIn', NULL),
	(396, 'admin', '2021-07-05 13:17:53', 'LogIn', NULL),
	(397, 'admin', '2021-07-05 13:18:36', 'LogIn', NULL),
	(398, 'admin', '2021-07-05 13:19:34', 'LogIn', NULL),
	(399, 'admin', '2021-07-05 14:18:09', 'LogIn', NULL),
	(400, 'admin', '2021-07-05 14:21:21', 'LogIn', NULL),
	(401, 'admin', '2021-07-05 14:30:49', 'LogIn', NULL),
	(402, 'admin', '2021-07-05 14:32:16', 'LogIn', NULL),
	(403, 'admin', '2021-07-05 14:33:11', 'LogIn', NULL),
	(404, 'admin', '2021-07-05 14:33:33', 'LogIn', NULL),
	(405, 'admin', '2021-07-05 14:38:15', 'LogIn', NULL),
	(406, 'admin', '2021-07-05 14:39:05', 'LogIn', NULL),
	(407, 'admin', '2021-07-05 14:39:44', 'LogIn', NULL),
	(408, 'admin', '2021-07-05 14:46:49', 'LogIn', NULL),
	(409, 'admin', '2021-07-05 14:50:37', 'LogIn', NULL),
	(410, 'admin', '2021-07-05 14:51:02', 'LogIn', NULL),
	(411, 'admin', '2021-07-05 14:51:42', 'LogIn', NULL),
	(412, 'admin', '2021-07-05 14:52:51', 'LogIn', NULL),
	(413, 'admin', '2021-07-05 14:56:46', 'LogIn', NULL),
	(414, 'admin', '2021-07-05 14:57:34', 'LogIn', NULL),
	(415, 'admin', '2021-07-05 14:59:07', 'LogIn', NULL),
	(416, 'admin', '2021-07-05 14:59:32', 'LogIn', NULL),
	(417, 'admin', '2021-07-05 15:00:46', 'LogIn', NULL),
	(418, 'admin', '2021-07-05 15:01:26', 'LogIn', NULL),
	(419, 'admin', '2021-07-05 15:03:19', 'LogIn', NULL),
	(420, 'admin', '2021-07-05 15:19:15', 'LogIn', NULL),
	(421, 'admin', '2021-07-05 15:20:25', 'LogTry', NULL),
	(422, 'admin', '2021-07-05 15:20:27', 'LogIn', NULL),
	(423, 'admin', '2021-07-05 15:22:41', 'LogIn', NULL),
	(424, 'admin', '2021-07-05 15:27:39', 'LogIn', NULL),
	(425, 'admin', '2021-07-05 15:29:09', 'LogIn', NULL),
	(426, 'admin', '2021-07-05 15:30:52', 'LogTry', NULL),
	(427, 'admin', '2021-07-05 15:30:55', 'LogTry', NULL),
	(428, 'admin', '2021-07-05 15:30:56', 'LogIn', NULL),
	(429, 'admin', '2021-07-05 15:33:25', 'LogIn', NULL),
	(430, 'admin', '2021-07-05 15:35:32', 'LogIn', NULL),
	(431, 'admin', '2021-07-05 15:36:38', 'LogIn', NULL),
	(432, 'admin', '2021-07-05 15:39:28', 'LogIn', NULL),
	(433, 'admin', '2021-07-05 15:40:03', 'LogIn', NULL),
	(434, 'admin', '2021-07-05 16:20:58', 'LogIn', NULL),
	(435, 'admin', '2021-07-05 16:27:13', 'LogIn', NULL),
	(436, 'admin', '2021-07-05 16:27:42', 'LogIn', NULL),
	(437, 'admin', '2021-07-05 16:28:06', 'LogIn', NULL),
	(438, 'admin', '2021-07-05 16:31:18', 'LogIn', NULL),
	(439, 'admin', '2021-07-05 16:32:10', 'LogIn', NULL),
	(440, 'admin', '2021-07-05 16:35:52', 'LogIn', NULL),
	(441, 'admin', '2021-07-06 10:55:04', 'LogIn', NULL),
	(442, 'admin', '2021-07-06 11:30:53', 'LogIn', NULL),
	(443, 'admin', '2021-07-06 14:02:16', 'LogIn', NULL),
	(444, 'admin', '2021-07-06 14:13:02', 'LogIn', NULL),
	(445, 'admin', '2021-07-08 09:14:11', 'LogIn', NULL),
	(446, 'admin', '2021-07-08 09:47:05', 'LogIn', NULL),
	(447, 'admin', '2021-07-08 09:48:42', 'LogIn', NULL),
	(448, 'admin', '2021-07-08 10:11:56', 'LogIn', NULL),
	(449, 'admin', '2021-07-08 10:16:25', 'LogIn', NULL),
	(450, 'admin', '2021-07-08 10:22:33', 'LogIn', NULL),
	(451, 'admin', '2021-07-08 10:29:28', 'LogIn', NULL),
	(452, 'admin', '2021-07-08 11:16:20', 'LogIn', NULL),
	(453, 'admin', '2021-07-08 11:16:44', 'LogIn', NULL),
	(454, 'admin', '2021-07-08 11:18:13', 'LogIn', NULL),
	(455, 'admin', '2021-07-08 11:20:39', 'LogIn', NULL),
	(456, 'admin', '2021-07-08 11:23:16', 'LogIn', NULL),
	(457, 'admin', '2021-07-08 11:25:43', 'LogIn', NULL),
	(458, 'admin', '2021-07-08 11:26:56', 'LogTry', NULL),
	(459, 'admin', '2021-07-08 11:26:59', 'LogIn', NULL),
	(460, 'admin', '2021-07-08 11:28:05', 'LogIn', NULL),
	(461, 'admin', '2021-07-08 11:29:00', 'LogIn', NULL),
	(462, 'admin', '2021-07-08 11:32:19', 'LogIn', NULL),
	(463, 'admin', '2021-07-08 11:36:57', 'LogIn', NULL),
	(464, 'admin', '2021-07-08 11:38:46', 'LogIn', NULL),
	(465, 'admin', '2021-07-08 12:04:52', 'LogIn', NULL),
	(466, 'admin', '2021-07-08 13:11:02', 'LogIn', NULL),
	(467, 'admin', '2021-07-08 13:24:09', 'LogIn', NULL),
	(468, 'admin', '2021-07-08 13:26:54', 'LogIn', NULL),
	(469, 'admin', '2021-07-08 13:29:25', 'LogIn', NULL),
	(470, 'admin', '2021-07-08 14:12:22', 'LogIn', NULL),
	(471, 'admin', '2021-07-08 14:13:28', 'LogIn', NULL),
	(472, 'admin', '2021-07-08 14:14:07', 'LogIn', NULL),
	(473, 'admin', '2021-07-08 14:39:33', 'LogIn', NULL),
	(474, 'admin', '2021-07-08 14:39:49', 'LogIn', NULL),
	(475, 'admin', '2021-07-08 14:40:44', 'LogIn', NULL),
	(476, 'admin', '2021-07-08 14:41:08', 'LogIn', NULL),
	(477, 'admin', '2021-07-08 14:42:05', 'LogIn', NULL),
	(478, 'admin', '2021-07-08 14:54:57', 'LogIn', NULL),
	(479, 'admin', '2021-07-08 14:56:04', 'LogIn', NULL),
	(480, 'admin', '2021-07-08 14:57:20', 'LogIn', NULL),
	(481, 'admin', '2021-07-08 14:59:52', 'LogIn', NULL),
	(482, 'admin', '2021-07-08 15:00:56', 'LogIn', NULL),
	(483, 'admin', '2021-07-08 15:01:22', 'LogIn', NULL),
	(484, 'admin', '2021-07-08 16:03:31', 'LogIn', NULL),
	(485, 'admin', '2021-07-08 16:03:55', 'LogIn', NULL),
	(486, 'admin', '2021-07-08 16:05:00', 'LogIn', NULL),
	(487, 'admin', '2021-07-08 16:07:30', 'LogIn', NULL),
	(488, 'admin', '2021-07-08 16:08:31', 'LogIn', NULL),
	(489, 'admin', '2021-07-08 16:22:39', 'LogIn', NULL),
	(490, 'admin', '2021-07-08 16:52:40', 'LogIn', NULL),
	(491, 'admin', '2021-07-08 16:54:23', 'LogIn', NULL),
	(492, 'admin', '2021-07-08 16:59:59', 'LogIn', NULL),
	(493, 'admin', '2021-07-08 17:09:16', 'LogIn', NULL),
	(494, 'admin', '2021-07-09 08:46:14', 'LogIn', NULL),
	(495, 'admin', '2021-07-09 10:13:38', 'LogTry', NULL),
	(496, 'admin', '2021-07-09 10:13:40', 'LogIn', NULL),
	(497, 'admin', '2021-07-09 13:34:23', 'LogIn', NULL),
	(498, 'admin', '2021-07-09 13:37:23', 'LogIn', NULL),
	(499, 'admin', '2021-07-09 13:40:36', 'LogIn', NULL),
	(500, 'admin', '2021-07-09 13:41:30', 'LogIn', NULL),
	(501, 'admin', '2021-07-09 13:45:03', 'LogIn', NULL),
	(502, 'admin', '2021-07-09 13:54:39', 'LogIn', NULL),
	(503, 'admin', '2021-07-09 13:57:13', 'LogIn', NULL),
	(504, 'admin', '2021-07-09 13:57:46', 'LogIn', NULL),
	(505, 'admin', '2021-07-09 13:59:31', 'LogIn', NULL),
	(506, 'admin', '2021-07-09 14:00:35', 'LogIn', NULL),
	(507, 'admin', '2021-07-09 14:01:14', 'LogIn', NULL),
	(508, 'admin', '2021-07-09 14:02:45', 'LogIn', NULL),
	(509, 'admin', '2021-07-09 14:04:21', 'LogIn', NULL),
	(510, 'admin', '2021-07-09 14:05:19', 'LogIn', NULL),
	(511, 'admin', '2021-07-09 14:08:51', 'LogIn', NULL),
	(512, 'admin', '2021-07-09 14:09:09', 'LogIn', NULL),
	(513, 'admin', '2021-07-09 14:11:26', 'LogIn', NULL),
	(514, 'admin', '2021-07-09 14:13:37', 'LogIn', NULL),
	(515, 'admin', '2021-07-09 14:19:08', 'LogTry', NULL),
	(516, 'admin', '2021-07-09 14:19:12', 'LogIn', NULL),
	(517, 'admin', '2021-07-09 14:20:13', 'LogIn', NULL),
	(518, 'admin', '2021-07-09 14:25:33', 'LogIn', NULL),
	(519, 'admin', '2021-07-09 14:41:10', 'LogIn', NULL),
	(520, 'admin', '2021-07-09 14:42:10', 'LogIn', NULL),
	(521, 'admin', '2021-07-09 14:43:22', 'LogIn', NULL),
	(522, 'admin', '2021-07-09 14:43:36', 'LogIn', NULL),
	(523, 'admin', '2021-07-09 14:46:56', 'LogIn', NULL),
	(524, 'admin', '2021-07-09 14:49:29', 'LogIn', NULL),
	(525, 'admin', '2021-07-09 16:00:25', 'LogIn', NULL),
	(526, 'admin', '2021-07-13 09:12:12', 'LogIn', NULL),
	(527, 'admin', '2021-07-13 09:41:48', 'LogIn', NULL),
	(528, 'admin', '2021-07-14 09:36:46', 'LogIn', NULL),
	(529, 'admin', '2021-07-14 11:07:18', 'LogIn', NULL),
	(530, 'admin', '2021-07-14 13:15:23', 'LogIn', NULL),
	(531, 'admin', '2021-07-14 13:32:11', 'LogIn', NULL),
	(532, 'admin', '2021-07-14 14:37:48', 'LogIn', NULL),
	(533, 'admin', '2021-07-14 14:41:30', 'LogIn', NULL),
	(534, 'admin', '2021-07-14 14:46:04', 'LogIn', NULL),
	(535, 'admin', '2021-07-14 15:33:59', 'LogIn', NULL),
	(536, 'admin', '2021-07-14 16:58:31', 'LogIn', NULL),
	(537, 'admin', '2021-07-14 17:08:17', 'LogIn', NULL),
	(538, 'admin', '2021-07-14 17:11:17', 'LogIn', NULL),
	(539, 'admin', '2021-07-14 17:12:57', 'LogIn', NULL),
	(540, 'admin', '2021-07-14 17:31:11', 'LogIn', NULL),
	(541, 'admin', '2021-07-14 17:33:57', 'LogIn', NULL),
	(542, 'admin', '2021-07-14 17:35:09', 'LogIn', NULL),
	(543, 'admin', '2021-07-15 15:46:04', 'LogIn', NULL),
	(544, 'admin', '2021-07-16 10:10:19', 'LogIn', NULL),
	(545, 'admin', '2021-07-16 13:15:12', 'LogIn', NULL),
	(546, 'admin', '2021-07-16 13:17:29', 'LogIn', NULL),
	(547, 'admin', '2021-07-16 13:17:46', 'LogIn', NULL),
	(548, 'admin', '2021-07-16 13:21:20', 'LogIn', NULL),
	(549, 'admin', '2021-07-16 13:22:26', 'LogIn', NULL),
	(550, 'admin', '2021-07-16 13:24:13', 'LogIn', NULL),
	(551, 'admin', '2021-07-16 13:25:27', 'LogIn', NULL),
	(552, 'admin', '2021-07-16 13:25:46', 'LogIn', NULL),
	(553, 'admin', '2021-07-16 13:58:57', 'LogIn', NULL),
	(554, 'admin', '2021-07-16 14:30:16', 'LogIn', NULL),
	(555, 'admin', '2021-07-16 14:31:41', 'LogIn', NULL),
	(556, 'admin', '2021-07-16 14:35:28', 'LogIn', NULL),
	(557, 'admin', '2021-07-16 14:38:22', 'LogIn', NULL),
	(558, 'admin', '2021-07-16 14:39:42', 'LogIn', NULL),
	(559, 'admin', '2021-07-16 14:43:52', 'LogIn', NULL),
	(560, 'admin', '2021-07-16 14:44:34', 'LogIn', NULL),
	(561, 'admin', '2021-07-16 14:46:35', 'LogIn', NULL),
	(562, 'admin', '2021-07-16 14:47:53', 'LogIn', NULL),
	(563, 'admin', '2021-07-16 14:48:57', 'LogIn', NULL),
	(564, 'admin', '2021-07-16 14:53:32', 'LogIn', NULL),
	(565, 'admin', '2021-07-16 14:55:56', 'LogIn', NULL),
	(566, 'admin', '2021-07-19 09:07:22', 'LogIn', NULL),
	(567, 'admin', '2021-07-19 09:11:30', 'LogIn', NULL),
	(568, 'admin', '2021-07-19 09:37:47', 'LogIn', NULL),
	(569, 'admin', '2021-07-19 09:39:40', 'LogIn', NULL),
	(570, 'admin', '2021-07-19 09:46:40', 'LogIn', NULL),
	(571, 'admin', '2021-07-19 09:49:08', 'LogIn', NULL),
	(572, 'admin', '2021-07-19 09:53:31', 'LogIn', NULL),
	(573, 'admin', '2021-07-19 10:02:54', 'LogIn', NULL),
	(574, 'admin', '2021-07-19 13:17:48', 'LogIn', NULL),
	(575, 'admin', '2021-07-19 13:31:39', 'LogIn', NULL),
	(576, 'admin', '2021-07-19 13:34:22', 'LogIn', NULL),
	(577, 'admin', '2021-07-19 14:03:44', 'LogIn', NULL),
	(578, 'admin', '2021-07-19 14:17:42', 'LogIn', NULL),
	(579, 'admin', '2021-07-19 14:27:02', 'LogIn', NULL),
	(580, 'admin', '2021-07-19 15:39:44', 'LogIn', NULL),
	(581, 'admin', '2021-07-19 15:41:19', 'LogIn', NULL),
	(582, 'admin', '2021-07-19 15:42:30', 'LogIn', NULL),
	(583, 'admin', '2021-07-19 15:44:00', 'LogIn', NULL),
	(584, 'admin', '2021-07-19 16:01:45', 'LogIn', NULL),
	(585, 'admin', '2021-07-20 09:47:11', 'LogIn', NULL),
	(586, 'admin', '2021-07-20 09:49:42', 'LogIn', NULL),
	(587, 'admin', '2021-07-20 10:23:52', 'LogIn', NULL),
	(588, 'admin', '2021-07-20 10:31:40', 'LogIn', NULL),
	(589, 'admin', '2021-07-21 10:13:19', 'LogIn', NULL),
	(590, 'admin', '2021-07-21 11:24:58', 'LogIn', NULL),
	(591, 'admin', '2021-07-21 11:26:08', 'LogIn', NULL),
	(592, 'admin', '2021-07-21 13:11:38', 'LogIn', NULL),
	(593, 'admin', '2021-07-21 13:19:03', 'LogIn', NULL),
	(594, 'admin', '2021-07-21 13:32:21', 'LogIn', NULL),
	(595, 'admin', '2021-07-21 13:40:37', 'LogIn', NULL),
	(596, 'admin', '2021-07-21 14:16:05', 'LogIn', NULL),
	(597, 'admin', '2021-07-21 14:21:03', 'LogIn', NULL),
	(598, 'admin', '2021-07-21 14:34:34', 'LogIn', NULL),
	(599, 'admin', '2021-07-21 15:26:26', 'LogIn', NULL),
	(600, 'admin', '2021-07-21 16:20:29', 'LogIn', NULL),
	(601, 'admin', '2021-07-21 16:22:46', 'LogIn', NULL),
	(602, 'admin', '2021-07-21 16:33:33', 'LogIn', NULL),
	(603, 'admin', '2021-07-21 16:34:30', 'LogIn', NULL),
	(604, 'admin', '2021-07-21 16:39:06', 'LogIn', NULL),
	(605, 'admin', '2021-07-21 16:40:02', 'LogIn', NULL),
	(606, 'admin', '2021-07-21 16:40:34', 'LogIn', NULL),
	(607, 'admin', '2021-07-21 16:41:55', 'LogIn', NULL),
	(608, 'admin', '2021-07-21 16:42:36', 'LogIn', NULL),
	(609, 'admin', '2021-07-21 16:43:27', 'LogIn', NULL),
	(610, 'admin', '2021-07-21 16:44:17', 'LogIn', NULL),
	(611, 'admin', '2021-07-21 16:48:34', 'LogIn', NULL),
	(612, 'admin', '2021-07-21 17:18:49', 'LogIn', NULL),
	(613, 'admin', '2021-07-21 17:57:04', 'LogIn', NULL),
	(614, 'admin', '2021-07-22 09:02:36', 'LogIn', NULL),
	(615, 'admin', '2021-07-22 09:54:20', 'LogIn', NULL),
	(616, 'admin', '2021-07-22 09:54:24', 'LogIn', NULL),
	(617, 'admin', '2021-07-22 09:54:55', 'LogIn', NULL),
	(618, 'admin', '2021-07-22 09:55:14', 'LogIn', NULL),
	(619, 'admin', '2021-07-22 09:56:00', 'LogIn', NULL),
	(620, 'admin', '2021-07-22 09:56:54', 'LogIn', NULL),
	(621, 'admin', '2021-07-22 09:57:20', 'LogIn', NULL),
	(622, 'admin', '2021-07-22 09:57:31', 'LogIn', NULL),
	(623, 'admin', '2021-07-22 09:58:13', 'LogIn', NULL),
	(624, 'admin', '2021-07-22 09:58:58', 'LogIn', NULL),
	(625, 'admin', '2021-07-22 09:59:04', 'LogIn', NULL),
	(626, 'admin', '2021-07-22 10:03:32', 'LogIn', NULL),
	(627, 'admin', '2021-07-22 10:06:55', 'LogIn', NULL),
	(628, 'admin', '2021-07-22 13:38:29', 'LogIn', NULL),
	(629, 'admin', '2021-07-23 10:32:28', 'LogIn', NULL),
	(630, 'admin', '2021-07-23 11:21:25', 'LogIn', NULL),
	(631, 'admin', '2021-07-23 11:26:58', 'LogIn', NULL),
	(632, 'admin', '2021-07-23 11:30:00', 'LogIn', NULL),
	(633, 'admin', '2021-07-23 11:31:24', 'LogIn', NULL),
	(634, 'admin', '2021-07-23 11:31:51', 'LogIn', NULL),
	(635, 'admin', '2021-07-23 11:32:21', 'LogIn', NULL),
	(636, 'admin', '2021-07-23 13:22:42', 'LogIn', NULL),
	(637, 'admin', '2021-07-23 13:23:34', 'LogIn', NULL),
	(638, 'admin', '2021-07-23 13:27:33', 'LogIn', NULL),
	(639, 'admin', '2021-07-23 13:27:50', 'LogIn', NULL),
	(640, 'admin', '2021-07-23 13:32:58', 'LogIn', NULL),
	(641, 'admin', '2021-07-23 13:33:28', 'LogIn', NULL),
	(642, 'admin', '2021-07-23 13:41:03', 'LogIn', NULL),
	(643, 'admin', '2021-07-23 13:43:27', 'LogIn', NULL),
	(644, 'admin', '2021-07-23 13:52:01', 'LogIn', NULL),
	(645, 'admin', '2021-07-23 13:54:11', 'LogIn', NULL),
	(646, 'admin', '2021-07-23 13:56:45', 'LogIn', NULL),
	(647, 'admin', '2021-07-23 13:58:41', 'LogIn', NULL),
	(648, 'admin', '2021-07-23 13:59:22', 'LogIn', NULL),
	(649, 'admin', '2021-07-23 14:38:07', 'LogIn', NULL),
	(650, 'admin', '2021-07-23 14:41:39', 'LogIn', NULL),
	(651, 'admin', '2021-07-23 14:42:17', 'LogIn', NULL),
	(652, 'admin', '2021-07-23 14:43:01', 'LogIn', NULL),
	(653, 'admin', '2021-07-23 14:43:39', 'LogIn', NULL),
	(654, 'admin', '2021-07-23 14:46:23', 'LogIn', NULL),
	(655, 'admin', '2021-07-23 14:46:54', 'LogIn', NULL),
	(656, 'admin', '2021-07-23 14:49:57', 'LogIn', NULL),
	(657, 'admin', '2021-07-23 14:51:17', 'LogIn', NULL),
	(658, 'admin', '2021-07-23 14:55:24', 'LogIn', NULL),
	(659, 'admin', '2021-07-23 14:55:57', 'LogIn', NULL),
	(660, 'admin', '2021-07-23 15:04:06', 'LogIn', NULL),
	(661, 'admin', '2021-07-23 15:22:00', 'LogIn', NULL),
	(662, 'admin', '2021-07-23 15:23:51', 'LogIn', NULL),
	(663, 'admin', '2021-07-23 15:32:43', 'LogIn', NULL),
	(664, 'admin', '2021-07-23 15:33:22', 'LogIn', NULL),
	(665, 'admin', '2021-07-23 15:37:29', 'LogIn', NULL),
	(666, 'admin', '2021-07-23 15:38:48', 'LogIn', NULL),
	(667, 'admin', '2021-07-23 15:40:42', 'LogIn', NULL),
	(668, 'admin', '2021-07-23 15:41:02', 'LogIn', NULL),
	(669, 'admin', '2021-07-23 15:43:30', 'LogIn', NULL),
	(670, 'admin', '2021-07-23 15:47:06', 'LogIn', NULL),
	(671, 'admin', '2021-07-23 15:48:36', 'LogIn', NULL),
	(672, 'admin', '2021-07-23 16:02:54', 'LogIn', NULL),
	(673, 'admin', '2021-07-23 16:04:37', 'LogIn', NULL),
	(674, 'admin', '2021-07-23 16:09:47', 'LogIn', NULL),
	(675, 'admin', '2021-07-23 16:12:09', 'LogIn', NULL),
	(676, 'admin', '2021-07-23 16:36:47', 'LogIn', NULL),
	(677, 'admin', '2021-07-23 17:14:57', 'LogIn', NULL),
	(678, 'admin', '2021-07-26 09:43:36', 'LogIn', NULL),
	(679, 'admin', '2021-07-26 09:44:13', 'LogIn', NULL),
	(680, 'admin', '2021-07-26 09:53:04', 'LogIn', NULL),
	(681, 'admin', '2021-07-26 09:53:24', 'LogIn', NULL),
	(682, 'admin', '2021-07-26 10:32:40', 'LogIn', NULL),
	(683, 'admin', '2021-07-26 10:42:36', 'LogIn', NULL),
	(684, 'admin', '2021-07-26 10:44:21', 'LogIn', NULL),
	(685, 'admin', '2021-07-26 10:59:11', 'LogTry', NULL),
	(686, 'admin', '2021-07-26 10:59:14', 'LogIn', NULL),
	(687, 'admin', '2021-07-26 11:06:12', 'LogIn', NULL),
	(688, 'admin', '2021-07-26 11:13:34', 'LogIn', NULL),
	(689, 'admin', '2021-07-26 11:14:52', 'LogIn', NULL),
	(690, 'admin', '2021-07-26 11:16:05', 'LogIn', NULL),
	(691, 'admin', '2021-07-26 11:18:43', 'LogIn', NULL),
	(692, 'admin', '2021-07-26 11:25:45', 'LogIn', NULL),
	(693, 'admin', '2021-07-26 11:26:31', 'LogIn', NULL),
	(694, 'admin', '2021-07-26 11:27:39', 'LogIn', NULL),
	(695, 'admin', '2021-07-26 11:29:16', 'LogIn', NULL),
	(696, 'admin', '2021-07-26 11:33:15', 'LogIn', NULL),
	(697, 'admin', '2021-07-26 11:37:47', 'LogIn', NULL),
	(698, 'admin', '2021-07-26 11:39:29', 'LogIn', NULL),
	(699, 'admin', '2021-07-26 12:19:22', 'LogIn', NULL),
	(700, 'admin', '2021-07-26 13:54:43', 'LogIn', NULL),
	(701, 'admin', '2021-07-26 13:57:02', 'LogTry', NULL),
	(702, 'admin', '2021-07-26 13:57:06', 'LogTry', NULL),
	(703, 'admin', '2021-07-26 13:57:08', 'LogIn', NULL),
	(704, 'admin', '2021-07-26 14:40:12', 'LogIn', NULL),
	(705, 'admin', '2021-07-26 15:47:24', 'LogIn', NULL),
	(706, 'admin', '2021-07-26 16:18:44', 'LogIn', NULL),
	(707, 'admin', '2021-07-26 17:14:00', 'LogIn', NULL),
	(708, 'admin', '2021-07-26 17:25:09', 'LogIn', NULL),
	(709, 'admin', '2021-07-26 18:00:10', 'LogIn', NULL),
	(710, 'admin', '2021-07-27 09:38:15', 'LogIn', NULL),
	(711, 'admin', '2021-07-27 09:41:45', 'LogIn', NULL),
	(712, 'admin', '2021-07-27 09:45:06', 'LogIn', NULL),
	(713, 'admin', '2021-07-27 10:15:11', 'LogIn', NULL),
	(714, 'admin', '2021-07-27 10:22:07', 'LogIn', NULL),
	(715, 'admin', '2021-07-27 10:23:14', 'LogIn', NULL),
	(716, 'admin', '2021-07-27 10:29:24', 'LogIn', NULL),
	(717, 'admin', '2021-07-27 10:35:49', 'LogIn', NULL),
	(718, 'admin', '2021-07-27 10:36:53', 'LogIn', NULL),
	(719, 'admin', '2021-07-27 10:39:56', 'LogIn', NULL),
	(720, 'admin', '2021-07-27 11:39:01', 'LogIn', NULL),
	(721, 'admin', '2021-07-27 11:41:40', 'LogIn', NULL),
	(722, 'admin', '2021-07-27 11:59:48', 'LogIn', NULL),
	(723, 'admin', '2021-07-27 13:34:36', 'LogIn', NULL),
	(724, 'admin', '2021-07-27 13:39:58', 'LogIn', NULL),
	(725, 'admin', '2021-07-27 13:42:37', 'LogIn', NULL),
	(726, 'admin', '2021-07-27 13:55:32', 'LogIn', NULL),
	(727, 'admin', '2021-07-27 13:58:21', 'LogIn', NULL),
	(728, 'admin', '2021-07-27 13:58:36', 'LogIn', NULL),
	(729, 'admin', '2021-07-27 14:05:56', 'LogIn', NULL),
	(730, 'admin', '2021-07-27 14:12:31', 'LogIn', NULL),
	(731, 'admin', '2021-07-27 14:14:01', 'LogIn', NULL),
	(732, 'admin', '2021-07-27 14:36:18', 'LogIn', NULL),
	(733, 'admin', '2021-07-27 14:39:15', 'LogIn', NULL),
	(734, 'admin', '2021-07-27 14:41:00', 'LogIn', NULL),
	(735, 'admin', '2021-07-27 14:47:45', 'LogIn', NULL),
	(736, 'admin', '2021-07-27 15:29:56', 'LogIn', NULL),
	(737, 'admin', '2021-07-27 15:48:21', 'LogIn', NULL),
	(738, 'admin', '2021-07-27 15:55:03', 'LogIn', NULL),
	(739, 'admin', '2021-07-27 16:00:48', 'LogIn', NULL),
	(740, 'admin', '2021-07-27 16:02:10', 'LogIn', NULL),
	(741, 'admin', '2021-07-27 16:05:36', 'LogIn', NULL),
	(742, 'admin', '2021-07-27 16:11:21', 'LogIn', NULL),
	(743, 'admin', '2021-07-27 16:12:48', 'LogIn', NULL),
	(744, 'admin', '2021-07-27 16:25:33', 'LogIn', NULL),
	(745, 'admin', '2021-07-27 16:59:52', 'LogIn', NULL),
	(746, 'admin', '2021-07-27 17:05:38', 'LogIn', NULL),
	(747, 'admin', '2021-07-27 17:11:20', 'LogIn', NULL),
	(748, 'admin', '2021-07-27 17:13:17', 'LogIn', NULL),
	(749, 'admin', '2021-07-27 17:25:46', 'LogIn', NULL),
	(750, 'admin', '2021-07-27 17:31:04', 'LogIn', NULL),
	(751, 'admin', '2021-07-28 09:11:28', 'LogIn', NULL),
	(752, 'admin', '2021-07-28 09:30:22', 'LogIn', NULL),
	(753, 'admin', '2021-07-28 10:22:27', 'LogIn', NULL),
	(754, 'admin', '2021-07-28 10:22:48', 'LogIn', NULL),
	(755, 'admin', '2021-07-28 10:34:01', 'LogIn', NULL),
	(756, 'admin', '2021-07-28 10:35:25', 'LogIn', NULL),
	(757, 'admin', '2021-07-28 10:36:16', 'LogIn', NULL),
	(758, 'admin', '2021-07-28 10:37:39', 'LogIn', NULL),
	(759, 'admin', '2021-07-28 10:54:59', 'LogIn', NULL),
	(760, 'admin', '2021-07-28 11:22:26', 'LogIn', NULL),
	(761, 'admin', '2021-07-28 11:25:19', 'LogIn', NULL),
	(762, 'admin', '2021-07-28 11:42:37', 'LogIn', NULL),
	(763, 'admin', '2021-07-28 11:44:26', 'LogIn', NULL),
	(764, 'admin', '2021-07-28 11:49:26', 'LogIn', NULL),
	(765, 'admin', '2021-07-28 11:50:16', 'LogIn', NULL),
	(766, 'admin', '2021-07-28 11:51:34', 'LogIn', NULL),
	(767, 'admin', '2021-07-28 11:52:53', 'LogIn', NULL),
	(768, 'admin', '2021-07-28 11:56:07', 'LogIn', NULL),
	(769, 'admin', '2021-07-28 11:57:21', 'LogIn', NULL),
	(770, 'admin', '2021-07-28 12:10:41', 'LogIn', NULL),
	(771, 'admin', '2021-07-28 13:17:14', 'LogIn', NULL),
	(772, 'admin', '2021-07-28 13:25:12', 'LogIn', NULL),
	(773, 'admin', '2021-07-28 13:49:49', 'LogIn', NULL),
	(774, 'admin', '2021-07-28 14:05:58', 'LogIn', NULL),
	(775, 'admin', '2021-07-28 16:30:34', 'LogIn', NULL),
	(776, 'admin', '2021-07-29 11:30:23', 'LogIn', NULL),
	(777, 'admin', '2021-07-29 11:39:55', 'LogIn', NULL),
	(778, 'admin', '2021-07-29 11:42:23', 'LogIn', NULL),
	(779, 'admin', '2021-07-29 11:44:54', 'LogIn', NULL),
	(780, 'admin', '2021-07-29 13:35:57', 'LogIn', NULL),
	(781, 'admin', '2021-07-29 15:32:24', 'LogIn', NULL),
	(782, 'admin', '2021-07-29 16:47:00', 'LogIn', NULL),
	(783, 'admin', '2021-07-29 16:48:28', 'LogIn', NULL),
	(784, 'admin', '2021-07-29 16:49:33', 'LogIn', NULL),
	(785, 'admin', '2021-07-29 16:51:10', 'LogIn', NULL),
	(786, 'admin', '2021-07-29 16:54:50', 'LogIn', NULL),
	(787, 'admin', '2021-07-29 16:56:19', 'LogIn', NULL),
	(788, 'admin', '2021-07-29 17:00:00', 'LogIn', NULL),
	(789, 'admin', '2021-07-29 17:00:24', 'LogIn', NULL),
	(790, 'admin', '2021-07-29 17:02:41', 'LogIn', NULL),
	(791, 'admin', '2021-07-29 17:03:31', 'LogIn', NULL),
	(792, 'admin', '2021-07-29 17:36:33', 'LogIn', NULL),
	(793, 'admin', '2021-07-30 09:34:53', 'LogIn', NULL),
	(794, 'admin', '2021-07-30 09:35:35', 'LogIn', NULL),
	(795, 'admin', '2021-07-30 12:27:08', 'LogIn', NULL),
	(796, 'admin', '2021-07-30 12:52:58', 'LogIn', NULL),
	(797, 'admin', '2021-07-30 13:06:40', 'LogIn', NULL),
	(798, 'admin', '2021-07-30 13:34:19', 'LogIn', NULL),
	(799, 'admin', '2021-07-30 13:36:13', 'LogIn', NULL),
	(800, 'admin', '2021-07-30 13:48:02', 'LogIn', NULL),
	(801, 'admin', '2021-07-30 14:39:30', 'LogIn', NULL),
	(802, 'admin', '2021-07-30 14:42:56', 'LogIn', NULL),
	(803, 'admin', '2021-07-30 14:44:40', 'LogIn', NULL),
	(804, 'admin', '2021-07-30 14:45:43', 'LogIn', NULL),
	(805, 'admin', '2021-07-30 15:00:38', 'LogIn', NULL),
	(806, 'admin', '2021-07-30 15:36:13', 'LogIn', NULL),
	(807, 'admin', '2021-07-30 17:07:01', 'LogIn', NULL),
	(808, 'admin', '2021-08-02 13:40:10', 'LogIn', NULL),
	(809, 'admin', '2021-08-02 13:41:25', 'LogIn', NULL),
	(810, 'admin', '2021-08-02 13:54:28', 'LogIn', NULL),
	(811, 'admin', '2021-08-02 17:23:49', 'LogIn', NULL),
	(812, 'admin', '2021-08-03 09:57:02', 'LogIn', NULL),
	(813, 'admin', '2021-08-03 10:48:46', 'LogIn', NULL),
	(814, 'admin', '2021-08-03 10:51:11', 'LogIn', NULL),
	(815, 'admin', '2021-08-03 10:53:33', 'LogIn', NULL),
	(816, 'admin', '2021-08-03 11:12:30', 'LogIn', NULL),
	(817, 'admin', '2021-08-03 12:15:50', 'LogIn', NULL),
	(818, 'admin', '2021-08-03 12:16:57', 'LogIn', NULL),
	(819, 'admin', '2021-08-03 12:18:33', 'LogIn', NULL),
	(820, 'admin', '2021-08-03 12:19:09', 'LogIn', NULL),
	(821, 'admin', '2021-08-03 12:19:53', 'LogIn', NULL),
	(822, 'admin', '2021-08-03 12:20:53', 'LogIn', NULL),
	(823, 'admin', '2021-08-03 12:21:46', 'LogIn', NULL),
	(824, 'admin', '2021-08-03 12:22:30', 'LogIn', NULL),
	(825, 'admin', '2021-08-03 12:23:07', 'LogIn', NULL),
	(826, 'admin', '2021-08-03 12:23:45', 'LogIn', NULL),
	(827, 'admin', '2021-08-03 12:24:30', 'LogIn', NULL),
	(828, 'admin', '2021-08-03 12:25:26', 'LogIn', NULL),
	(829, 'admin', '2021-08-03 12:26:14', 'LogIn', NULL),
	(830, 'admin', '2021-08-03 12:28:08', 'LogIn', NULL),
	(831, 'admin', '2021-08-03 12:28:37', 'LogIn', NULL),
	(832, 'admin', '2021-08-03 12:29:24', 'LogIn', NULL),
	(833, 'admin', '2021-08-03 12:30:45', 'LogIn', NULL),
	(834, 'admin', '2021-08-03 12:31:32', 'LogIn', NULL),
	(835, 'admin', '2021-08-03 12:32:17', 'LogIn', NULL),
	(836, 'admin', '2021-08-03 12:33:30', 'LogIn', NULL),
	(837, 'admin', '2021-08-03 12:38:15', 'LogIn', NULL),
	(838, 'admin', '2021-08-03 12:38:43', 'LogIn', NULL),
	(839, 'admin', '2021-08-03 12:39:40', 'LogIn', NULL),
	(840, 'admin', '2021-08-03 12:40:05', 'LogIn', NULL),
	(841, 'admin', '2021-08-03 12:40:44', 'LogIn', NULL),
	(842, 'admin', '2021-08-03 12:41:18', 'LogIn', NULL),
	(843, 'admin', '2021-08-03 12:41:44', 'LogIn', NULL),
	(844, 'admin', '2021-08-03 12:42:18', 'LogIn', NULL),
	(845, 'admin', '2021-08-03 12:43:46', 'LogIn', NULL),
	(846, 'admin', '2021-08-03 12:44:30', 'LogIn', NULL),
	(847, 'admin', '2021-08-03 12:45:25', 'LogIn', NULL),
	(848, 'admin', '2021-08-03 12:46:22', 'LogIn', NULL),
	(849, 'admin', '2021-08-03 12:47:07', 'LogIn', NULL),
	(850, 'admin', '2021-08-03 12:59:44', 'LogIn', NULL),
	(851, 'admin', '2021-08-03 13:00:39', 'LogIn', NULL),
	(852, 'admin', '2021-08-03 13:04:03', 'LogIn', NULL),
	(853, 'admin', '2021-08-03 13:07:51', 'LogIn', NULL),
	(854, 'admin', '2021-08-03 13:09:43', 'LogIn', NULL),
	(855, 'admin', '2021-08-03 13:10:39', 'LogIn', NULL),
	(856, 'admin', '2021-08-03 13:11:23', 'LogIn', NULL),
	(857, 'admin', '2021-08-03 13:15:53', 'LogIn', NULL),
	(858, 'admin', '2021-08-03 13:37:44', 'LogIn', NULL),
	(859, 'admin', '2021-08-03 13:39:18', 'LogIn', NULL),
	(860, 'admin', '2021-08-03 13:43:25', 'LogIn', NULL),
	(861, 'admin', '2021-08-03 13:46:36', 'LogIn', NULL),
	(862, 'admin', '2021-08-03 13:48:21', 'LogIn', NULL),
	(863, 'admin', '2021-08-03 13:49:11', 'LogIn', NULL),
	(864, 'admin', '2021-08-03 13:55:08', 'LogIn', NULL),
	(865, 'admin', '2021-08-03 14:27:53', 'LogIn', NULL),
	(866, 'admin', '2021-08-03 14:45:18', 'LogIn', NULL),
	(867, 'admin', '2021-08-03 14:45:37', 'LogIn', NULL),
	(868, 'admin', '2021-08-03 14:49:02', 'LogIn', NULL),
	(869, 'admin', '2021-08-03 14:54:00', 'LogIn', NULL),
	(870, 'admin', '2021-08-03 14:55:54', 'LogIn', NULL),
	(871, 'admin', '2021-08-03 14:58:03', 'LogIn', NULL),
	(872, 'admin', '2021-08-03 15:27:20', 'LogIn', NULL),
	(873, 'admin', '2021-08-03 15:29:03', 'LogIn', NULL),
	(874, 'admin', '2021-08-03 15:32:05', 'LogIn', NULL),
	(875, 'admin', '2021-08-03 15:33:37', 'LogIn', NULL),
	(876, 'admin', '2021-08-03 15:40:00', 'LogIn', NULL),
	(877, 'admin', '2021-08-03 15:58:50', 'LogIn', NULL),
	(878, 'admin', '2021-08-03 16:03:13', 'LogIn', NULL),
	(879, 'admin', '2021-08-03 17:10:21', 'LogIn', NULL),
	(880, 'admin', '2021-08-04 09:12:03', 'LogIn', NULL),
	(881, 'admin', '2021-08-04 09:16:57', 'LogIn', NULL),
	(882, 'admin', '2021-08-04 09:21:59', 'LogIn', NULL),
	(883, 'admin', '2021-08-04 09:23:51', 'LogIn', NULL),
	(884, 'admin', '2021-08-04 09:25:03', 'LogIn', NULL),
	(885, 'admin', '2021-08-04 09:25:24', 'LogIn', NULL),
	(886, 'admin', '2021-08-04 09:32:36', 'LogIn', NULL),
	(887, 'admin', '2021-08-04 09:44:51', 'LogIn', NULL),
	(888, 'admin', '2021-08-04 09:53:14', 'LogIn', NULL),
	(889, 'admin', '2021-08-04 09:55:43', 'LogIn', NULL),
	(890, 'admin', '2021-08-04 09:59:49', 'LogIn', NULL),
	(891, 'admin', '2021-08-04 10:10:12', 'LogIn', NULL),
	(892, 'admin', '2021-08-04 10:12:40', 'LogIn', NULL),
	(893, 'admin', '2021-08-04 10:16:19', 'LogIn', NULL),
	(894, 'admin', '2021-08-04 10:20:58', 'LogIn', NULL),
	(895, 'admin', '2021-08-04 10:25:45', 'LogIn', NULL),
	(896, 'admin', '2021-08-04 10:28:11', 'LogIn', NULL),
	(897, 'admin', '2021-08-04 10:41:59', 'LogIn', NULL),
	(898, 'admin', '2021-08-04 10:45:23', 'LogIn', NULL),
	(899, 'admin', '2021-08-04 10:50:24', 'LogIn', NULL),
	(900, 'admin', '2021-08-04 10:52:42', 'LogIn', NULL),
	(901, 'admin', '2021-08-04 10:56:32', 'LogIn', NULL),
	(902, 'admin', '2021-08-04 10:58:10', 'LogIn', NULL),
	(903, 'admin', '2021-08-04 10:59:44', 'LogIn', NULL),
	(904, 'admin', '2021-08-04 11:00:26', 'LogIn', NULL),
	(905, 'admin', '2021-08-04 11:01:33', 'LogIn', NULL),
	(906, 'admin', '2021-08-04 11:02:07', 'LogIn', NULL),
	(907, 'admin', '2021-08-04 11:03:38', 'LogIn', NULL),
	(908, 'admin', '2021-08-04 11:04:50', 'LogIn', NULL),
	(909, 'admin', '2021-08-04 11:06:13', 'LogIn', NULL),
	(910, 'admin', '2021-08-04 11:07:14', 'LogIn', NULL),
	(911, 'admin', '2021-08-04 11:07:51', 'LogIn', NULL),
	(912, 'admin', '2021-08-04 11:08:24', 'LogIn', NULL),
	(913, 'admin', '2021-08-04 11:16:18', 'LogIn', NULL),
	(914, 'admin', '2021-08-04 11:37:31', 'LogIn', NULL),
	(915, 'admin', '2021-08-04 11:39:06', 'LogIn', NULL),
	(916, 'admin', '2021-08-04 11:45:53', 'LogIn', NULL),
	(917, 'admin', '2021-08-04 11:54:11', 'LogIn', NULL),
	(918, 'admin', '2021-08-04 13:08:48', 'LogIn', NULL),
	(919, 'admin', '2021-08-04 13:09:28', 'LogIn', NULL),
	(920, 'admin', '2021-08-04 13:14:39', 'LogIn', NULL),
	(921, 'admin', '2021-08-04 13:19:50', 'LogIn', NULL),
	(922, 'admin', '2021-08-04 13:22:16', 'LogIn', NULL),
	(923, 'admin', '2021-08-04 13:24:11', 'LogIn', NULL),
	(924, 'admin', '2021-08-04 13:30:16', 'LogIn', NULL),
	(925, 'admin', '2021-08-04 13:34:58', 'LogIn', NULL),
	(926, 'admin', '2021-08-04 13:38:06', 'LogIn', NULL),
	(927, 'admin', '2021-08-04 13:41:05', 'LogIn', NULL),
	(928, 'admin', '2021-08-04 13:42:08', 'LogIn', NULL),
	(929, 'admin', '2021-08-04 13:43:33', 'LogIn', NULL),
	(930, 'admin', '2021-08-04 13:44:46', 'LogTry', NULL),
	(931, 'admin', '2021-08-04 13:44:47', 'LogIn', NULL),
	(932, 'admin', '2021-08-04 13:47:00', 'LogIn', NULL),
	(933, 'admin', '2021-08-04 13:47:49', 'LogIn', NULL),
	(934, 'admin', '2021-08-04 13:49:01', 'LogIn', NULL),
	(935, 'admin', '2021-08-04 13:50:53', 'LogIn', NULL),
	(936, 'admin', '2021-08-04 13:54:11', 'LogIn', NULL),
	(937, 'admin', '2021-08-04 13:57:19', 'LogIn', NULL),
	(938, 'admin', '2021-08-04 14:18:30', 'LogIn', NULL),
	(939, 'admin', '2021-08-04 14:20:31', 'LogIn', NULL),
	(940, 'admin', '2021-08-04 14:21:49', 'LogIn', NULL),
	(941, 'admin', '2021-08-04 14:24:29', 'LogIn', NULL),
	(942, 'admin', '2021-08-04 14:25:47', 'LogIn', NULL),
	(943, 'admin', '2021-08-04 14:31:16', 'LogIn', NULL),
	(944, 'admin', '2021-08-04 14:32:13', 'LogIn', NULL),
	(945, 'admin', '2021-08-04 14:38:12', 'LogIn', NULL),
	(946, 'admin', '2021-08-04 14:39:28', 'LogIn', NULL),
	(947, 'admin', '2021-08-04 14:41:14', 'LogIn', NULL),
	(948, 'admin', '2021-08-04 14:42:24', 'LogIn', NULL),
	(949, 'admin', '2021-08-04 14:47:38', 'LogIn', NULL),
	(950, 'admin', '2021-08-04 14:48:07', 'LogIn', NULL),
	(951, 'admin', '2021-08-04 14:49:57', 'LogIn', NULL),
	(952, 'admin', '2021-08-04 15:02:27', 'LogIn', NULL),
	(953, 'admin', '2021-08-04 15:17:11', 'LogIn', NULL),
	(954, 'admin', '2021-08-04 15:18:19', 'LogIn', NULL),
	(955, 'admin', '2021-08-04 15:18:51', 'LogIn', NULL),
	(956, 'admin', '2021-08-04 15:24:35', 'LogIn', NULL),
	(957, 'admin', '2021-08-04 15:39:07', 'LogIn', NULL),
	(958, 'admin', '2021-08-04 15:41:04', 'LogTry', NULL),
	(959, 'admin', '2021-08-04 15:41:05', 'LogIn', NULL),
	(960, 'admin', '2021-08-04 15:42:43', 'LogIn', NULL),
	(961, 'admin', '2021-08-04 15:43:36', 'LogIn', NULL),
	(962, 'admin', '2021-08-04 15:52:19', 'LogIn', NULL),
	(963, 'admin', '2021-08-04 15:57:10', 'LogIn', NULL),
	(964, 'admin', '2021-08-04 16:24:11', 'LogIn', NULL),
	(965, 'admin', '2021-08-04 16:25:38', 'LogIn', NULL),
	(966, 'admin', '2021-08-04 16:27:31', 'LogIn', NULL),
	(967, 'admin', '2021-08-04 16:29:26', 'LogIn', NULL),
	(968, 'admin', '2021-08-04 16:49:16', 'LogIn', NULL),
	(969, 'admin', '2021-08-04 16:52:20', 'LogIn', NULL),
	(970, 'admin', '2021-08-04 16:53:27', 'LogIn', NULL),
	(971, 'admin', '2021-08-05 10:05:18', 'LogIn', NULL),
	(972, 'admin', '2021-08-05 10:20:26', 'LogIn', NULL),
	(973, 'admin', '2021-08-05 10:21:01', 'LogIn', NULL),
	(974, 'admin', '2021-08-05 10:24:08', 'LogIn', NULL),
	(975, 'admin', '2021-08-05 10:27:09', 'LogIn', NULL),
	(976, 'admin', '2021-08-05 10:28:17', 'LogIn', NULL),
	(977, 'admin', '2021-08-05 10:29:55', 'LogIn', NULL),
	(978, 'admin', '2021-08-05 10:45:26', 'LogIn', NULL),
	(979, 'admin', '2021-08-05 10:50:33', 'LogIn', NULL),
	(980, 'admin', '2021-08-05 10:52:21', 'LogIn', NULL),
	(981, 'admin', '2021-08-05 10:55:15', 'LogIn', NULL),
	(982, 'admin', '2021-08-05 11:06:17', 'LogIn', NULL),
	(983, 'admin', '2021-08-05 11:13:59', 'LogIn', NULL),
	(984, 'admin', '2021-08-05 11:15:50', 'LogIn', NULL),
	(985, 'admin', '2021-08-05 11:26:43', 'LogIn', NULL),
	(986, 'admin', '2021-08-05 11:30:29', 'LogIn', NULL),
	(987, 'admin', '2021-08-05 11:39:43', 'LogIn', NULL),
	(988, 'admin', '2021-08-05 11:42:53', 'LogIn', NULL),
	(989, 'admin', '2021-08-05 11:44:18', 'LogIn', NULL),
	(990, 'admin', '2021-08-05 12:38:43', 'LogIn', NULL),
	(991, 'admin', '2021-08-05 12:42:29', 'LogTry', NULL),
	(992, 'admin', '2021-08-05 12:42:32', 'LogIn', NULL),
	(993, 'admin', '2021-08-05 12:42:52', 'LogIn', NULL),
	(994, 'admin', '2021-08-05 12:43:15', 'LogIn', NULL),
	(995, 'admin', '2021-08-05 12:45:39', 'LogIn', NULL),
	(996, 'admin', '2021-08-05 13:23:20', 'LogIn', NULL),
	(997, 'admin', '2021-08-05 13:28:16', 'LogIn', NULL),
	(998, 'admin', '2021-08-05 13:29:06', 'LogIn', NULL),
	(999, 'admin', '2021-08-05 13:31:56', 'LogIn', NULL),
	(1000, 'admin', '2021-08-05 13:33:09', 'LogIn', NULL),
	(1001, 'admin', '2021-08-05 13:35:01', 'LogIn', NULL),
	(1002, 'admin', '2021-08-05 13:40:32', 'LogIn', NULL),
	(1003, 'admin', '2021-08-05 13:44:14', 'LogIn', NULL),
	(1004, 'admin', '2021-08-05 13:53:35', 'LogIn', NULL),
	(1005, 'admin', '2021-08-05 14:08:04', 'LogIn', NULL),
	(1006, 'admin', '2021-08-05 14:22:01', 'LogIn', NULL),
	(1007, 'admin', '2021-08-05 14:23:40', 'LogIn', NULL),
	(1008, 'admin', '2021-08-05 14:27:05', 'LogIn', NULL),
	(1009, 'admin', '2021-08-05 14:27:35', 'LogIn', NULL),
	(1010, 'admin', '2021-08-05 14:32:46', 'LogIn', NULL),
	(1011, 'admin', '2021-08-05 17:11:56', 'LogIn', NULL),
	(1012, 'admin', '2021-08-05 17:13:31', 'LogIn', NULL),
	(1013, 'admin', '2021-08-05 17:14:00', 'LogIn', NULL),
	(1014, 'admin', '2021-08-05 17:15:23', 'LogIn', NULL),
	(1015, 'admin', '2021-08-06 10:12:54', 'LogIn', NULL),
	(1016, 'admin', '2021-08-06 10:23:48', 'LogIn', NULL),
	(1017, 'admin', '2021-08-06 10:27:56', 'LogIn', NULL),
	(1018, 'admin', '2021-08-06 10:44:32', 'LogIn', NULL),
	(1019, 'admin', '2021-08-06 10:48:17', 'LogIn', NULL),
	(1020, 'admin', '2021-08-06 11:09:59', 'LogIn', NULL),
	(1021, 'admin', '2021-08-06 11:15:51', 'LogIn', NULL),
	(1022, 'admin', '2021-08-06 11:19:32', 'LogIn', NULL),
	(1023, 'admin', '2021-08-06 11:21:42', 'LogIn', NULL),
	(1024, 'admin', '2021-08-06 11:22:06', 'LogIn', NULL),
	(1025, 'admin', '2021-08-06 11:22:30', 'LogIn', NULL),
	(1026, 'admin', '2021-08-06 11:22:52', 'LogIn', NULL),
	(1027, 'admin', '2021-08-06 11:32:03', 'LogIn', NULL),
	(1028, 'admin', '2021-08-06 11:33:11', 'LogIn', NULL),
	(1029, 'admin', '2021-08-06 12:11:38', 'LogIn', NULL),
	(1030, 'admin', '2021-08-06 16:46:54', 'LogIn', NULL),
	(1031, 'admin', '2021-08-09 13:17:26', 'LogIn', NULL),
	(1032, 'admin', '2021-08-09 13:19:19', 'LogIn', NULL),
	(1033, 'admin', '2021-08-09 13:21:58', 'LogIn', NULL),
	(1034, 'admin', '2021-08-09 13:23:37', 'LogIn', NULL),
	(1035, 'admin', '2021-08-09 13:25:19', 'LogIn', NULL),
	(1036, 'admin', '2021-08-09 13:31:49', 'LogIn', NULL),
	(1037, 'admin', '2021-08-09 13:36:58', 'LogIn', NULL),
	(1038, 'admin', '2021-08-09 13:40:40', 'LogIn', NULL),
	(1039, 'admin', '2021-08-09 13:44:23', 'LogIn', NULL),
	(1040, 'admin', '2021-08-09 13:45:14', 'LogIn', NULL),
	(1041, 'admin', '2021-08-09 14:08:05', 'LogIn', NULL),
	(1042, 'admin', '2021-08-09 14:18:15', 'LogIn', NULL),
	(1043, 'admin', '2021-08-09 14:22:21', 'LogIn', NULL),
	(1044, 'admin', '2021-08-09 14:23:02', 'LogIn', NULL),
	(1045, 'admin', '2021-08-09 14:25:42', 'LogIn', NULL),
	(1046, 'admin', '2021-08-09 14:29:16', 'LogIn', NULL),
	(1047, 'admin', '2021-08-09 14:33:55', 'LogIn', NULL),
	(1048, 'admin', '2021-08-09 14:37:03', 'LogIn', NULL),
	(1049, 'admin', '2021-08-09 14:39:49', 'LogIn', NULL),
	(1050, 'admin', '2021-08-09 14:42:48', 'LogIn', NULL),
	(1051, 'admin', '2021-08-09 14:43:58', 'LogIn', NULL),
	(1052, 'admin', '2021-08-09 14:46:01', 'LogIn', NULL),
	(1053, 'admin', '2021-08-09 14:47:38', 'LogIn', NULL),
	(1054, 'admin', '2021-08-09 14:48:43', 'LogIn', NULL),
	(1055, 'admin', '2021-08-09 14:57:31', 'LogIn', NULL),
	(1056, 'admin', '2021-08-09 15:25:46', 'LogIn', NULL),
	(1057, 'admin', '2021-08-09 15:27:09', 'LogTry', NULL),
	(1058, 'admin', '2021-08-09 15:27:12', 'LogIn', NULL),
	(1059, 'admin', '2021-08-09 15:56:42', 'LogIn', NULL),
	(1060, 'admin', '2021-08-09 15:57:12', 'LogIn', NULL),
	(1061, 'admin', '2021-08-09 15:59:54', 'LogIn', NULL),
	(1062, 'admin', '2021-08-09 16:01:54', 'LogIn', NULL),
	(1063, 'admin', '2021-08-09 16:04:03', 'LogIn', NULL),
	(1064, 'admin', '2021-08-09 16:06:00', 'LogIn', NULL),
	(1065, 'admin', '2021-08-09 16:09:10', 'LogIn', NULL),
	(1066, 'admin', '2021-08-09 16:09:46', 'LogIn', NULL),
	(1067, 'admin', '2021-08-09 16:10:41', 'LogIn', NULL),
	(1068, 'admin', '2021-08-09 16:29:34', 'LogIn', NULL),
	(1069, 'admin', '2021-08-09 17:30:24', 'LogIn', NULL),
	(1070, 'admin', '2021-08-10 10:37:29', 'LogIn', NULL),
	(1071, 'admin', '2021-08-10 10:39:33', 'LogIn', NULL),
	(1072, 'admin', '2021-08-10 10:40:25', 'LogIn', NULL),
	(1073, 'admin', '2021-08-10 10:41:46', 'LogIn', NULL),
	(1074, 'admin', '2021-08-10 10:42:18', 'LogIn', NULL),
	(1075, 'admin', '2021-08-10 10:43:06', 'LogIn', NULL),
	(1076, 'admin', '2021-08-10 10:44:25', 'LogIn', NULL),
	(1077, 'admin', '2021-08-10 10:45:50', 'LogIn', NULL),
	(1078, 'admin', '2021-08-13 17:01:56', 'LogIn', NULL),
	(1079, 'admin', '2021-08-17 09:07:34', 'LogIn', NULL),
	(1080, 'admin', '2021-08-17 09:31:05', 'LogIn', NULL),
	(1081, 'admin', '2021-08-17 16:05:53', 'LogIn', NULL),
	(1082, 'admin', '2021-08-30 09:55:05', 'LogIn', NULL),
	(1083, 'admin', '2021-08-30 09:56:05', 'LogIn', NULL),
	(1084, 'admin', '2021-08-30 11:30:11', 'LogIn', NULL),
	(1085, 'admin', '2021-08-30 11:32:10', 'LogIn', NULL),
	(1086, 'admin', '2021-08-30 14:21:53', 'LogIn', NULL),
	(1087, 'admin', '2021-08-30 14:33:46', 'LogIn', NULL),
	(1088, 'admin', '2021-08-30 14:34:13', 'LogIn', NULL),
	(1089, 'admin', '2021-08-30 14:40:19', 'LogIn', NULL),
	(1090, 'admin', '2021-08-30 14:40:53', 'LogIn', NULL),
	(1091, 'admin', '2021-08-30 14:46:15', 'LogIn', NULL),
	(1092, 'admin', '2021-08-30 15:26:00', 'LogIn', NULL),
	(1093, 'admin', '2021-08-30 15:26:44', 'LogIn', NULL),
	(1094, 'admin', '2021-08-30 15:55:21', 'LogIn', NULL),
	(1095, 'admin', '2021-08-30 15:56:06', 'LogIn', NULL),
	(1096, 'admin', '2021-08-30 15:57:37', 'LogIn', NULL),
	(1097, 'admin', '2021-08-30 17:50:08', 'LogIn', NULL),
	(1098, 'admin', '2021-08-30 17:50:35', 'LogIn', NULL),
	(1099, 'admin', '2021-08-31 15:06:12', 'LogIn', NULL),
	(1100, 'admin', '2021-08-31 15:07:57', 'LogIn', NULL),
	(1101, 'admin', '2021-08-31 15:51:55', 'LogIn', NULL),
	(1102, 'admin', '2021-08-31 17:12:29', 'LogIn', NULL),
	(1103, 'admin', '2021-08-31 17:14:39', 'LogIn', NULL),
	(1104, 'admin', '2021-08-31 17:16:53', 'LogIn', NULL),
	(1105, 'admin', '2021-08-31 17:49:20', 'LogIn', NULL),
	(1106, 'admin', '2021-09-01 09:03:46', 'LogIn', NULL),
	(1107, 'admin', '2021-09-01 09:55:58', 'LogIn', NULL),
	(1108, 'admin', '2021-09-01 15:09:47', 'LogIn', NULL),
	(1109, 'admin', '2021-09-01 15:13:48', 'LogIn', NULL),
	(1110, 'admin', '2021-09-01 15:17:56', 'LogIn', NULL),
	(1111, 'admin', '2021-09-01 15:20:44', 'LogIn', NULL),
	(1112, 'admin', '2021-09-01 15:21:40', 'LogIn', NULL),
	(1113, 'admin', '2021-09-01 15:42:45', 'LogIn', NULL),
	(1114, 'admin', '2021-09-01 15:44:00', 'LogIn', NULL),
	(1115, 'admin', '2021-09-01 15:46:48', 'LogIn', NULL),
	(1116, 'admin', '2021-09-01 15:47:48', 'LogIn', NULL),
	(1117, 'admin', '2021-09-01 15:49:33', 'LogIn', NULL),
	(1118, 'admin', '2021-09-02 14:32:58', 'LogIn', NULL),
	(1119, 'admin', '2021-09-06 11:27:28', 'LogIn', NULL),
	(1120, 'admin', '2021-09-06 11:28:11', 'LogIn', NULL),
	(1121, 'admin', '2021-09-06 11:30:59', 'LogIn', NULL),
	(1122, 'admin', '2021-09-06 11:34:35', 'LogIn', NULL),
	(1123, 'admin', '2021-09-09 17:11:12', 'LogIn', NULL),
	(1124, 'admin', '2021-09-16 13:15:17', 'LogIn', NULL),
	(1125, 'admin', '2021-09-17 09:28:04', 'LogIn', NULL),
	(1126, 'admin', '2021-09-24 16:32:38', 'LogIn', NULL),
	(1127, 'admin', '2021-09-27 09:28:15', 'LogIn', NULL),
	(1128, 'admin', '2021-09-27 09:32:07', 'LogIn', NULL),
	(1129, 'admin', '2021-09-27 10:00:16', 'LogIn', NULL),
	(1130, 'admin', '2021-09-27 10:03:31', 'LogIn', NULL),
	(1131, 'admin', '2021-09-28 09:12:30', 'LogIn', NULL),
	(1132, 'admin', '2021-09-28 09:39:52', 'LogIn', NULL),
	(1133, 'admin', '2021-09-28 09:56:41', 'LogIn', NULL),
	(1134, 'admin', '2021-09-28 09:59:38', 'LogIn', NULL),
	(1135, 'admin', '2021-09-28 10:00:18', 'LogIn', NULL),
	(1136, 'admin', '2021-09-28 10:17:34', 'LogIn', NULL),
	(1137, 'admin', '2021-09-28 10:18:25', 'LogIn', NULL),
	(1138, 'admin', '2021-09-28 10:19:25', 'LogIn', NULL),
	(1139, 'admin', '2021-09-28 10:19:57', 'LogIn', NULL),
	(1140, 'admin', '2021-09-28 10:48:55', 'LogIn', NULL),
	(1141, 'admin', '2021-09-28 10:49:23', 'LogIn', NULL),
	(1142, 'admin', '2021-09-28 10:49:55', 'LogIn', NULL),
	(1143, 'admin', '2021-09-29 10:24:57', 'LogIn', NULL),
	(1144, 'admin', '2021-09-29 10:49:17', 'LogIn', NULL),
	(1145, 'admin', '2021-09-29 10:59:57', 'LogIn', NULL),
	(1146, 'admin', '2021-09-29 11:37:17', 'LogIn', NULL),
	(1147, 'admin', '2021-09-29 14:19:26', 'LogIn', NULL),
	(1148, 'admin', '2021-10-01 16:19:26', 'LogIn', NULL),
	(1149, 'admin', '2021-10-06 09:13:57', 'LogIn', NULL),
	(1150, 'admin', '2021-10-06 09:17:26', 'LogIn', NULL),
	(1151, 'admin', '2021-10-06 09:18:15', 'LogIn', NULL),
	(1152, 'admin', '2021-10-06 09:19:45', 'LogIn', NULL),
	(1153, 'admin', '2021-10-06 09:21:53', 'LogIn', NULL),
	(1154, 'admin', '2021-10-06 09:22:57', 'LogIn', NULL),
	(1155, 'admin', '2021-10-06 09:23:42', 'LogIn', NULL),
	(1156, 'admin', '2021-10-06 09:30:59', 'LogIn', NULL),
	(1157, 'admin', '2021-10-06 09:54:45', 'LogIn', NULL),
	(1158, 'admin', '2021-10-06 09:59:35', 'LogIn', NULL),
	(1159, 'admin', '2021-10-06 10:03:23', 'LogIn', NULL),
	(1160, 'admin', '2021-10-06 10:04:21', 'LogIn', NULL),
	(1161, 'admin', '2021-10-06 10:06:16', 'LogIn', NULL),
	(1162, 'admin', '2021-10-06 10:11:10', 'LogIn', NULL),
	(1163, 'admin', '2021-10-06 10:14:24', 'LogIn', NULL),
	(1164, 'admin', '2021-10-06 10:15:15', 'LogIn', NULL),
	(1165, 'admin', '2021-10-06 10:15:51', 'LogIn', NULL),
	(1166, 'admin', '2021-10-06 10:44:46', 'LogIn', NULL),
	(1167, 'admin', '2021-10-06 10:57:43', 'LogIn', NULL),
	(1168, 'admin', '2021-10-06 11:17:22', 'LogIn', NULL),
	(1169, 'admin', '2021-10-06 11:18:16', 'LogIn', NULL),
	(1170, 'admin', '2021-10-06 11:19:28', 'LogIn', NULL),
	(1171, 'admin', '2021-10-06 11:20:28', 'LogIn', NULL),
	(1172, 'admin', '2021-10-06 11:20:57', 'LogIn', NULL),
	(1173, 'admin', '2021-10-06 11:24:34', 'LogIn', NULL),
	(1174, 'admin', '2021-10-06 11:25:55', 'LogIn', NULL),
	(1175, 'admin', '2021-10-06 11:26:58', 'LogIn', NULL),
	(1176, 'admin', '2021-10-06 11:36:49', 'LogIn', NULL),
	(1177, 'admin', '2021-10-06 12:38:01', 'LogIn', NULL),
	(1178, 'admin', '2021-10-06 12:38:47', 'LogIn', NULL),
	(1179, 'admin', '2021-10-06 12:42:32', 'LogIn', NULL),
	(1180, 'admin', '2021-10-06 12:49:11', 'LogIn', NULL),
	(1181, 'admin', '2021-10-06 12:50:08', 'LogIn', NULL),
	(1182, 'admin', '2021-10-06 12:51:16', 'LogIn', NULL),
	(1183, 'admin', '2021-10-06 13:07:32', 'LogIn', NULL),
	(1184, 'admin', '2021-10-06 14:20:40', 'LogIn', NULL),
	(1185, 'admin', '2021-10-06 14:21:51', 'LogIn', NULL),
	(1186, 'admin', '2021-10-06 14:22:42', 'LogIn', NULL),
	(1187, 'admin', '2021-10-06 14:25:21', 'LogIn', NULL),
	(1188, 'admin', '2021-10-06 14:26:27', 'LogIn', NULL),
	(1189, 'admin', '2021-10-06 14:29:31', 'LogIn', NULL),
	(1190, 'admin', '2021-10-06 14:31:26', 'LogIn', NULL),
	(1191, 'admin', '2021-10-06 14:34:10', 'LogIn', NULL),
	(1192, 'admin', '2021-10-06 14:51:11', 'LogIn', NULL),
	(1193, 'admin', '2021-10-06 14:52:38', 'LogIn', NULL),
	(1194, 'admin', '2021-10-06 14:55:50', 'LogIn', NULL),
	(1195, 'admin', '2021-10-06 14:57:49', 'LogIn', NULL),
	(1196, 'admin', '2021-10-06 15:04:43', 'LogIn', NULL),
	(1197, 'admin', '2021-10-06 15:09:45', 'LogIn', NULL),
	(1198, 'admin', '2021-10-06 15:16:35', 'LogIn', NULL),
	(1199, 'admin', '2021-10-06 15:18:27', 'LogIn', NULL),
	(1200, 'admin', '2021-10-06 15:19:15', 'LogIn', NULL),
	(1201, 'admin', '2021-10-06 15:19:43', 'LogIn', NULL),
	(1202, 'admin', '2021-10-06 15:23:31', 'LogIn', NULL),
	(1203, 'admin', '2021-10-06 15:32:05', 'LogIn', NULL),
	(1204, 'admin', '2021-10-06 15:32:26', 'LogIn', NULL),
	(1205, 'admin', '2021-10-06 15:34:23', 'LogIn', NULL),
	(1206, 'admin', '2021-10-06 15:36:47', 'LogIn', NULL),
	(1207, 'admin', '2021-10-06 15:37:36', 'LogIn', NULL),
	(1208, 'admin', '2021-10-06 15:38:41', 'LogIn', NULL),
	(1209, 'admin', '2021-10-06 15:39:17', 'LogIn', NULL),
	(1210, 'admin', '2021-10-06 15:40:29', 'LogIn', NULL),
	(1211, 'admin', '2021-10-06 15:41:54', 'LogIn', NULL),
	(1212, 'admin', '2021-10-07 09:09:19', 'LogIn', NULL),
	(1213, 'admin', '2021-10-07 09:10:14', 'LogIn', NULL),
	(1214, 'admin', '2021-10-07 09:10:52', 'LogIn', NULL),
	(1215, 'admin', '2021-10-07 09:11:55', 'LogIn', NULL),
	(1216, 'admin', '2021-10-07 09:48:52', 'LogIn', NULL),
	(1217, 'admin', '2021-10-26 09:06:31', 'LogIn', NULL),
	(1218, 'admin', '2021-10-26 09:11:23', 'LogIn', NULL),
	(1219, 'admin', '2021-10-26 09:13:52', 'LogIn', NULL),
	(1220, 'admin', '2021-10-26 09:17:02', 'LogIn', NULL),
	(1221, 'admin', '2021-10-26 09:17:52', 'LogIn', NULL),
	(1222, 'admin', '2021-10-26 09:23:35', 'LogIn', NULL),
	(1223, 'admin', '2021-10-26 09:24:38', 'LogIn', NULL),
	(1224, 'admin', '2021-10-26 09:25:06', 'LogIn', NULL),
	(1225, 'admin', '2021-10-26 09:26:07', 'LogIn', NULL),
	(1226, 'admin', '2021-10-26 09:26:27', 'LogIn', NULL),
	(1227, 'admin', '2021-10-26 09:27:23', 'LogIn', NULL),
	(1228, 'admin', '2021-10-26 09:27:49', 'LogIn', NULL),
	(1229, 'admin', '2021-10-26 09:28:40', 'LogIn', NULL),
	(1230, 'admin', '2021-10-26 09:32:10', 'LogIn', NULL),
	(1231, 'admin', '2021-10-26 10:02:36', 'LogIn', NULL),
	(1232, 'admin', '2021-10-26 10:05:30', 'LogIn', NULL),
	(1233, 'admin', '2021-10-26 10:22:17', 'LogIn', NULL),
	(1234, 'admin', '2021-10-26 10:26:03', 'LogIn', NULL),
	(1235, 'admin', '2021-10-26 10:27:00', 'LogIn', NULL),
	(1236, 'admin', '2021-10-26 10:28:26', 'LogIn', NULL),
	(1237, 'admin', '2021-10-26 10:29:00', 'LogIn', NULL),
	(1238, 'admin', '2021-10-26 10:30:43', 'LogIn', NULL),
	(1239, 'admin', '2021-10-26 10:33:33', 'LogIn', NULL),
	(1240, 'admin', '2021-10-26 10:37:37', 'LogIn', NULL),
	(1241, 'admin', '2021-10-26 10:54:36', 'LogIn', NULL),
	(1242, 'admin', '2021-10-26 11:02:45', 'LogIn', NULL),
	(1243, 'admin', '2021-10-26 11:03:46', 'LogIn', NULL),
	(1244, 'admin', '2021-10-26 11:04:20', 'LogIn', NULL),
	(1245, 'admin', '2021-10-26 11:05:07', 'LogIn', NULL),
	(1246, 'admin', '2021-10-26 11:05:44', 'LogIn', NULL),
	(1247, 'admin', '2021-10-26 11:08:30', 'LogIn', NULL),
	(1248, 'admin', '2021-10-26 11:09:16', 'LogIn', NULL),
	(1249, 'admin', '2021-10-26 11:20:29', 'LogIn', NULL),
	(1250, 'admin', '2021-10-26 11:32:02', 'LogIn', NULL),
	(1251, 'admin', '2021-10-26 13:28:38', 'LogIn', NULL),
	(1252, 'admin', '2021-10-26 13:31:03', 'LogIn', NULL),
	(1253, 'admin', '2021-10-26 13:51:19', 'LogIn', NULL),
	(1254, 'admin', '2021-10-26 13:54:08', 'LogIn', NULL),
	(1255, 'admin', '2021-10-26 13:58:51', 'LogIn', NULL),
	(1256, 'admin', '2021-10-26 14:28:21', 'LogIn', NULL),
	(1257, 'admin', '2021-10-26 14:33:15', 'LogIn', NULL),
	(1258, 'admin', '2021-10-26 14:36:43', 'LogIn', NULL),
	(1259, 'admin', '2021-10-26 14:48:38', 'LogIn', NULL),
	(1260, 'admin', '2021-10-26 15:02:07', 'LogIn', NULL),
	(1261, 'admin', '2021-10-26 15:04:57', 'LogIn', NULL),
	(1262, 'admin', '2021-10-26 15:13:51', 'LogIn', NULL),
	(1263, 'admin', '2021-10-26 15:45:32', 'LogIn', NULL),
	(1264, 'admin', '2021-10-26 16:11:57', 'LogIn', NULL),
	(1265, 'admin', '2021-10-26 16:12:57', 'LogIn', NULL),
	(1266, 'admin', '2021-10-26 16:16:29', 'LogIn', NULL),
	(1267, 'admin', '2021-10-26 16:18:41', 'LogIn', NULL),
	(1268, 'admin', '2021-10-26 16:19:40', 'LogIn', NULL),
	(1269, 'admin', '2021-10-26 16:21:31', 'LogIn', NULL),
	(1270, 'admin', '2021-10-26 16:23:54', 'LogIn', NULL),
	(1271, 'admin', '2021-10-26 16:28:08', 'LogIn', NULL),
	(1272, 'admin', '2021-10-26 16:30:57', 'LogIn', NULL),
	(1273, 'admin', '2021-10-26 16:31:43', 'LogIn', NULL),
	(1274, 'admin', '2021-10-26 16:32:33', 'LogIn', NULL),
	(1275, 'admin', '2021-10-26 16:33:59', 'LogIn', NULL),
	(1276, 'admin', '2021-10-26 16:36:02', 'LogIn', NULL),
	(1277, 'admin', '2021-10-26 16:36:54', 'LogIn', NULL),
	(1278, 'admin', '2021-10-26 16:40:22', 'LogIn', NULL),
	(1279, 'admin', '2021-10-26 16:42:04', 'LogIn', NULL),
	(1280, 'admin', '2021-10-26 16:43:55', 'LogIn', NULL),
	(1281, 'admin', '2021-10-26 16:46:51', 'LogIn', NULL),
	(1282, 'admin', '2021-10-26 16:48:05', 'LogIn', NULL),
	(1283, 'admin', '2021-10-26 17:15:00', 'LogIn', NULL),
	(1284, 'admin', '2021-10-26 17:16:37', 'LogIn', NULL),
	(1285, 'admin', '2021-10-26 17:18:36', 'LogIn', NULL),
	(1286, 'admin', '2021-10-26 17:19:31', 'LogIn', NULL),
	(1287, 'admin', '2021-10-26 17:22:42', 'LogIn', NULL),
	(1288, 'admin', '2021-10-26 17:29:44', 'LogIn', NULL),
	(1289, 'admin', '2021-10-26 17:32:35', 'LogIn', NULL),
	(1290, 'admin', '2021-10-28 10:44:10', 'LogIn', NULL),
	(1291, 'admin', '2021-10-28 13:16:44', 'LogIn', NULL),
	(1292, 'admin', '2021-10-28 18:40:27', 'LogIn', NULL),
	(1293, 'admin', '2021-10-28 18:42:01', 'LogIn', NULL),
	(1294, 'admin', '2021-10-28 18:46:37', 'LogIn', NULL),
	(1295, 'admin', '2021-10-29 12:53:51', 'LogIn', NULL),
	(1296, 'admin', '2021-10-29 15:01:38', 'LogTry', NULL),
	(1297, 'admin', '2021-10-29 15:01:39', 'LogIn', NULL),
	(1298, 'admin', '2021-10-29 15:03:49', 'LogIn', NULL),
	(1299, 'admin', '2021-10-29 15:04:30', 'LogIn', NULL),
	(1300, 'admin', '2021-10-29 15:05:44', 'LogIn', NULL),
	(1301, 'admin', '2021-10-29 15:07:58', 'LogIn', NULL),
	(1302, 'admin', '2021-10-29 15:10:04', 'LogIn', NULL),
	(1303, 'admin', '2021-10-29 15:14:50', 'LogIn', NULL),
	(1304, 'admin', '2021-10-29 15:15:58', 'LogIn', NULL),
	(1305, 'admin', '2021-10-29 15:19:08', 'LogIn', NULL),
	(1306, 'admin', '2021-10-29 15:21:04', 'LogIn', NULL),
	(1307, 'admin', '2021-10-29 15:40:24', 'LogIn', NULL),
	(1308, 'admin', '2021-10-29 15:41:31', 'LogIn', NULL),
	(1309, 'admin', '2021-10-29 15:53:00', 'LogIn', NULL),
	(1310, 'admin', '2021-10-29 16:17:08', 'LogIn', NULL),
	(1311, 'admin', '2021-11-01 11:15:15', 'LogIn', NULL),
	(1312, 'admin', '2021-11-01 18:06:53', 'LogIn', NULL),
	(1313, 'admin', '2021-11-08 15:09:12', 'LogIn', NULL),
	(1314, 'admin', '2021-11-17 10:47:03', 'LogIn', NULL),
	(1315, 'admin', '2021-11-17 14:22:27', 'LogIn', NULL),
	(1316, 'admin', '2021-11-18 18:05:24', 'LogIn', NULL),
	(1317, 'admin', '2021-11-22 10:24:47', 'LogIn', NULL),
	(1318, 'admin', '2021-11-22 10:32:56', 'LogIn', NULL),
	(1319, 'admin', '2021-11-22 10:53:22', 'LogIn', NULL),
	(1320, 'admin', '2021-11-22 10:55:31', 'LogIn', NULL),
	(1321, 'admin', '2021-11-22 10:56:03', 'LogIn', NULL),
	(1322, 'admin', '2021-11-22 12:55:24', 'LogIn', NULL),
	(1323, 'admin', '2021-11-22 13:15:19', 'LogTry', NULL),
	(1324, 'admin', '2021-11-22 13:15:22', 'LogIn', NULL),
	(1325, 'admin', '2021-11-23 14:16:41', 'LogIn', NULL),
	(1326, 'admin', '2021-11-23 14:21:00', 'LogIn', NULL),
	(1327, 'admin', '2021-11-23 15:32:08', 'LogIn', NULL),
	(1328, 'admin', '2021-11-24 16:53:18', 'LogIn', NULL),
	(1329, 'admin', '2021-11-29 13:28:03', 'LogIn', NULL),
	(1330, 'admin', '2021-11-29 13:33:46', 'LogIn', NULL),
	(1331, 'admin', '2021-11-29 13:38:32', 'LogIn', NULL),
	(1332, 'admin', '2021-11-29 14:57:07', 'LogIn', NULL),
	(1333, 'admin', '2021-11-29 15:01:06', 'LogIn', NULL),
	(1334, 'admin', '2021-11-30 10:01:36', 'LogIn', NULL),
	(1335, 'admin', '2021-11-30 10:02:31', 'LogIn', NULL),
	(1336, 'admin', '2021-11-30 10:07:08', 'LogIn', NULL),
	(1337, 'admin', '2021-11-30 10:08:00', 'LogIn', NULL),
	(1338, 'admin', '2021-11-30 10:09:36', 'LogIn', NULL),
	(1339, 'admin', '2021-11-30 10:10:40', 'LogIn', NULL),
	(1340, 'admin', '2021-11-30 10:13:07', 'LogIn', NULL),
	(1341, 'admin', '2021-11-30 15:55:09', 'LogIn', NULL),
	(1342, 'admin', '2021-12-01 14:12:17', 'LogIn', NULL),
	(1343, 'admin', '2021-12-01 16:57:40', 'LogIn', NULL),
	(1344, 'admin', '2021-12-02 09:31:47', 'LogIn', NULL),
	(1345, 'admin', '2021-12-02 09:52:28', 'LogIn', NULL),
	(1346, 'admin', '2021-12-02 11:24:30', 'LogIn', NULL),
	(1347, 'admin', '2021-12-02 11:33:00', 'LogIn', NULL),
	(1348, 'admin', '2021-12-02 12:53:15', 'LogIn', NULL),
	(1349, 'admin', '2021-12-02 12:53:41', 'LogIn', NULL),
	(1350, 'admin', '2021-12-02 13:23:52', 'LogIn', NULL),
	(1351, 'admin', '2021-12-02 14:41:29', 'LogIn', NULL),
	(1352, 'admin', '2021-12-02 14:46:13', 'LogIn', NULL),
	(1353, 'admin', '2021-12-02 14:46:51', 'LogIn', NULL),
	(1354, 'admin', '2021-12-02 14:48:28', 'LogIn', NULL),
	(1355, 'admin', '2021-12-02 15:37:07', 'LogTry', NULL),
	(1356, 'admin', '2021-12-02 15:37:11', 'LogIn', NULL),
	(1357, 'admin', '2021-12-03 09:45:52', 'LogIn', NULL),
	(1358, 'admin', '2021-12-03 09:58:34', 'LogIn', NULL),
	(1359, 'admin', '2021-12-03 12:59:29', 'LogIn', NULL),
	(1360, 'admin', '2021-12-03 13:11:05', 'LogIn', NULL),
	(1361, 'admin', '2021-12-03 13:13:38', 'LogIn', NULL),
	(1362, 'admin', '2021-12-03 13:18:14', 'LogIn', NULL),
	(1363, 'admin', '2021-12-03 13:21:36', 'LogIn', NULL),
	(1364, 'admin', '2021-12-03 13:27:05', 'LogIn', NULL),
	(1365, 'admin', '2021-12-03 13:27:41', 'LogIn', NULL),
	(1366, 'admin', '2021-12-03 13:29:51', 'LogIn', NULL),
	(1367, 'admin', '2021-12-03 13:44:06', 'LogIn', NULL),
	(1368, 'admin', '2021-12-03 15:21:01', 'LogIn', NULL),
	(1369, 'admin', '2021-12-03 15:22:08', 'LogIn', NULL),
	(1370, 'admin', '2021-12-03 15:24:00', 'LogIn', NULL),
	(1371, 'admin', '2021-12-03 15:24:58', 'LogIn', NULL),
	(1372, 'admin', '2021-12-03 15:28:33', 'LogIn', NULL),
	(1373, 'admin', '2021-12-03 15:32:17', 'LogIn', NULL),
	(1374, 'admin', '2021-12-03 16:50:21', 'LogIn', NULL),
	(1375, 'admin', '2021-12-03 16:51:39', 'LogIn', NULL),
	(1376, 'admin', '2021-12-06 08:59:28', 'LogIn', NULL),
	(1377, 'admin', '2021-12-06 16:06:04', 'LogIn', NULL),
	(1378, 'admin', '2021-12-06 17:00:16', 'LogIn', NULL),
	(1379, 'admin', '2021-12-09 10:50:50', 'LogIn', NULL),
	(1380, 'admin', '2021-12-09 11:04:27', 'LogIn', NULL),
	(1381, 'admin', '2021-12-09 12:52:20', 'LogIn', NULL),
	(1382, 'admin', '2021-12-09 15:26:28', 'LogIn', NULL),
	(1383, 'admin', '2021-12-09 15:27:08', 'LogIn', NULL),
	(1384, 'admin', '2021-12-09 15:28:22', 'LogIn', NULL),
	(1385, 'admin', '2021-12-10 16:01:19', 'LogIn', NULL),
	(1386, 'admin', '2021-12-13 09:10:50', 'LogIn', NULL),
	(1387, 'admin', '2021-12-13 09:26:31', 'LogIn', NULL),
	(1388, 'admin', '2021-12-13 09:28:52', 'LogIn', NULL),
	(1389, 'admin', '2021-12-13 09:30:10', 'LogIn', NULL),
	(1390, 'admin', '2021-12-13 09:33:30', 'LogIn', NULL),
	(1391, 'admin', '2021-12-13 09:36:45', 'LogIn', NULL),
	(1392, 'admin', '2021-12-13 09:50:06', 'LogIn', NULL),
	(1393, 'admin', '2021-12-13 10:08:28', 'LogIn', NULL),
	(1394, 'admin', '2021-12-13 10:11:52', 'LogIn', NULL),
	(1395, 'admin', '2021-12-13 10:13:17', 'LogIn', NULL),
	(1396, 'admin', '2021-12-13 10:13:36', 'LogIn', NULL),
	(1397, 'admin', '2021-12-13 10:17:48', 'LogIn', NULL),
	(1398, 'admin', '2021-12-13 10:19:27', 'LogIn', NULL),
	(1399, 'admin', '2021-12-13 10:24:02', 'LogIn', NULL),
	(1400, 'admin', '2021-12-13 10:28:14', 'LogIn', NULL),
	(1401, 'admin', '2021-12-13 10:29:32', 'LogIn', NULL),
	(1402, 'admin', '2021-12-17 09:22:46', 'LogIn', NULL),
	(1403, 'admin', '2021-12-17 09:24:06', 'LogIn', NULL),
	(1404, 'admin', '2021-12-17 09:24:58', 'LogIn', NULL),
	(1405, 'admin', '2021-12-17 09:35:40', 'LogIn', NULL),
	(1406, 'User5', '2021-12-17 09:42:43', 'SignUp', NULL),
	(1407, 'User6', '2021-12-17 09:43:25', 'SignUp', NULL),
	(1408, 'User7', '2021-12-17 09:43:54', 'SignUp', NULL),
	(1409, 'User8', '2021-12-17 09:44:25', 'SignUp', NULL),
	(1410, 'User9', '2021-12-17 09:44:55', 'SignUp', NULL),
	(1411, 'User10', '2021-12-17 09:45:20', 'SignUp', NULL),
	(1412, 'admin', '2021-12-17 10:23:23', 'LogIn', NULL),
	(1413, 'admin', '2021-12-20 14:22:24', 'LogIn', NULL),
	(1414, 'admin', '2021-12-20 14:26:48', 'LogIn', NULL),
	(1415, 'admin', '2021-12-20 14:28:36', 'LogIn', NULL),
	(1416, 'admin', '2021-12-20 14:32:04', 'LogIn', NULL),
	(1417, 'admin', '2021-12-20 14:38:42', 'LogIn', NULL),
	(1418, 'admin', '2021-12-20 14:40:34', 'LogIn', NULL),
	(1419, 'admin', '2021-12-20 14:41:22', 'LogIn', NULL),
	(1420, 'admin', '2021-12-20 14:41:57', 'LogIn', NULL),
	(1421, 'admin', '2021-12-20 14:42:38', 'LogIn', NULL),
	(1422, 'admin', '2021-12-20 14:43:16', 'LogIn', NULL),
	(1423, 'admin', '2021-12-20 14:44:14', 'LogIn', NULL),
	(1424, 'admin', '2021-12-20 14:45:01', 'LogIn', NULL),
	(1425, 'admin', '2021-12-20 14:45:44', 'LogIn', NULL),
	(1426, 'admin', '2021-12-20 14:50:55', 'LogIn', NULL),
	(1427, 'admin', '2021-12-20 15:02:51', 'LogIn', NULL),
	(1428, 'admin', '2021-12-20 15:23:53', 'LogIn', NULL),
	(1429, 'admin', '2021-12-20 15:31:18', 'LogIn', NULL),
	(1430, 'admin', '2021-12-20 15:36:06', 'LogIn', NULL),
	(1431, 'admin', '2021-12-20 17:38:33', 'LogIn', NULL),
	(1432, 'admin', '2021-12-21 13:08:28', 'LogIn', NULL),
	(1433, 'admin', '2021-12-21 13:28:45', 'LogIn', NULL),
	(1434, 'admin', '2021-12-21 13:30:14', 'LogIn', NULL),
	(1435, 'admin', '2021-12-21 14:15:43', 'LogIn', NULL),
	(1436, 'admin', '2021-12-21 14:55:45', 'LogIn', NULL),
	(1437, 'admin', '2021-12-21 15:02:32', 'LogIn', NULL),
	(1438, 'admin', '2021-12-21 15:50:59', 'LogIn', NULL),
	(1439, 'admin', '2021-12-23 09:40:30', 'LogIn', NULL),
	(1440, 'admin', '2021-12-23 09:42:23', 'LogIn', NULL),
	(1441, 'admin', '2021-12-23 09:50:15', 'LogIn', NULL),
	(1442, 'admin', '2021-12-23 10:57:18', 'LogIn', NULL),
	(1443, 'admin', '2021-12-23 11:21:14', 'LogTry', NULL),
	(1444, 'admin', '2021-12-23 11:21:15', 'LogTry', NULL),
	(1445, 'admin', '2021-12-23 11:21:15', 'LogTry', NULL),
	(1446, 'admin', '2021-12-23 11:21:16', 'LogTry', NULL),
	(1447, 'admin', '2021-12-23 11:21:17', 'LogTry', NULL),
	(1448, 'admin', '2021-12-23 11:21:31', 'Disable', NULL),
	(1449, 'admin', '2021-12-23 11:21:32', 'Disable', NULL),
	(1450, 'admin', '2021-12-23 11:21:54', 'Disable', NULL),
	(1451, 'admin', '2021-12-23 11:22:04', 'LogIn', NULL),
	(1452, 'admin', '2021-12-23 13:51:41', 'LogIn', NULL),
	(1453, 'admin', '2021-12-27 09:53:15', 'LogIn', NULL),
	(1454, 'admin', '2021-12-27 09:54:01', 'LogIn', NULL),
	(1455, 'admin', '2021-12-27 09:54:45', 'LogIn', NULL),
	(1456, 'admin', '2021-12-27 09:55:01', 'LogIn', NULL),
	(1457, 'admin', '2021-12-27 09:56:16', 'LogIn', NULL),
	(1458, 'admin', '2021-12-27 09:57:17', 'LogIn', NULL),
	(1459, 'admin', '2021-12-27 09:58:04', 'LogIn', NULL),
	(1460, 'admin', '2021-12-27 10:00:17', 'LogIn', NULL),
	(1461, 'admin', '2021-12-27 10:01:05', 'LogIn', NULL),
	(1462, 'admin', '2021-12-27 10:01:52', 'LogIn', NULL),
	(1463, 'admin', '2021-12-27 10:02:18', 'LogIn', NULL),
	(1464, 'admin', '2021-12-27 10:03:32', 'LogIn', NULL),
	(1465, 'admin', '2021-12-27 10:04:43', 'LogIn', NULL),
	(1466, 'admin', '2021-12-27 10:06:21', 'LogIn', NULL),
	(1467, 'admin', '2021-12-27 10:06:51', 'LogIn', NULL),
	(1468, 'admin', '2021-12-27 10:21:41', 'LogIn', NULL),
	(1469, 'admin', '2021-12-27 10:23:30', 'LogIn', NULL),
	(1470, 'admin', '2021-12-27 10:24:50', 'LogIn', NULL),
	(1471, 'admin', '2021-12-27 10:30:30', 'LogIn', NULL),
	(1472, 'admin', '2021-12-27 11:00:59', 'LogIn', NULL),
	(1473, 'admin', '2021-12-27 13:05:34', 'LogIn', NULL),
	(1474, 'admin', '2021-12-27 13:13:08', 'LogIn', NULL),
	(1475, 'admin', '2021-12-27 13:33:35', 'LogIn', NULL),
	(1476, 'admin', '2021-12-27 13:35:00', 'LogIn', NULL),
	(1477, 'admin', '2021-12-27 13:36:38', 'LogIn', NULL),
	(1478, 'admin', '2021-12-27 13:38:29', 'LogIn', NULL),
	(1479, 'admin', '2021-12-27 13:40:17', 'LogIn', NULL),
	(1480, 'admin', '2021-12-27 14:25:21', 'LogIn', NULL),
	(1481, 'admin', '2021-12-27 14:36:04', 'LogIn', NULL),
	(1482, 'admin', '2021-12-27 14:46:38', 'LogIn', NULL),
	(1483, 'admin', '2021-12-27 14:47:29', 'LogIn', NULL),
	(1484, 'admin', '2021-12-27 14:52:57', 'LogIn', NULL),
	(1485, 'admin', '2021-12-27 14:55:44', 'LogIn', NULL),
	(1486, 'admin', '2021-12-27 14:57:06', 'LogIn', NULL),
	(1487, 'admin', '2021-12-27 14:58:31', 'LogIn', NULL),
	(1488, 'admin', '2021-12-27 15:22:39', 'LogIn', NULL),
	(1489, 'admin', '2021-12-27 15:28:12', 'LogIn', NULL),
	(1490, 'admin', '2021-12-27 15:28:40', 'LogIn', NULL),
	(1491, 'admin', '2021-12-27 15:34:32', 'LogIn', NULL),
	(1492, 'admin', '2021-12-27 15:58:24', 'LogIn', NULL),
	(1493, 'admin', '2021-12-28 09:04:54', 'LogIn', NULL),
	(1494, 'admin', '2021-12-28 09:46:31', 'LogTry', NULL),
	(1495, 'admin', '2021-12-28 09:46:32', 'LogIn', NULL),
	(1496, 'admin', '2021-12-28 14:15:03', 'LogIn', NULL),
	(1497, 'admin', '2021-12-30 13:59:40', 'LogIn', NULL),
	(1498, 'admin', '2021-12-30 14:00:06', 'LogIn', NULL),
	(1499, 'admin', '2021-12-30 14:00:26', 'LogIn', NULL),
	(1500, 'admin', '2021-12-30 14:01:03', 'LogIn', NULL),
	(1501, 'admin', '2021-12-30 14:01:51', 'LogIn', NULL),
	(1502, 'admin', '2021-12-30 14:02:14', 'LogIn', NULL),
	(1503, 'admin', '2021-12-30 16:48:05', 'LogIn', NULL),
	(1504, 'admin', '2021-12-30 16:58:24', 'LogIn', NULL),
	(1505, 'admin', '2021-12-31 10:56:22', 'LogIn', NULL),
	(1506, 'admin', '2021-12-31 11:03:00', 'LogIn', NULL),
	(1507, 'admin', '2021-12-31 12:31:22', 'LogIn', NULL),
	(1508, 'admin', '2021-12-31 12:35:47', 'LogIn', NULL),
	(1509, 'admin', '2022-01-03 09:11:28', 'LogIn', NULL),
	(1510, 'admin', '2022-01-03 09:25:35', 'LogIn', NULL),
	(1511, 'admin', '2022-01-03 09:40:08', 'LogIn', NULL),
	(1512, 'admin', '2022-01-03 13:11:07', 'LogIn', NULL),
	(1513, 'admin', '2022-01-04 10:19:08', 'LogIn', NULL),
	(1514, 'admin', '2022-01-13 16:47:15', 'LogIn', '192.168.214.14'),
	(1515, 'admin', '2022-01-13 16:52:03', 'LogIn', '192.168.214.14'),
	(1516, 'admin', '2022-01-13 16:52:36', 'LogIn', '192.168.214.14'),
	(1517, 'admin', '2022-01-13 16:53:14', 'LogIn', '192.168.214.14'),
	(1518, 'admin', '2022-01-13 16:55:52', 'LogIn', '192.168.214.14'),
	(1519, 'admin', '2022-01-13 16:56:21', 'LogIn', '192.168.214.14'),
	(1520, 'admin', '2022-01-13 17:02:11', 'LogIn', '192.168.214.14'),
	(1521, 'admin', '2022-01-13 17:08:19', 'LogIn', '192.168.214.14'),
	(1522, 'admin', '2022-01-20 09:20:23', 'LogIn', '192.168.214.14'),
	(1523, 'admin', '2022-01-20 09:32:02', 'LogIn', '192.168.214.14'),
	(1524, 'admin', '2022-01-20 09:32:37', 'LogIn', '192.168.214.14'),
	(1525, 'admin', '2022-01-24 09:08:37', 'LogIn', '192.168.214.14'),
	(1526, 'admin', '2022-01-24 09:10:57', 'LogIn', '192.168.214.14'),
	(1527, 'admin', '2022-01-24 09:11:55', 'LogIn', '192.168.214.14'),
	(1528, 'admin', '2022-01-24 10:12:50', 'LogIn', '192.168.214.14'),
	(1529, 'admin', '2022-01-24 10:14:48', 'LogIn', '192.168.214.14'),
	(1530, 'admin', '2022-01-24 10:19:00', 'LogIn', '192.168.214.14'),
	(1531, 'admin', '2022-01-24 10:20:06', 'LogIn', '192.168.214.14'),
	(1532, 'admin', '2022-01-24 10:23:41', 'LogIn', '192.168.214.14'),
	(1533, 'admin', '2022-01-24 10:25:29', 'LogIn', '192.168.214.14'),
	(1534, 'admin', '2022-01-24 10:26:16', 'LogIn', '192.168.214.14'),
	(1535, 'admin', '2022-01-24 11:22:41', 'LogIn', '192.168.214.14'),
	(1536, 'admin', '2022-01-24 16:45:27', 'LogIn', '192.168.214.14'),
	(1537, 'admin', '2022-02-09 13:03:42', 'LogIn', NULL),
	(1538, 'admin', '2022-02-09 13:04:40', 'LogIn', NULL),
	(1539, 'admin', '2022-02-09 13:05:10', 'LogIn', NULL),
	(1540, 'admin', '2022-02-10 09:28:54', 'LogIn', '192.168.214.14'),
	(1541, 'admin', '2022-02-10 10:38:50', 'LogIn', '192.168.214.14'),
	(1542, 'admin', '2022-02-14 09:35:33', 'LogIn', '192.168.214.14'),
	(1543, 'admin', '2022-03-18 10:02:47', 'LogIn', '192.168.214.14'),
	(1544, 'admin', '2022-03-23 11:34:09', 'LogIn', '192.168.214.14'),
	(1545, 'admin', '2022-03-25 17:12:00', 'LogIn', '192.168.214.14'),
	(1546, 'admin', '2022-03-28 10:38:18', 'LogIn', '192.168.214.14'),
	(1547, 'admin', '2022-03-28 10:44:44', 'LogIn', '192.168.214.14'),
	(1548, 'admin', '2022-03-28 13:27:12', 'LogIn', '192.168.214.14'),
	(1549, 'admin', '2022-03-28 13:28:47', 'LogIn', '192.168.214.14'),
	(1550, 'admin', '2022-03-28 13:30:01', 'LogIn', '192.168.214.14'),
	(1551, 'admin', '2022-03-28 13:50:54', 'LogIn', '192.168.214.14'),
	(1552, 'admin', '2022-03-28 13:51:37', 'LogIn', '192.168.214.14'),
	(1553, 'admin', '2022-03-28 13:55:56', 'LogIn', '192.168.214.14'),
	(1554, 'admin', '2022-03-28 14:38:51', 'LogIn', '192.168.214.14'),
	(1555, 'admin', '2022-04-05 15:45:34', 'LogIn', '192.168.214.14'),
	(1556, 'admin', '2022-04-05 15:51:37', 'LogIn', '192.168.214.14'),
	(1557, 'admin', '2022-05-20 10:00:49', 'LogIn', '192.168.214.14'),
	(1558, 'admin', '2022-07-08 08:48:20', 'LogIn', NULL),
	(1559, 'admin', '2022-07-08 08:49:59', 'LogIn', NULL),
	(1560, 'admin', '2022-07-08 08:50:34', 'LogIn', NULL),
	(1561, 'admin', '2022-07-08 08:50:57', 'LogIn', NULL),
	(1562, 'admin', '2022-07-08 08:53:07', 'LogIn', NULL),
	(1563, 'admin', '2022-07-08 09:00:14', 'LogIn', NULL),
	(1564, 'admin', '2022-07-08 09:03:35', 'LogIn', NULL),
	(1565, 'admin', '2022-07-08 09:12:42', 'LogIn', NULL),
	(1566, 'admin', '2022-07-08 09:13:57', 'LogIn', NULL),
	(1567, 'admin', '2022-07-08 09:24:11', 'LogIn', NULL),
	(1568, 'admin', '2022-07-08 09:31:34', 'LogIn', NULL),
	(1569, 'admin', '2022-07-08 09:37:58', 'LogIn', NULL),
	(1570, 'admin', '2022-07-08 09:49:19', 'LogIn', NULL);
/*!40000 ALTER TABLE `member_log` ENABLE KEYS */;

-- 프로시저 dg.myFunction 구조 내보내기
DROP PROCEDURE IF EXISTS `myFunction`;
DELIMITER //
CREATE DEFINER=`root`@`localhost` PROCEDURE `myFunction`()
BEGIN
    DECLARE i INT DEFAULT 1; -- ⓑ i변수 선언, defalt값으로 1설정
	DECLARE str1 VARCHARACTER(50) DEFAULT 'F500/50'; -- ⓑ i변수 선언, defalt값으로 1설정
	DECLARE str2 VARCHARACTER(50) DEFAULT 'F650/50-1'; -- ⓑ i변수 선언, defalt값으로 1설정
	DECLARE str3 VARCHARACTER(50) DEFAULT 'F650/50-2'; -- ⓑ i변수 선언, defalt값으로 1설정
	DECLARE str4 VARCHARACTER(50) DEFAULT 'VX960M'; -- ⓑ i변수 선언, defalt값으로 1설정
	DECLARE str5 VARCHARACTER(50) DEFAULT 'MCT-15'; -- ⓑ i변수 선언, defalt값으로 1설정
	DECLARE str6 VARCHARACTER(50) DEFAULT 'MCT-21'; -- ⓑ i변수 선언, defalt값으로 1설정
	DECLARE str7 VARCHARACTER(50) DEFAULT '오면가공기'; -- ⓑ i변수 선언, defalt값으로 1설정
    WHILE (i <= 60) DO -- ⓒ for문 작성(i가 1000이 될 때까지 반복)
        INSERT INTO dayofcnt (dayofcnt.Day, dayofcnt.MachineName,
		   dayofcnt.Value, dayofcnt.Count)  
		  VALUES ( date_sub(NOW(), INTERVAL i DAY), str1, 'Operation'		, 62000 + floor(RAND() * 300)),
		  		   ( date_sub(NOW(), INTERVAL i DAY), str1, 'Unoperation'	, 15000 + floor(RAND() * 300)),
					( date_sub(NOW(), INTERVAL i DAY), str2, 'Operation'		, 62000 + floor(RAND() * 300)),
					( date_sub(NOW(), INTERVAL i DAY), str2, 'Unoperation'	, 15000 + floor(RAND() * 300)),
					( date_sub(NOW(), INTERVAL i DAY), str3, 'Operation'		, 62000 + floor(RAND() * 300)),
					( date_sub(NOW(), INTERVAL i DAY), str3, 'Unoperation'	, 15000 + floor(RAND() * 300)),
					( date_sub(NOW(), INTERVAL i DAY), str4, 'Operation'		, 62000 + floor(RAND() * 300)),
					( date_sub(NOW(), INTERVAL i DAY), str4, 'Unoperation'	, 15000 + floor(RAND() * 300)),
					( date_sub(NOW(), INTERVAL i DAY), str5, 'Operation'		, 62000 + floor(RAND() * 300)),
					( date_sub(NOW(), INTERVAL i DAY), str5, 'Unoperation'	, 15000 + floor(RAND() * 300)),
					( date_sub(NOW(), INTERVAL i DAY), str6, 'Operation'		, 62000 + floor(RAND() * 300)),
					( date_sub(NOW(), INTERVAL i DAY), str6, 'Unoperation'	, 15000 + floor(RAND() * 300)),
					( date_sub(NOW(), INTERVAL i DAY), str7, 'Operation'		, 62000 + floor(RAND() * 300)),
					( date_sub(NOW(), INTERVAL i DAY), str7, 'Unoperation'	, 15000 + floor(RAND() * 300)),
					( date_sub(NOW(), INTERVAL i DAY), str1, 'Non-Error'		, 62000 + floor(RAND() * 300)),
		  		   ( date_sub(NOW(), INTERVAL i DAY), str1, 'Error'	, 7000 + floor(RAND() * 300)),
					( date_sub(NOW(), INTERVAL i DAY), str2, 'Non-Error'		, 62000 + floor(RAND() * 300)),
					( date_sub(NOW(), INTERVAL i DAY), str2, 'Error'	, 5500 + floor(RAND() * 300)),
					( date_sub(NOW(), INTERVAL i DAY), str3, 'Non-Error'		, 62000 + floor(RAND() * 300)),
					( date_sub(NOW(), INTERVAL i DAY), str3, 'Error'	, 3400 + floor(RAND() * 300)),
					( date_sub(NOW(), INTERVAL i DAY), str4, 'Non-Error'		, 62000 + floor(RAND() * 300)),
					( date_sub(NOW(), INTERVAL i DAY), str4, 'Error'	, 6687 + floor(RAND() * 300)),
					( date_sub(NOW(), INTERVAL i DAY), str5, 'Non-Error'		, 62000 + floor(RAND() * 300)),
					( date_sub(NOW(), INTERVAL i DAY), str5, 'Error'	, 5785 + floor(RAND() * 300)),
					( date_sub(NOW(), INTERVAL i DAY), str6, 'Non-Error'		, 62000 + floor(RAND() * 300)),
					( date_sub(NOW(), INTERVAL i DAY), str6, 'Error'	, 6678 + floor(RAND() * 300)),
					( date_sub(NOW(), INTERVAL i DAY), str7, 'Non-Error'		, 62000 + floor(RAND() * 300)),
					( date_sub(NOW(), INTERVAL i DAY), str7, 'Error'	, 8000 + floor(RAND() * 300));
-- ⓓ 테이블에 i값 넣어주기
        SET i = i + 1; -- ⓔ i값에 1더해주고 WHILE문 처음으로 이동
    END WHILE;
END//
DELIMITER ;

-- 테이블 dg.notice 구조 내보내기
DROP TABLE IF EXISTS `notice`;
CREATE TABLE IF NOT EXISTS `notice` (
  `NoticeNo` int(11) NOT NULL AUTO_INCREMENT COMMENT '공지사항 고유번호',
  `NoticeTitle` varchar(45) DEFAULT NULL COMMENT '공지사항 제목',
  `NoticeContent` varchar(6000) DEFAULT NULL COMMENT '공지사항 내용',
  `MemberId` varchar(45) DEFAULT NULL COMMENT '멤버 아이디',
  `NoticeTime` date NOT NULL COMMENT '공지사항 시간',
  PRIMARY KEY (`NoticeNo`),
  KEY `FK_notice_MemberId_member_MemberId` (`MemberId`),
  CONSTRAINT `FK_notice_MemberId_member_MemberId` FOREIGN KEY (`MemberId`) REFERENCES `member` (`MemberId`)
) ENGINE=InnoDB AUTO_INCREMENT=8 DEFAULT CHARSET=utf8 COMMENT='공지사항';

-- 테이블 데이터 dg.notice:~4 rows (대략적) 내보내기
/*!40000 ALTER TABLE `notice` DISABLE KEYS */;
INSERT INTO `notice` (`NoticeNo`, `NoticeTitle`, `NoticeContent`, `MemberId`, `NoticeTime`) VALUES
	(4, '공지 1', '공지 1', 'admin', '2021-06-28'),
	(5, '1. 공지사항', '첫 공지', 'admin', '2021-09-29'),
	(6, '1. 연차 사용', '연차 사용 내용', 'admin', '2021-09-29'),
	(7, '1. 워크샵', '워크샵 일정', 'admin', '2021-09-29');
/*!40000 ALTER TABLE `notice` ENABLE KEYS */;

-- 테이블 dg.notice_sys 구조 내보내기
DROP TABLE IF EXISTS `notice_sys`;
CREATE TABLE IF NOT EXISTS `notice_sys` (
  `noticeSysNo` int(11) NOT NULL AUTO_INCREMENT COMMENT '시스템 공지사항 고유번호',
  `noticeSysDate` date NOT NULL COMMENT '시스템 공지사항 작성 시간',
  `noticeSysType` char(50) NOT NULL DEFAULT '' COMMENT '시스템 공지사항 타입',
  `noticeSysTitle` char(50) DEFAULT '' COMMENT '시스템 공지사항 제목',
  `noticeSysContent` char(100) DEFAULT '' COMMENT '시스템 공지사항 내용',
  PRIMARY KEY (`noticeSysNo`)
) ENGINE=InnoDB AUTO_INCREMENT=5 DEFAULT CHARSET=utf8;

-- 테이블 데이터 dg.notice_sys:~0 rows (대략적) 내보내기
/*!40000 ALTER TABLE `notice_sys` DISABLE KEYS */;
/*!40000 ALTER TABLE `notice_sys` ENABLE KEYS */;

-- 테이블 dg.operating_hour_log 구조 내보내기
DROP TABLE IF EXISTS `operating_hour_log`;
CREATE TABLE IF NOT EXISTS `operating_hour_log` (
  `OperatingHourLogDate` date DEFAULT NULL COMMENT '장비 조업시간 날짜',
  `OperatingHourLogMachineName` varchar(50) DEFAULT NULL COMMENT '장비 조업시간 장비 명',
  `OperatingHourLogValue` varchar(50) DEFAULT NULL COMMENT '장비 조업시간 가동/비가동',
  `OperatingHourLogCount` int(11) DEFAULT NULL COMMENT '장비 조업시간(초)'
) ENGINE=InnoDB DEFAULT CHARSET=utf8;

-- 테이블 데이터 dg.operating_hour_log:~840 rows (대략적) 내보내기
/*!40000 ALTER TABLE `operating_hour_log` DISABLE KEYS */;
INSERT INTO `operating_hour_log` (`OperatingHourLogDate`, `OperatingHourLogMachineName`, `OperatingHourLogValue`, `OperatingHourLogCount`) VALUES
	('2021-12-27', 'F500/50', 'Operation', 20269),
	('2021-12-27', 'F500/50', 'Unoperation', 1259),
	('2021-12-27', 'F650/50-1', 'Operation', 20189),
	('2021-12-27', 'F650/50-1', 'Unoperation', 1170),
	('2021-12-27', 'F650/50-2', 'Operation', 20282),
	('2021-12-27', 'F650/50-2', 'Unoperation', 1001),
	('2021-12-27', 'VX960M', 'Operation', 19561),
	('2021-12-27', 'VX960M', 'Unoperation', 1003),
	('2021-12-27', 'MCT-15', 'Operation', 19632),
	('2021-12-27', 'MCT-15', 'Unoperation', 1049),
	('2021-12-27', 'MCT-21', 'Operation', 19651),
	('2021-12-27', 'MCT-21', 'Unoperation', 1010),
	('2021-12-27', '오면가공기', 'Operation', 19696),
	('2021-12-27', '오면가공기', 'Unoperation', 1049),
	('2021-12-26', 'F500/50', 'Operation', 20261),
	('2021-12-26', 'F500/50', 'Unoperation', 1256),
	('2021-12-26', 'F650/50-1', 'Operation', 20198),
	('2021-12-26', 'F650/50-1', 'Unoperation', 1221),
	('2021-12-26', 'F650/50-2', 'Operation', 20211),
	('2021-12-26', 'F650/50-2', 'Unoperation', 1092),
	('2021-12-26', 'VX960M', 'Operation', 19628),
	('2021-12-26', 'VX960M', 'Unoperation', 1064),
	('2021-12-26', 'MCT-15', 'Operation', 19735),
	('2021-12-26', 'MCT-15', 'Unoperation', 1085),
	('2021-12-26', 'MCT-21', 'Operation', 19523),
	('2021-12-26', 'MCT-21', 'Unoperation', 1157),
	('2021-12-26', '오면가공기', 'Operation', 19618),
	('2021-12-26', '오면가공기', 'Unoperation', 1118),
	('2021-12-25', 'F500/50', 'Operation', 20239),
	('2021-12-25', 'F500/50', 'Unoperation', 1240),
	('2021-12-25', 'F650/50-1', 'Operation', 20185),
	('2021-12-25', 'F650/50-1', 'Unoperation', 1203),
	('2021-12-25', 'F650/50-2', 'Operation', 20162),
	('2021-12-25', 'F650/50-2', 'Unoperation', 1200),
	('2021-12-25', 'VX960M', 'Operation', 19714),
	('2021-12-25', 'VX960M', 'Unoperation', 1172),
	('2021-12-25', 'MCT-15', 'Operation', 19720),
	('2021-12-25', 'MCT-15', 'Unoperation', 1282),
	('2021-12-25', 'MCT-21', 'Operation', 19653),
	('2021-12-25', 'MCT-21', 'Unoperation', 1219),
	('2021-12-25', '오면가공기', 'Operation', 19536),
	('2021-12-25', '오면가공기', 'Unoperation', 1125),
	('2021-12-24', 'F500/50', 'Operation', 20216),
	('2021-12-24', 'F500/50', 'Unoperation', 1106),
	('2021-12-24', 'F650/50-1', 'Operation', 20183),
	('2021-12-24', 'F650/50-1', 'Unoperation', 1297),
	('2021-12-24', 'F650/50-2', 'Operation', 20037),
	('2021-12-24', 'F650/50-2', 'Unoperation', 1194),
	('2021-12-24', 'VX960M', 'Operation', 19760),
	('2021-12-24', 'VX960M', 'Unoperation', 1119),
	('2021-12-24', 'MCT-15', 'Operation', 19614),
	('2021-12-24', 'MCT-15', 'Unoperation', 1213),
	('2021-12-24', 'MCT-21', 'Operation', 19625),
	('2021-12-24', 'MCT-21', 'Unoperation', 1286),
	('2021-12-24', '오면가공기', 'Operation', 19656),
	('2021-12-24', '오면가공기', 'Unoperation', 1221),
	('2021-12-23', 'F500/50', 'Operation', 20038),
	('2021-12-23', 'F500/50', 'Unoperation', 1127),
	('2021-12-23', 'F650/50-1', 'Operation', 20221),
	('2021-12-23', 'F650/50-1', 'Unoperation', 1127),
	('2021-12-23', 'F650/50-2', 'Operation', 20272),
	('2021-12-23', 'F650/50-2', 'Unoperation', 1078),
	('2021-12-23', 'VX960M', 'Operation', 19675),
	('2021-12-23', 'VX960M', 'Unoperation', 1043),
	('2021-12-23', 'MCT-15', 'Operation', 19791),
	('2021-12-23', 'MCT-15', 'Unoperation', 1125),
	('2021-12-23', 'MCT-21', 'Operation', 19553),
	('2021-12-23', 'MCT-21', 'Unoperation', 1191),
	('2021-12-23', '오면가공기', 'Operation', 19696),
	('2021-12-23', '오면가공기', 'Unoperation', 1108),
	('2021-12-22', 'F500/50', 'Operation', 20250),
	('2021-12-22', 'F500/50', 'Unoperation', 1030),
	('2021-12-22', 'F650/50-1', 'Operation', 20298),
	('2021-12-22', 'F650/50-1', 'Unoperation', 1203),
	('2021-12-22', 'F650/50-2', 'Operation', 20120),
	('2021-12-22', 'F650/50-2', 'Unoperation', 1291),
	('2021-12-22', 'VX960M', 'Operation', 19698),
	('2021-12-22', 'VX960M', 'Unoperation', 1115),
	('2021-12-22', 'MCT-15', 'Operation', 19781),
	('2021-12-22', 'MCT-15', 'Unoperation', 1160),
	('2021-12-22', 'MCT-21', 'Operation', 19756),
	('2021-12-22', 'MCT-21', 'Unoperation', 1204),
	('2021-12-22', '오면가공기', 'Operation', 19752),
	('2021-12-22', '오면가공기', 'Unoperation', 1050),
	('2021-12-21', 'F500/50', 'Operation', 20092),
	('2021-12-21', 'F500/50', 'Unoperation', 1012),
	('2021-12-21', 'F650/50-1', 'Operation', 20084),
	('2021-12-21', 'F650/50-1', 'Unoperation', 1085),
	('2021-12-21', 'F650/50-2', 'Operation', 20172),
	('2021-12-21', 'F650/50-2', 'Unoperation', 1005),
	('2021-12-21', 'VX960M', 'Operation', 19611),
	('2021-12-21', 'VX960M', 'Unoperation', 1242),
	('2021-12-21', 'MCT-15', 'Operation', 19774),
	('2021-12-21', 'MCT-15', 'Unoperation', 1047),
	('2021-12-21', 'MCT-21', 'Operation', 19511),
	('2021-12-21', 'MCT-21', 'Unoperation', 1217),
	('2021-12-21', '오면가공기', 'Operation', 19651),
	('2021-12-21', '오면가공기', 'Unoperation', 1103),
	('2021-12-20', 'F500/50', 'Operation', 20066),
	('2021-12-20', 'F500/50', 'Unoperation', 1019),
	('2021-12-20', 'F650/50-1', 'Operation', 20196),
	('2021-12-20', 'F650/50-1', 'Unoperation', 1027),
	('2021-12-20', 'F650/50-2', 'Operation', 20144),
	('2021-12-20', 'F650/50-2', 'Unoperation', 1041),
	('2021-12-20', 'VX960M', 'Operation', 19575),
	('2021-12-20', 'VX960M', 'Unoperation', 1250),
	('2021-12-20', 'MCT-15', 'Operation', 19625),
	('2021-12-20', 'MCT-15', 'Unoperation', 1175),
	('2021-12-20', 'MCT-21', 'Operation', 19702),
	('2021-12-20', 'MCT-21', 'Unoperation', 1185),
	('2021-12-20', '오면가공기', 'Operation', 19518),
	('2021-12-20', '오면가공기', 'Unoperation', 1138),
	('2021-12-19', 'F500/50', 'Operation', 20037),
	('2021-12-19', 'F500/50', 'Unoperation', 1072),
	('2021-12-19', 'F650/50-1', 'Operation', 20247),
	('2021-12-19', 'F650/50-1', 'Unoperation', 1122),
	('2021-12-19', 'F650/50-2', 'Operation', 20167),
	('2021-12-19', 'F650/50-2', 'Unoperation', 1170),
	('2021-12-19', 'VX960M', 'Operation', 19551),
	('2021-12-19', 'VX960M', 'Unoperation', 1044),
	('2021-12-19', 'MCT-15', 'Operation', 19568),
	('2021-12-19', 'MCT-15', 'Unoperation', 1208),
	('2021-12-19', 'MCT-21', 'Operation', 19736),
	('2021-12-19', 'MCT-21', 'Unoperation', 1256),
	('2021-12-19', '오면가공기', 'Operation', 19774),
	('2021-12-19', '오면가공기', 'Unoperation', 1001),
	('2021-12-18', 'F500/50', 'Operation', 20086),
	('2021-12-18', 'F500/50', 'Unoperation', 1126),
	('2021-12-18', 'F650/50-1', 'Operation', 20073),
	('2021-12-18', 'F650/50-1', 'Unoperation', 1287),
	('2021-12-18', 'F650/50-2', 'Operation', 20017),
	('2021-12-18', 'F650/50-2', 'Unoperation', 1124),
	('2021-12-18', 'VX960M', 'Operation', 19768),
	('2021-12-18', 'VX960M', 'Unoperation', 1070),
	('2021-12-18', 'MCT-15', 'Operation', 19646),
	('2021-12-18', 'MCT-15', 'Unoperation', 1222),
	('2021-12-18', 'MCT-21', 'Operation', 19573),
	('2021-12-18', 'MCT-21', 'Unoperation', 1298),
	('2021-12-18', '오면가공기', 'Operation', 19570),
	('2021-12-18', '오면가공기', 'Unoperation', 1058),
	('2021-12-17', 'F500/50', 'Operation', 20079),
	('2021-12-17', 'F500/50', 'Unoperation', 1220),
	('2021-12-17', 'F650/50-1', 'Operation', 20267),
	('2021-12-17', 'F650/50-1', 'Unoperation', 1073),
	('2021-12-17', 'F650/50-2', 'Operation', 20166),
	('2021-12-17', 'F650/50-2', 'Unoperation', 1009),
	('2021-12-17', 'VX960M', 'Operation', 19650),
	('2021-12-17', 'VX960M', 'Unoperation', 1124),
	('2021-12-17', 'MCT-15', 'Operation', 19672),
	('2021-12-17', 'MCT-15', 'Unoperation', 1185),
	('2021-12-17', 'MCT-21', 'Operation', 19612),
	('2021-12-17', 'MCT-21', 'Unoperation', 1007),
	('2021-12-17', '오면가공기', 'Operation', 19796),
	('2021-12-17', '오면가공기', 'Unoperation', 1260),
	('2021-12-16', 'F500/50', 'Operation', 20114),
	('2021-12-16', 'F500/50', 'Unoperation', 1091),
	('2021-12-16', 'F650/50-1', 'Operation', 20111),
	('2021-12-16', 'F650/50-1', 'Unoperation', 1283),
	('2021-12-16', 'F650/50-2', 'Operation', 20183),
	('2021-12-16', 'F650/50-2', 'Unoperation', 1068),
	('2021-12-16', 'VX960M', 'Operation', 19590),
	('2021-12-16', 'VX960M', 'Unoperation', 1245),
	('2021-12-16', 'MCT-15', 'Operation', 19558),
	('2021-12-16', 'MCT-15', 'Unoperation', 1153),
	('2021-12-16', 'MCT-21', 'Operation', 19791),
	('2021-12-16', 'MCT-21', 'Unoperation', 1099),
	('2021-12-16', '오면가공기', 'Operation', 19722),
	('2021-12-16', '오면가공기', 'Unoperation', 1213),
	('2021-12-15', 'F500/50', 'Operation', 20099),
	('2021-12-15', 'F500/50', 'Unoperation', 1158),
	('2021-12-15', 'F650/50-1', 'Operation', 20191),
	('2021-12-15', 'F650/50-1', 'Unoperation', 1182),
	('2021-12-15', 'F650/50-2', 'Operation', 20036),
	('2021-12-15', 'F650/50-2', 'Unoperation', 1237),
	('2021-12-15', 'VX960M', 'Operation', 19677),
	('2021-12-15', 'VX960M', 'Unoperation', 1176),
	('2021-12-15', 'MCT-15', 'Operation', 19549),
	('2021-12-15', 'MCT-15', 'Unoperation', 1016),
	('2021-12-15', 'MCT-21', 'Operation', 19734),
	('2021-12-15', 'MCT-21', 'Unoperation', 1223),
	('2021-12-15', '오면가공기', 'Operation', 19611),
	('2021-12-15', '오면가공기', 'Unoperation', 1190),
	('2021-12-14', 'F500/50', 'Operation', 20015),
	('2021-12-14', 'F500/50', 'Unoperation', 1107),
	('2021-12-14', 'F650/50-1', 'Operation', 20190),
	('2021-12-14', 'F650/50-1', 'Unoperation', 1030),
	('2021-12-14', 'F650/50-2', 'Operation', 20180),
	('2021-12-14', 'F650/50-2', 'Unoperation', 1212),
	('2021-12-14', 'VX960M', 'Operation', 19720),
	('2021-12-14', 'VX960M', 'Unoperation', 1163),
	('2021-12-14', 'MCT-15', 'Operation', 19657),
	('2021-12-14', 'MCT-15', 'Unoperation', 1295),
	('2021-12-14', 'MCT-21', 'Operation', 19604),
	('2021-12-14', 'MCT-21', 'Unoperation', 1234),
	('2021-12-14', '오면가공기', 'Operation', 19762),
	('2021-12-14', '오면가공기', 'Unoperation', 1007),
	('2021-12-13', 'F500/50', 'Operation', 20151),
	('2021-12-13', 'F500/50', 'Unoperation', 1133),
	('2021-12-13', 'F650/50-1', 'Operation', 20212),
	('2021-12-13', 'F650/50-1', 'Unoperation', 1064),
	('2021-12-13', 'F650/50-2', 'Operation', 20284),
	('2021-12-13', 'F650/50-2', 'Unoperation', 1028),
	('2021-12-13', 'VX960M', 'Operation', 19687),
	('2021-12-13', 'VX960M', 'Unoperation', 1252),
	('2021-12-13', 'MCT-15', 'Operation', 19600),
	('2021-12-13', 'MCT-15', 'Unoperation', 1042),
	('2021-12-13', 'MCT-21', 'Operation', 19714),
	('2021-12-13', 'MCT-21', 'Unoperation', 1042),
	('2021-12-13', '오면가공기', 'Operation', 19668),
	('2021-12-13', '오면가공기', 'Unoperation', 1116),
	('2021-12-12', 'F500/50', 'Operation', 20077),
	('2021-12-12', 'F500/50', 'Unoperation', 1036),
	('2021-12-12', 'F650/50-1', 'Operation', 20248),
	('2021-12-12', 'F650/50-1', 'Unoperation', 1234),
	('2021-12-12', 'F650/50-2', 'Operation', 20127),
	('2021-12-12', 'F650/50-2', 'Unoperation', 1232),
	('2021-12-12', 'VX960M', 'Operation', 19680),
	('2021-12-12', 'VX960M', 'Unoperation', 1205),
	('2021-12-12', 'MCT-15', 'Operation', 19686),
	('2021-12-12', 'MCT-15', 'Unoperation', 1016),
	('2021-12-12', 'MCT-21', 'Operation', 19623),
	('2021-12-12', 'MCT-21', 'Unoperation', 1268),
	('2021-12-12', '오면가공기', 'Operation', 19573),
	('2021-12-12', '오면가공기', 'Unoperation', 1158),
	('2021-12-11', 'F500/50', 'Operation', 20274),
	('2021-12-11', 'F500/50', 'Unoperation', 1297),
	('2021-12-11', 'F650/50-1', 'Operation', 20065),
	('2021-12-11', 'F650/50-1', 'Unoperation', 1031),
	('2021-12-11', 'F650/50-2', 'Operation', 20261),
	('2021-12-11', 'F650/50-2', 'Unoperation', 1013),
	('2021-12-11', 'VX960M', 'Operation', 19682),
	('2021-12-11', 'VX960M', 'Unoperation', 1274),
	('2021-12-11', 'MCT-15', 'Operation', 19721),
	('2021-12-11', 'MCT-15', 'Unoperation', 1286),
	('2021-12-11', 'MCT-21', 'Operation', 19666),
	('2021-12-11', 'MCT-21', 'Unoperation', 1273),
	('2021-12-11', '오면가공기', 'Operation', 19766),
	('2021-12-11', '오면가공기', 'Unoperation', 1211),
	('2021-12-10', 'F500/50', 'Operation', 20257),
	('2021-12-10', 'F500/50', 'Unoperation', 1054),
	('2021-12-10', 'F650/50-1', 'Operation', 20099),
	('2021-12-10', 'F650/50-1', 'Unoperation', 1034),
	('2021-12-10', 'F650/50-2', 'Operation', 20174),
	('2021-12-10', 'F650/50-2', 'Unoperation', 1170),
	('2021-12-10', 'VX960M', 'Operation', 19527),
	('2021-12-10', 'VX960M', 'Unoperation', 1226),
	('2021-12-10', 'MCT-15', 'Operation', 19648),
	('2021-12-10', 'MCT-15', 'Unoperation', 1065),
	('2021-12-10', 'MCT-21', 'Operation', 19680),
	('2021-12-10', 'MCT-21', 'Unoperation', 1104),
	('2021-12-10', '오면가공기', 'Operation', 19781),
	('2021-12-10', '오면가공기', 'Unoperation', 1195),
	('2021-12-09', 'F500/50', 'Operation', 20131),
	('2021-12-09', 'F500/50', 'Unoperation', 1072),
	('2021-12-09', 'F650/50-1', 'Operation', 20266),
	('2021-12-09', 'F650/50-1', 'Unoperation', 1216),
	('2021-12-09', 'F650/50-2', 'Operation', 20283),
	('2021-12-09', 'F650/50-2', 'Unoperation', 1165),
	('2021-12-09', 'VX960M', 'Operation', 19778),
	('2021-12-09', 'VX960M', 'Unoperation', 1297),
	('2021-12-09', 'MCT-15', 'Operation', 19549),
	('2021-12-09', 'MCT-15', 'Unoperation', 1255),
	('2021-12-09', 'MCT-21', 'Operation', 19728),
	('2021-12-09', 'MCT-21', 'Unoperation', 1077),
	('2021-12-09', '오면가공기', 'Operation', 19501),
	('2021-12-09', '오면가공기', 'Unoperation', 1076),
	('2021-12-08', 'F500/50', 'Operation', 20076),
	('2021-12-08', 'F500/50', 'Unoperation', 1153),
	('2021-12-08', 'F650/50-1', 'Operation', 20235),
	('2021-12-08', 'F650/50-1', 'Unoperation', 1120),
	('2021-12-08', 'F650/50-2', 'Operation', 20192),
	('2021-12-08', 'F650/50-2', 'Unoperation', 1004),
	('2021-12-08', 'VX960M', 'Operation', 19543),
	('2021-12-08', 'VX960M', 'Unoperation', 1203),
	('2021-12-08', 'MCT-15', 'Operation', 19788),
	('2021-12-08', 'MCT-15', 'Unoperation', 1230),
	('2021-12-08', 'MCT-21', 'Operation', 19789),
	('2021-12-08', 'MCT-21', 'Unoperation', 1153),
	('2021-12-08', '오면가공기', 'Operation', 19698),
	('2021-12-08', '오면가공기', 'Unoperation', 1230),
	('2021-12-07', 'F500/50', 'Operation', 20260),
	('2021-12-07', 'F500/50', 'Unoperation', 1009),
	('2021-12-07', 'F650/50-1', 'Operation', 20165),
	('2021-12-07', 'F650/50-1', 'Unoperation', 1199),
	('2021-12-07', 'F650/50-2', 'Operation', 20202),
	('2021-12-07', 'F650/50-2', 'Unoperation', 1113),
	('2021-12-07', 'VX960M', 'Operation', 19757),
	('2021-12-07', 'VX960M', 'Unoperation', 1049),
	('2021-12-07', 'MCT-15', 'Operation', 19574),
	('2021-12-07', 'MCT-15', 'Unoperation', 1223),
	('2021-12-07', 'MCT-21', 'Operation', 19796),
	('2021-12-07', 'MCT-21', 'Unoperation', 1209),
	('2021-12-07', '오면가공기', 'Operation', 19660),
	('2021-12-07', '오면가공기', 'Unoperation', 1171),
	('2021-12-06', 'F500/50', 'Operation', 20075),
	('2021-12-06', 'F500/50', 'Unoperation', 1165),
	('2021-12-06', 'F650/50-1', 'Operation', 20001),
	('2021-12-06', 'F650/50-1', 'Unoperation', 1110),
	('2021-12-06', 'F650/50-2', 'Operation', 20245),
	('2021-12-06', 'F650/50-2', 'Unoperation', 1297),
	('2021-12-06', 'VX960M', 'Operation', 19650),
	('2021-12-06', 'VX960M', 'Unoperation', 1159),
	('2021-12-06', 'MCT-15', 'Operation', 19545),
	('2021-12-06', 'MCT-15', 'Unoperation', 1049),
	('2021-12-06', 'MCT-21', 'Operation', 19611),
	('2021-12-06', 'MCT-21', 'Unoperation', 1107),
	('2021-12-06', '오면가공기', 'Operation', 19704),
	('2021-12-06', '오면가공기', 'Unoperation', 1100),
	('2021-12-05', 'F500/50', 'Operation', 20187),
	('2021-12-05', 'F500/50', 'Unoperation', 1038),
	('2021-12-05', 'F650/50-1', 'Operation', 20228),
	('2021-12-05', 'F650/50-1', 'Unoperation', 1128),
	('2021-12-05', 'F650/50-2', 'Operation', 20255),
	('2021-12-05', 'F650/50-2', 'Unoperation', 1292),
	('2021-12-05', 'VX960M', 'Operation', 19594),
	('2021-12-05', 'VX960M', 'Unoperation', 1195),
	('2021-12-05', 'MCT-15', 'Operation', 19596),
	('2021-12-05', 'MCT-15', 'Unoperation', 1193),
	('2021-12-05', 'MCT-21', 'Operation', 19577),
	('2021-12-05', 'MCT-21', 'Unoperation', 1109),
	('2021-12-05', '오면가공기', 'Operation', 19513),
	('2021-12-05', '오면가공기', 'Unoperation', 1037),
	('2021-12-04', 'F500/50', 'Operation', 20150),
	('2021-12-04', 'F500/50', 'Unoperation', 1037),
	('2021-12-04', 'F650/50-1', 'Operation', 20037),
	('2021-12-04', 'F650/50-1', 'Unoperation', 1073),
	('2021-12-04', 'F650/50-2', 'Operation', 20257),
	('2021-12-04', 'F650/50-2', 'Unoperation', 1164),
	('2021-12-04', 'VX960M', 'Operation', 19550),
	('2021-12-04', 'VX960M', 'Unoperation', 1057),
	('2021-12-04', 'MCT-15', 'Operation', 19637),
	('2021-12-04', 'MCT-15', 'Unoperation', 1216),
	('2021-12-04', 'MCT-21', 'Operation', 19568),
	('2021-12-04', 'MCT-21', 'Unoperation', 1292),
	('2021-12-04', '오면가공기', 'Operation', 19559),
	('2021-12-04', '오면가공기', 'Unoperation', 1017),
	('2021-12-03', 'F500/50', 'Operation', 20209),
	('2021-12-03', 'F500/50', 'Unoperation', 1094),
	('2021-12-03', 'F650/50-1', 'Operation', 20146),
	('2021-12-03', 'F650/50-1', 'Unoperation', 1147),
	('2021-12-03', 'F650/50-2', 'Operation', 20297),
	('2021-12-03', 'F650/50-2', 'Unoperation', 1145),
	('2021-12-03', 'VX960M', 'Operation', 19637),
	('2021-12-03', 'VX960M', 'Unoperation', 1247),
	('2021-12-03', 'MCT-15', 'Operation', 19725),
	('2021-12-03', 'MCT-15', 'Unoperation', 1083),
	('2021-12-03', 'MCT-21', 'Operation', 19542),
	('2021-12-03', 'MCT-21', 'Unoperation', 1262),
	('2021-12-03', '오면가공기', 'Operation', 19784),
	('2021-12-03', '오면가공기', 'Unoperation', 1037),
	('2021-12-02', 'F500/50', 'Operation', 20230),
	('2021-12-02', 'F500/50', 'Unoperation', 1142),
	('2021-12-02', 'F650/50-1', 'Operation', 20020),
	('2021-12-02', 'F650/50-1', 'Unoperation', 1273),
	('2021-12-02', 'F650/50-2', 'Operation', 20105),
	('2021-12-02', 'F650/50-2', 'Unoperation', 1008),
	('2021-12-02', 'VX960M', 'Operation', 19527),
	('2021-12-02', 'VX960M', 'Unoperation', 1110),
	('2021-12-02', 'MCT-15', 'Operation', 19672),
	('2021-12-02', 'MCT-15', 'Unoperation', 1228),
	('2021-12-02', 'MCT-21', 'Operation', 19524),
	('2021-12-02', 'MCT-21', 'Unoperation', 1037),
	('2021-12-02', '오면가공기', 'Operation', 19615),
	('2021-12-02', '오면가공기', 'Unoperation', 1165),
	('2021-12-01', 'F500/50', 'Operation', 20179),
	('2021-12-01', 'F500/50', 'Unoperation', 1103),
	('2021-12-01', 'F650/50-1', 'Operation', 20275),
	('2021-12-01', 'F650/50-1', 'Unoperation', 1170),
	('2021-12-01', 'F650/50-2', 'Operation', 20023),
	('2021-12-01', 'F650/50-2', 'Unoperation', 1208),
	('2021-12-01', 'VX960M', 'Operation', 19571),
	('2021-12-01', 'VX960M', 'Unoperation', 1030),
	('2021-12-01', 'MCT-15', 'Operation', 19736),
	('2021-12-01', 'MCT-15', 'Unoperation', 1193),
	('2021-12-01', 'MCT-21', 'Operation', 19757),
	('2021-12-01', 'MCT-21', 'Unoperation', 1107),
	('2021-12-01', '오면가공기', 'Operation', 19565),
	('2021-12-01', '오면가공기', 'Unoperation', 1005),
	('2021-11-30', 'F500/50', 'Operation', 20128),
	('2021-11-30', 'F500/50', 'Unoperation', 1026),
	('2021-11-30', 'F650/50-1', 'Operation', 20046),
	('2021-11-30', 'F650/50-1', 'Unoperation', 1154),
	('2021-11-30', 'F650/50-2', 'Operation', 20034),
	('2021-11-30', 'F650/50-2', 'Unoperation', 1006),
	('2021-11-30', 'VX960M', 'Operation', 19731),
	('2021-11-30', 'VX960M', 'Unoperation', 1235),
	('2021-11-30', 'MCT-15', 'Operation', 19683),
	('2021-11-30', 'MCT-15', 'Unoperation', 1210),
	('2021-11-30', 'MCT-21', 'Operation', 19701),
	('2021-11-30', 'MCT-21', 'Unoperation', 1076),
	('2021-11-30', '오면가공기', 'Operation', 19578),
	('2021-11-30', '오면가공기', 'Unoperation', 1164),
	('2021-11-29', 'F500/50', 'Operation', 20286),
	('2021-11-29', 'F500/50', 'Unoperation', 1040),
	('2021-11-29', 'F650/50-1', 'Operation', 20240),
	('2021-11-29', 'F650/50-1', 'Unoperation', 1182),
	('2021-11-29', 'F650/50-2', 'Operation', 20191),
	('2021-11-29', 'F650/50-2', 'Unoperation', 1111),
	('2021-11-29', 'VX960M', 'Operation', 19780),
	('2021-11-29', 'VX960M', 'Unoperation', 1170),
	('2021-11-29', 'MCT-15', 'Operation', 19508),
	('2021-11-29', 'MCT-15', 'Unoperation', 1133),
	('2021-11-29', 'MCT-21', 'Operation', 19539),
	('2021-11-29', 'MCT-21', 'Unoperation', 1098),
	('2021-11-29', '오면가공기', 'Operation', 19574),
	('2021-11-29', '오면가공기', 'Unoperation', 1076),
	('2021-11-28', 'F500/50', 'Operation', 20158),
	('2021-11-28', 'F500/50', 'Unoperation', 1264),
	('2021-11-28', 'F650/50-1', 'Operation', 20246),
	('2021-11-28', 'F650/50-1', 'Unoperation', 1136),
	('2021-11-28', 'F650/50-2', 'Operation', 20245),
	('2021-11-28', 'F650/50-2', 'Unoperation', 1215),
	('2021-11-28', 'VX960M', 'Operation', 19542),
	('2021-11-28', 'VX960M', 'Unoperation', 1166),
	('2021-11-28', 'MCT-15', 'Operation', 19606),
	('2021-11-28', 'MCT-15', 'Unoperation', 1031),
	('2021-11-28', 'MCT-21', 'Operation', 19638),
	('2021-11-28', 'MCT-21', 'Unoperation', 1297),
	('2021-11-28', '오면가공기', 'Operation', 19671),
	('2021-11-28', '오면가공기', 'Unoperation', 1264),
	('2021-11-27', 'F500/50', 'Operation', 20208),
	('2021-11-27', 'F500/50', 'Unoperation', 1250),
	('2021-11-27', 'F650/50-1', 'Operation', 20027),
	('2021-11-27', 'F650/50-1', 'Unoperation', 1285),
	('2021-11-27', 'F650/50-2', 'Operation', 20145),
	('2021-11-27', 'F650/50-2', 'Unoperation', 1170),
	('2021-11-27', 'VX960M', 'Operation', 19614),
	('2021-11-27', 'VX960M', 'Unoperation', 1060),
	('2021-11-27', 'MCT-15', 'Operation', 19761),
	('2021-11-27', 'MCT-15', 'Unoperation', 1223),
	('2021-11-27', 'MCT-21', 'Operation', 19532),
	('2021-11-27', 'MCT-21', 'Unoperation', 1094),
	('2021-11-27', '오면가공기', 'Operation', 19574),
	('2021-11-27', '오면가공기', 'Unoperation', 1087),
	('2021-11-26', 'F500/50', 'Operation', 20216),
	('2021-11-26', 'F500/50', 'Unoperation', 1217),
	('2021-11-26', 'F650/50-1', 'Operation', 20137),
	('2021-11-26', 'F650/50-1', 'Unoperation', 1033),
	('2021-11-26', 'F650/50-2', 'Operation', 20058),
	('2021-11-26', 'F650/50-2', 'Unoperation', 1191),
	('2021-11-26', 'VX960M', 'Operation', 19681),
	('2021-11-26', 'VX960M', 'Unoperation', 1032),
	('2021-11-26', 'MCT-15', 'Operation', 19718),
	('2021-11-26', 'MCT-15', 'Unoperation', 1094),
	('2021-11-26', 'MCT-21', 'Operation', 19617),
	('2021-11-26', 'MCT-21', 'Unoperation', 1002),
	('2021-11-26', '오면가공기', 'Operation', 19760),
	('2021-11-26', '오면가공기', 'Unoperation', 1095),
	('2021-11-25', 'F500/50', 'Operation', 20294),
	('2021-11-25', 'F500/50', 'Unoperation', 1284),
	('2021-11-25', 'F650/50-1', 'Operation', 20242),
	('2021-11-25', 'F650/50-1', 'Unoperation', 1056),
	('2021-11-25', 'F650/50-2', 'Operation', 20156),
	('2021-11-25', 'F650/50-2', 'Unoperation', 1010),
	('2021-11-25', 'VX960M', 'Operation', 19686),
	('2021-11-25', 'VX960M', 'Unoperation', 1298),
	('2021-11-25', 'MCT-15', 'Operation', 19534),
	('2021-11-25', 'MCT-15', 'Unoperation', 1177),
	('2021-11-25', 'MCT-21', 'Operation', 19683),
	('2021-11-25', 'MCT-21', 'Unoperation', 1086),
	('2021-11-25', '오면가공기', 'Operation', 19678),
	('2021-11-25', '오면가공기', 'Unoperation', 1035),
	('2021-11-24', 'F500/50', 'Operation', 20241),
	('2021-11-24', 'F500/50', 'Unoperation', 1200),
	('2021-11-24', 'F650/50-1', 'Operation', 20278),
	('2021-11-24', 'F650/50-1', 'Unoperation', 1192),
	('2021-11-24', 'F650/50-2', 'Operation', 20127),
	('2021-11-24', 'F650/50-2', 'Unoperation', 1058),
	('2021-11-24', 'VX960M', 'Operation', 19708),
	('2021-11-24', 'VX960M', 'Unoperation', 1267),
	('2021-11-24', 'MCT-15', 'Operation', 19611),
	('2021-11-24', 'MCT-15', 'Unoperation', 1055),
	('2021-11-24', 'MCT-21', 'Operation', 19745),
	('2021-11-24', 'MCT-21', 'Unoperation', 1157),
	('2021-11-24', '오면가공기', 'Operation', 19552),
	('2021-11-24', '오면가공기', 'Unoperation', 1091),
	('2021-11-23', 'F500/50', 'Operation', 20000),
	('2021-11-23', 'F500/50', 'Unoperation', 1028),
	('2021-11-23', 'F650/50-1', 'Operation', 20140),
	('2021-11-23', 'F650/50-1', 'Unoperation', 1015),
	('2021-11-23', 'F650/50-2', 'Operation', 20257),
	('2021-11-23', 'F650/50-2', 'Unoperation', 1039),
	('2021-11-23', 'VX960M', 'Operation', 19525),
	('2021-11-23', 'VX960M', 'Unoperation', 1008),
	('2021-11-23', 'MCT-15', 'Operation', 19765),
	('2021-11-23', 'MCT-15', 'Unoperation', 1102),
	('2021-11-23', 'MCT-21', 'Operation', 19514),
	('2021-11-23', 'MCT-21', 'Unoperation', 1067),
	('2021-11-23', '오면가공기', 'Operation', 19792),
	('2021-11-23', '오면가공기', 'Unoperation', 1060),
	('2021-11-22', 'F500/50', 'Operation', 20025),
	('2021-11-22', 'F500/50', 'Unoperation', 1247),
	('2021-11-22', 'F650/50-1', 'Operation', 20257),
	('2021-11-22', 'F650/50-1', 'Unoperation', 1247),
	('2021-11-22', 'F650/50-2', 'Operation', 20162),
	('2021-11-22', 'F650/50-2', 'Unoperation', 1070),
	('2021-11-22', 'VX960M', 'Operation', 19666),
	('2021-11-22', 'VX960M', 'Unoperation', 1019),
	('2021-11-22', 'MCT-15', 'Operation', 19697),
	('2021-11-22', 'MCT-15', 'Unoperation', 1030),
	('2021-11-22', 'MCT-21', 'Operation', 19661),
	('2021-11-22', 'MCT-21', 'Unoperation', 1113),
	('2021-11-22', '오면가공기', 'Operation', 19583),
	('2021-11-22', '오면가공기', 'Unoperation', 1078),
	('2021-11-21', 'F500/50', 'Operation', 20142),
	('2021-11-21', 'F500/50', 'Unoperation', 1173),
	('2021-11-21', 'F650/50-1', 'Operation', 20143),
	('2021-11-21', 'F650/50-1', 'Unoperation', 1196),
	('2021-11-21', 'F650/50-2', 'Operation', 20252),
	('2021-11-21', 'F650/50-2', 'Unoperation', 1072),
	('2021-11-21', 'VX960M', 'Operation', 19706),
	('2021-11-21', 'VX960M', 'Unoperation', 1212),
	('2021-11-21', 'MCT-15', 'Operation', 19644),
	('2021-11-21', 'MCT-15', 'Unoperation', 1083),
	('2021-11-21', 'MCT-21', 'Operation', 19785),
	('2021-11-21', 'MCT-21', 'Unoperation', 1278),
	('2021-11-21', '오면가공기', 'Operation', 19735),
	('2021-11-21', '오면가공기', 'Unoperation', 1039),
	('2021-11-20', 'F500/50', 'Operation', 20092),
	('2021-11-20', 'F500/50', 'Unoperation', 1045),
	('2021-11-20', 'F650/50-1', 'Operation', 20248),
	('2021-11-20', 'F650/50-1', 'Unoperation', 1205),
	('2021-11-20', 'F650/50-2', 'Operation', 20281),
	('2021-11-20', 'F650/50-2', 'Unoperation', 1191),
	('2021-11-20', 'VX960M', 'Operation', 19615),
	('2021-11-20', 'VX960M', 'Unoperation', 1299),
	('2021-11-20', 'MCT-15', 'Operation', 19754),
	('2021-11-20', 'MCT-15', 'Unoperation', 1070),
	('2021-11-20', 'MCT-21', 'Operation', 19691),
	('2021-11-20', 'MCT-21', 'Unoperation', 1147),
	('2021-11-20', '오면가공기', 'Operation', 19659),
	('2021-11-20', '오면가공기', 'Unoperation', 1058),
	('2021-11-19', 'F500/50', 'Operation', 20110),
	('2021-11-19', 'F500/50', 'Unoperation', 1079),
	('2021-11-19', 'F650/50-1', 'Operation', 20064),
	('2021-11-19', 'F650/50-1', 'Unoperation', 1085),
	('2021-11-19', 'F650/50-2', 'Operation', 20232),
	('2021-11-19', 'F650/50-2', 'Unoperation', 1005),
	('2021-11-19', 'VX960M', 'Operation', 19729),
	('2021-11-19', 'VX960M', 'Unoperation', 1231),
	('2021-11-19', 'MCT-15', 'Operation', 19667),
	('2021-11-19', 'MCT-15', 'Unoperation', 1145),
	('2021-11-19', 'MCT-21', 'Operation', 19725),
	('2021-11-19', 'MCT-21', 'Unoperation', 1090),
	('2021-11-19', '오면가공기', 'Operation', 19574),
	('2021-11-19', '오면가공기', 'Unoperation', 1102),
	('2021-11-18', 'F500/50', 'Operation', 20287),
	('2021-11-18', 'F500/50', 'Unoperation', 1230),
	('2021-11-18', 'F650/50-1', 'Operation', 20292),
	('2021-11-18', 'F650/50-1', 'Unoperation', 1167),
	('2021-11-18', 'F650/50-2', 'Operation', 20260),
	('2021-11-18', 'F650/50-2', 'Unoperation', 1202),
	('2021-11-18', 'VX960M', 'Operation', 19728),
	('2021-11-18', 'VX960M', 'Unoperation', 1236),
	('2021-11-18', 'MCT-15', 'Operation', 19694),
	('2021-11-18', 'MCT-15', 'Unoperation', 1265),
	('2021-11-18', 'MCT-21', 'Operation', 19642),
	('2021-11-18', 'MCT-21', 'Unoperation', 1218),
	('2021-11-18', '오면가공기', 'Operation', 19563),
	('2021-11-18', '오면가공기', 'Unoperation', 1264),
	('2021-11-17', 'F500/50', 'Operation', 20228),
	('2021-11-17', 'F500/50', 'Unoperation', 1050),
	('2021-11-17', 'F650/50-1', 'Operation', 20168),
	('2021-11-17', 'F650/50-1', 'Unoperation', 1089),
	('2021-11-17', 'F650/50-2', 'Operation', 20244),
	('2021-11-17', 'F650/50-2', 'Unoperation', 1050),
	('2021-11-17', 'VX960M', 'Operation', 19620),
	('2021-11-17', 'VX960M', 'Unoperation', 1149),
	('2021-11-17', 'MCT-15', 'Operation', 19586),
	('2021-11-17', 'MCT-15', 'Unoperation', 1285),
	('2021-11-17', 'MCT-21', 'Operation', 19766),
	('2021-11-17', 'MCT-21', 'Unoperation', 1176),
	('2021-11-17', '오면가공기', 'Operation', 19584),
	('2021-11-17', '오면가공기', 'Unoperation', 1193),
	('2021-11-16', 'F500/50', 'Operation', 20113),
	('2021-11-16', 'F500/50', 'Unoperation', 1287),
	('2021-11-16', 'F650/50-1', 'Operation', 20197),
	('2021-11-16', 'F650/50-1', 'Unoperation', 1125),
	('2021-11-16', 'F650/50-2', 'Operation', 20032),
	('2021-11-16', 'F650/50-2', 'Unoperation', 1085),
	('2021-11-16', 'VX960M', 'Operation', 19529),
	('2021-11-16', 'VX960M', 'Unoperation', 1192),
	('2021-11-16', 'MCT-15', 'Operation', 19772),
	('2021-11-16', 'MCT-15', 'Unoperation', 1187),
	('2021-11-16', 'MCT-21', 'Operation', 19618),
	('2021-11-16', 'MCT-21', 'Unoperation', 1031),
	('2021-11-16', '오면가공기', 'Operation', 19603),
	('2021-11-16', '오면가공기', 'Unoperation', 1119),
	('2021-11-15', 'F500/50', 'Operation', 20287),
	('2021-11-15', 'F500/50', 'Unoperation', 1177),
	('2021-11-15', 'F650/50-1', 'Operation', 20027),
	('2021-11-15', 'F650/50-1', 'Unoperation', 1203),
	('2021-11-15', 'F650/50-2', 'Operation', 20033),
	('2021-11-15', 'F650/50-2', 'Unoperation', 1157),
	('2021-11-15', 'VX960M', 'Operation', 19589),
	('2021-11-15', 'VX960M', 'Unoperation', 1273),
	('2021-11-15', 'MCT-15', 'Operation', 19701),
	('2021-11-15', 'MCT-15', 'Unoperation', 1184),
	('2021-11-15', 'MCT-21', 'Operation', 19517),
	('2021-11-15', 'MCT-21', 'Unoperation', 1133),
	('2021-11-15', '오면가공기', 'Operation', 19517),
	('2021-11-15', '오면가공기', 'Unoperation', 1284),
	('2021-11-14', 'F500/50', 'Operation', 20169),
	('2021-11-14', 'F500/50', 'Unoperation', 1293),
	('2021-11-14', 'F650/50-1', 'Operation', 20060),
	('2021-11-14', 'F650/50-1', 'Unoperation', 1022),
	('2021-11-14', 'F650/50-2', 'Operation', 20228),
	('2021-11-14', 'F650/50-2', 'Unoperation', 1177),
	('2021-11-14', 'VX960M', 'Operation', 19702),
	('2021-11-14', 'VX960M', 'Unoperation', 1179),
	('2021-11-14', 'MCT-15', 'Operation', 19788),
	('2021-11-14', 'MCT-15', 'Unoperation', 1004),
	('2021-11-14', 'MCT-21', 'Operation', 19558),
	('2021-11-14', 'MCT-21', 'Unoperation', 1278),
	('2021-11-14', '오면가공기', 'Operation', 19514),
	('2021-11-14', '오면가공기', 'Unoperation', 1140),
	('2021-11-13', 'F500/50', 'Operation', 20056),
	('2021-11-13', 'F500/50', 'Unoperation', 1163),
	('2021-11-13', 'F650/50-1', 'Operation', 20048),
	('2021-11-13', 'F650/50-1', 'Unoperation', 1050),
	('2021-11-13', 'F650/50-2', 'Operation', 20107),
	('2021-11-13', 'F650/50-2', 'Unoperation', 1085),
	('2021-11-13', 'VX960M', 'Operation', 19607),
	('2021-11-13', 'VX960M', 'Unoperation', 1277),
	('2021-11-13', 'MCT-15', 'Operation', 19668),
	('2021-11-13', 'MCT-15', 'Unoperation', 1007),
	('2021-11-13', 'MCT-21', 'Operation', 19630),
	('2021-11-13', 'MCT-21', 'Unoperation', 1032),
	('2021-11-13', '오면가공기', 'Operation', 19568),
	('2021-11-13', '오면가공기', 'Unoperation', 1245),
	('2021-11-12', 'F500/50', 'Operation', 20120),
	('2021-11-12', 'F500/50', 'Unoperation', 1168),
	('2021-11-12', 'F650/50-1', 'Operation', 20179),
	('2021-11-12', 'F650/50-1', 'Unoperation', 1091),
	('2021-11-12', 'F650/50-2', 'Operation', 20221),
	('2021-11-12', 'F650/50-2', 'Unoperation', 1230),
	('2021-11-12', 'VX960M', 'Operation', 19687),
	('2021-11-12', 'VX960M', 'Unoperation', 1246),
	('2021-11-12', 'MCT-15', 'Operation', 19568),
	('2021-11-12', 'MCT-15', 'Unoperation', 1204),
	('2021-11-12', 'MCT-21', 'Operation', 19715),
	('2021-11-12', 'MCT-21', 'Unoperation', 1164),
	('2021-11-12', '오면가공기', 'Operation', 19676),
	('2021-11-12', '오면가공기', 'Unoperation', 1087),
	('2021-11-11', 'F500/50', 'Operation', 20210),
	('2021-11-11', 'F500/50', 'Unoperation', 1188),
	('2021-11-11', 'F650/50-1', 'Operation', 20010),
	('2021-11-11', 'F650/50-1', 'Unoperation', 1085),
	('2021-11-11', 'F650/50-2', 'Operation', 20098),
	('2021-11-11', 'F650/50-2', 'Unoperation', 1235),
	('2021-11-11', 'VX960M', 'Operation', 19782),
	('2021-11-11', 'VX960M', 'Unoperation', 1104),
	('2021-11-11', 'MCT-15', 'Operation', 19776),
	('2021-11-11', 'MCT-15', 'Unoperation', 1167),
	('2021-11-11', 'MCT-21', 'Operation', 19509),
	('2021-11-11', 'MCT-21', 'Unoperation', 1143),
	('2021-11-11', '오면가공기', 'Operation', 19591),
	('2021-11-11', '오면가공기', 'Unoperation', 1024),
	('2021-11-10', 'F500/50', 'Operation', 20150),
	('2021-11-10', 'F500/50', 'Unoperation', 1079),
	('2021-11-10', 'F650/50-1', 'Operation', 20244),
	('2021-11-10', 'F650/50-1', 'Unoperation', 1084),
	('2021-11-10', 'F650/50-2', 'Operation', 20289),
	('2021-11-10', 'F650/50-2', 'Unoperation', 1293),
	('2021-11-10', 'VX960M', 'Operation', 19798),
	('2021-11-10', 'VX960M', 'Unoperation', 1011),
	('2021-11-10', 'MCT-15', 'Operation', 19564),
	('2021-11-10', 'MCT-15', 'Unoperation', 1286),
	('2021-11-10', 'MCT-21', 'Operation', 19540),
	('2021-11-10', 'MCT-21', 'Unoperation', 1242),
	('2021-11-10', '오면가공기', 'Operation', 19692),
	('2021-11-10', '오면가공기', 'Unoperation', 1232),
	('2021-11-09', 'F500/50', 'Operation', 20286),
	('2021-11-09', 'F500/50', 'Unoperation', 1135),
	('2021-11-09', 'F650/50-1', 'Operation', 20117),
	('2021-11-09', 'F650/50-1', 'Unoperation', 1178),
	('2021-11-09', 'F650/50-2', 'Operation', 20242),
	('2021-11-09', 'F650/50-2', 'Unoperation', 1078),
	('2021-11-09', 'VX960M', 'Operation', 19762),
	('2021-11-09', 'VX960M', 'Unoperation', 1175),
	('2021-11-09', 'MCT-15', 'Operation', 19593),
	('2021-11-09', 'MCT-15', 'Unoperation', 1240),
	('2021-11-09', 'MCT-21', 'Operation', 19521),
	('2021-11-09', 'MCT-21', 'Unoperation', 1284),
	('2021-11-09', '오면가공기', 'Operation', 19657),
	('2021-11-09', '오면가공기', 'Unoperation', 1235),
	('2021-11-08', 'F500/50', 'Operation', 20102),
	('2021-11-08', 'F500/50', 'Unoperation', 1108),
	('2021-11-08', 'F650/50-1', 'Operation', 20234),
	('2021-11-08', 'F650/50-1', 'Unoperation', 1248),
	('2021-11-08', 'F650/50-2', 'Operation', 20237),
	('2021-11-08', 'F650/50-2', 'Unoperation', 1142),
	('2021-11-08', 'VX960M', 'Operation', 19501),
	('2021-11-08', 'VX960M', 'Unoperation', 1176),
	('2021-11-08', 'MCT-15', 'Operation', 19780),
	('2021-11-08', 'MCT-15', 'Unoperation', 1272),
	('2021-11-08', 'MCT-21', 'Operation', 19722),
	('2021-11-08', 'MCT-21', 'Unoperation', 1294),
	('2021-11-08', '오면가공기', 'Operation', 19703),
	('2021-11-08', '오면가공기', 'Unoperation', 1135),
	('2021-11-07', 'F500/50', 'Operation', 20066),
	('2021-11-07', 'F500/50', 'Unoperation', 1224),
	('2021-11-07', 'F650/50-1', 'Operation', 20023),
	('2021-11-07', 'F650/50-1', 'Unoperation', 1044),
	('2021-11-07', 'F650/50-2', 'Operation', 20149),
	('2021-11-07', 'F650/50-2', 'Unoperation', 1017),
	('2021-11-07', 'VX960M', 'Operation', 19738),
	('2021-11-07', 'VX960M', 'Unoperation', 1238),
	('2021-11-07', 'MCT-15', 'Operation', 19676),
	('2021-11-07', 'MCT-15', 'Unoperation', 1167),
	('2021-11-07', 'MCT-21', 'Operation', 19506),
	('2021-11-07', 'MCT-21', 'Unoperation', 1132),
	('2021-11-07', '오면가공기', 'Operation', 19541),
	('2021-11-07', '오면가공기', 'Unoperation', 1112),
	('2021-11-06', 'F500/50', 'Operation', 20135),
	('2021-11-06', 'F500/50', 'Unoperation', 1041),
	('2021-11-06', 'F650/50-1', 'Operation', 20098),
	('2021-11-06', 'F650/50-1', 'Unoperation', 1068),
	('2021-11-06', 'F650/50-2', 'Operation', 20049),
	('2021-11-06', 'F650/50-2', 'Unoperation', 1039),
	('2021-11-06', 'VX960M', 'Operation', 19549),
	('2021-11-06', 'VX960M', 'Unoperation', 1130),
	('2021-11-06', 'MCT-15', 'Operation', 19702),
	('2021-11-06', 'MCT-15', 'Unoperation', 1019),
	('2021-11-06', 'MCT-21', 'Operation', 19592),
	('2021-11-06', 'MCT-21', 'Unoperation', 1102),
	('2021-11-06', '오면가공기', 'Operation', 19736),
	('2021-11-06', '오면가공기', 'Unoperation', 1273),
	('2021-11-05', 'F500/50', 'Operation', 20056),
	('2021-11-05', 'F500/50', 'Unoperation', 1063),
	('2021-11-05', 'F650/50-1', 'Operation', 20149),
	('2021-11-05', 'F650/50-1', 'Unoperation', 1255),
	('2021-11-05', 'F650/50-2', 'Operation', 20228),
	('2021-11-05', 'F650/50-2', 'Unoperation', 1078),
	('2021-11-05', 'VX960M', 'Operation', 19503),
	('2021-11-05', 'VX960M', 'Unoperation', 1085),
	('2021-11-05', 'MCT-15', 'Operation', 19615),
	('2021-11-05', 'MCT-15', 'Unoperation', 1019),
	('2021-11-05', 'MCT-21', 'Operation', 19551),
	('2021-11-05', 'MCT-21', 'Unoperation', 1198),
	('2021-11-05', '오면가공기', 'Operation', 19737),
	('2021-11-05', '오면가공기', 'Unoperation', 1291),
	('2021-11-04', 'F500/50', 'Operation', 20147),
	('2021-11-04', 'F500/50', 'Unoperation', 1161),
	('2021-11-04', 'F650/50-1', 'Operation', 20066),
	('2021-11-04', 'F650/50-1', 'Unoperation', 1148),
	('2021-11-04', 'F650/50-2', 'Operation', 20242),
	('2021-11-04', 'F650/50-2', 'Unoperation', 1167),
	('2021-11-04', 'VX960M', 'Operation', 19609),
	('2021-11-04', 'VX960M', 'Unoperation', 1045),
	('2021-11-04', 'MCT-15', 'Operation', 19699),
	('2021-11-04', 'MCT-15', 'Unoperation', 1258),
	('2021-11-04', 'MCT-21', 'Operation', 19597),
	('2021-11-04', 'MCT-21', 'Unoperation', 1008),
	('2021-11-04', '오면가공기', 'Operation', 19553),
	('2021-11-04', '오면가공기', 'Unoperation', 1240),
	('2021-11-03', 'F500/50', 'Operation', 20142),
	('2021-11-03', 'F500/50', 'Unoperation', 1290),
	('2021-11-03', 'F650/50-1', 'Operation', 20123),
	('2021-11-03', 'F650/50-1', 'Unoperation', 1048),
	('2021-11-03', 'F650/50-2', 'Operation', 20171),
	('2021-11-03', 'F650/50-2', 'Unoperation', 1109),
	('2021-11-03', 'VX960M', 'Operation', 19535),
	('2021-11-03', 'VX960M', 'Unoperation', 1147),
	('2021-11-03', 'MCT-15', 'Operation', 19533),
	('2021-11-03', 'MCT-15', 'Unoperation', 1024),
	('2021-11-03', 'MCT-21', 'Operation', 19519),
	('2021-11-03', 'MCT-21', 'Unoperation', 1025),
	('2021-11-03', '오면가공기', 'Operation', 19567),
	('2021-11-03', '오면가공기', 'Unoperation', 1263),
	('2021-11-02', 'F500/50', 'Operation', 20213),
	('2021-11-02', 'F500/50', 'Unoperation', 1277),
	('2021-11-02', 'F650/50-1', 'Operation', 20148),
	('2021-11-02', 'F650/50-1', 'Unoperation', 1210),
	('2021-11-02', 'F650/50-2', 'Operation', 20005),
	('2021-11-02', 'F650/50-2', 'Unoperation', 1294),
	('2021-11-02', 'VX960M', 'Operation', 19756),
	('2021-11-02', 'VX960M', 'Unoperation', 1100),
	('2021-11-02', 'MCT-15', 'Operation', 19532),
	('2021-11-02', 'MCT-15', 'Unoperation', 1160),
	('2021-11-02', 'MCT-21', 'Operation', 19607),
	('2021-11-02', 'MCT-21', 'Unoperation', 1053),
	('2021-11-02', '오면가공기', 'Operation', 19747),
	('2021-11-02', '오면가공기', 'Unoperation', 1173),
	('2021-11-01', 'F500/50', 'Operation', 20127),
	('2021-11-01', 'F500/50', 'Unoperation', 1117),
	('2021-11-01', 'F650/50-1', 'Operation', 20205),
	('2021-11-01', 'F650/50-1', 'Unoperation', 1075),
	('2021-11-01', 'F650/50-2', 'Operation', 20058),
	('2021-11-01', 'F650/50-2', 'Unoperation', 1067),
	('2021-11-01', 'VX960M', 'Operation', 19661),
	('2021-11-01', 'VX960M', 'Unoperation', 1005),
	('2021-11-01', 'MCT-15', 'Operation', 19641),
	('2021-11-01', 'MCT-15', 'Unoperation', 1090),
	('2021-11-01', 'MCT-21', 'Operation', 19531),
	('2021-11-01', 'MCT-21', 'Unoperation', 1182),
	('2021-11-01', '오면가공기', 'Operation', 19717),
	('2021-11-01', '오면가공기', 'Unoperation', 1242),
	('2021-10-31', 'F500/50', 'Operation', 20260),
	('2021-10-31', 'F500/50', 'Unoperation', 1274),
	('2021-10-31', 'F650/50-1', 'Operation', 20292),
	('2021-10-31', 'F650/50-1', 'Unoperation', 1037),
	('2021-10-31', 'F650/50-2', 'Operation', 20211),
	('2021-10-31', 'F650/50-2', 'Unoperation', 1042),
	('2021-10-31', 'VX960M', 'Operation', 19679),
	('2021-10-31', 'VX960M', 'Unoperation', 1170),
	('2021-10-31', 'MCT-15', 'Operation', 19515),
	('2021-10-31', 'MCT-15', 'Unoperation', 1163),
	('2021-10-31', 'MCT-21', 'Operation', 19670),
	('2021-10-31', 'MCT-21', 'Unoperation', 1062),
	('2021-10-31', '오면가공기', 'Operation', 19599),
	('2021-10-31', '오면가공기', 'Unoperation', 1011),
	('2021-10-30', 'F500/50', 'Operation', 20060),
	('2021-10-30', 'F500/50', 'Unoperation', 1267),
	('2021-10-30', 'F650/50-1', 'Operation', 20254),
	('2021-10-30', 'F650/50-1', 'Unoperation', 1170),
	('2021-10-30', 'F650/50-2', 'Operation', 20090),
	('2021-10-30', 'F650/50-2', 'Unoperation', 1240),
	('2021-10-30', 'VX960M', 'Operation', 19530),
	('2021-10-30', 'VX960M', 'Unoperation', 1032),
	('2021-10-30', 'MCT-15', 'Operation', 19571),
	('2021-10-30', 'MCT-15', 'Unoperation', 1258),
	('2021-10-30', 'MCT-21', 'Operation', 19680),
	('2021-10-30', 'MCT-21', 'Unoperation', 1124),
	('2021-10-30', '오면가공기', 'Operation', 19581),
	('2021-10-30', '오면가공기', 'Unoperation', 1034),
	('2021-10-29', 'F500/50', 'Operation', 20228),
	('2021-10-29', 'F500/50', 'Unoperation', 1136),
	('2021-10-29', 'F650/50-1', 'Operation', 20297),
	('2021-10-29', 'F650/50-1', 'Unoperation', 1179),
	('2021-10-29', 'F650/50-2', 'Operation', 20004),
	('2021-10-29', 'F650/50-2', 'Unoperation', 1084),
	('2021-10-29', 'VX960M', 'Operation', 19607),
	('2021-10-29', 'VX960M', 'Unoperation', 1285),
	('2021-10-29', 'MCT-15', 'Operation', 19704),
	('2021-10-29', 'MCT-15', 'Unoperation', 1165),
	('2021-10-29', 'MCT-21', 'Operation', 19714),
	('2021-10-29', 'MCT-21', 'Unoperation', 1275),
	('2021-10-29', '오면가공기', 'Operation', 19634),
	('2021-10-29', '오면가공기', 'Unoperation', 1143);
/*!40000 ALTER TABLE `operating_hour_log` ENABLE KEYS */;

-- 테이블 dg.operation_hour 구조 내보내기
DROP TABLE IF EXISTS `operation_hour`;
CREATE TABLE IF NOT EXISTS `operation_hour` (
  `OperationHourStandard` bit(1) NOT NULL COMMENT 'true(start), false(end)',
  `OperationHourTime` time NOT NULL COMMENT '장비 조업 기준 시간'
) ENGINE=InnoDB DEFAULT CHARSET=utf8;

-- 테이블 데이터 dg.operation_hour:~2 rows (대략적) 내보내기
/*!40000 ALTER TABLE `operation_hour` DISABLE KEYS */;
INSERT INTO `operation_hour` (`OperationHourStandard`, `OperationHourTime`) VALUES
	(b'0', '09:00:00'),
	(b'1', '18:00:00');
/*!40000 ALTER TABLE `operation_hour` ENABLE KEYS */;

-- 테이블 dg.product 구조 내보내기
DROP TABLE IF EXISTS `product`;
CREATE TABLE IF NOT EXISTS `product` (
  `ProductNo` int(20) NOT NULL DEFAULT 0 COMMENT '제품 번호(생성)',
  `ProductName` varchar(45) NOT NULL COMMENT '품목 이름',
  `ProductPrice` bigint(20) DEFAULT 0 COMMENT '제품 단가',
  `unit` varchar(50) DEFAULT NULL COMMENT '단위명',
  `BomStandard` varchar(50) DEFAULT NULL COMMENT '규격',
  `BomDrawingNo` varchar(50) DEFAULT NULL COMMENT '도면번호',
  `ProductMemo` varchar(45) DEFAULT NULL COMMENT '메모(비고)',
  PRIMARY KEY (`ProductNo`),
  KEY `unit` (`unit`),
  CONSTRAINT `FK_product_def_unit` FOREIGN KEY (`unit`) REFERENCES `def_unit` (`unit`)
) ENGINE=InnoDB DEFAULT CHARSET=utf8 COMMENT='품목 정보';

-- 테이블 데이터 dg.product:~132 rows (대략적) 내보내기
/*!40000 ALTER TABLE `product` DISABLE KEYS */;
INSERT INTO `product` (`ProductNo`, `ProductName`, `ProductPrice`, `unit`, `BomStandard`, `BomDrawingNo`, `ProductMemo`) VALUES
	(1, '9BUB HL TPE PAD', 240000, 'EA', '10x20x30', '4355C', '0.15R'),
	(2, 'C121 HL FASCIA BRKT (BUMPER BRKT)', 514000, 'EA', '204x384', '4325C', NULL),
	(3, 'RIVIANR1 H/L HOUSING ', 178000, 'EA', '1920x1080', '10385C', NULL),
	(4, 'RIVIANR1 H/L FASCIA BRACKET', 100, 'EA', NULL, '3578C', NULL),
	(5, 'NX4a R/C O/S BEZEL_OPT', 265000, 'EA', '1920x1080', '6648C', NULL),
	(6, 'NE FTS OTR LENS', 245000, 'Kg', '157X549X995', '2486B', NULL),
	(7, 'US4 H/L HOUSING_STD', 125000, 'EA', '125X845', '2078B', NULL),
	(19, 'BED', 1246000, 'EA', 'G2021-SST1-S100-001-1', NULL, NULL),
	(22, 'REDUCER PLATE', 90000, 'EA', 'G2021-SST1-S100-003-0', NULL, NULL),
	(23, 'BASE', 580000, 'EA', 'G2021-SST1-S100-002-0', NULL, NULL),
	(24, 'ROBOT SUB BASE', 150000, 'EA', 'G2021-SST1-S100-010-0', NULL, NULL),
	(25, 'STOPPER BLOCK', 20000, 'EA', 'G2021-SST1-S100-004-0', NULL, NULL),
	(26, 'URETHANE STOPPER', 8000, 'EA', 'G2021-SST1-S100-005-0', NULL, NULL),
	(30, 'TENSION BLOCK', 18000, 'EA', 'G2021-SST1-S100-007-0', NULL, NULL),
	(31, 'REDUCER PLATE GUIDE', 18000, 'EA', 'G2021-SST1-S100-008-0', NULL, NULL),
	(32, 'ROBOT SUB BASE SUPPORT', 20000, 'EA', 'G2021-SST1-S100-0090', NULL, NULL),
	(33, 'BASE PLATE', 0, 'EA', 'YI2034-120-1002', NULL, NULL),
	(34, 'BASE PLATE', 0, 'EA', 'YI2034-120-1003', NULL, NULL),
	(35, 'BASE PLATE', 0, 'EA', 'YI2034-120-1004', NULL, NULL),
	(36, 'CASTER BK', 0, 'EA', 'YI2034-120-1005', NULL, NULL),
	(37, 'CSL 1300 TEST(95D)', 167000, 'EA', 'FLANGE', NULL, NULL),
	(38, 'FORK SUPPORT(80mm)', 9000, 'EA', 'FORK', NULL, NULL),
	(106, 'BM190 LEAD Welding', 0, 'EA', 'NAME PLATE', 'SG2 PHEV-BMA-190-07-016', NULL),
	(107, 'BM190 LEAD Welding', 0, 'EA', 'NAME PLATE', 'SG2 PHEV-BMA-017-08-012', NULL),
	(108, 'BM220 Sensing assy Welding', 0, 'EA', 'NAME PLATE', 'SG2 PHEV-BMA-220-07-016', NULL),
	(109, 'BM220 Sensing assy Welding', 0, 'EA', 'NAME PLATE', 'SG2 PHEV-BMA-220-08-010', NULL),
	(110, 'BM230 Busbar Welding', 0, 'EA', 'NAME PLATE', 'SG2 PHEV-BMA-230-05-017', NULL),
	(111, 'BM230 Busbar Welding', 0, 'EA', 'NAME PLATE', 'SG2 PHEV-BMA-018-06-013', NULL),
	(112, 'DOOR LOCK BLOCK01', 0, 'EA', 'OM036-17-012051', 'A6061', NULL),
	(113, 'DOOR LOCK BLOCK02', 0, 'EA', 'OM036-17-012052', 'A6061\r', NULL),
	(114, 'PNEUMATIC WINDOWS01', 0, 'EA', 'OM036-17-012-011', '투명 무정전 PC\r', NULL),
	(115, 'PC BLOCK 01', 0, 'EA', 'OM036-17-012029', 'A6061\r', NULL),
	(116, 'COLLAR 01', 0, 'EA', 'OM036-17-012046', 'A6061\r', NULL),
	(117, 'MAIN BASE 01', 0, 'EA', 'OM036-17-012004', 'A6061\r', NULL),
	(118, 'MAIN BASE 02', 0, 'EA', 'OM036-17-012034', 'A6061\r', NULL),
	(119, 'MAIN BASE 03', 0, 'EA', 'OM036-17-012035', 'A6061\r', NULL),
	(120, 'MAIN BASE 04', 0, 'EA', 'OM036-17-012036', 'A6061\r', NULL),
	(121, '바나나잭 SUPPORT01', 0, 'EA', 'OM036-17-012021', '흑색아세탈\r', NULL),
	(122, '바나나잭 SUPPORT02', 0, 'EA', 'OM036-17-012022', 'A6061\r', NULL),
	(123, '바나나잭 SUPPORT03', 0, 'EA', 'OM036-17-012023', 'SUS304\r', NULL),
	(124, '핸드스캐너 SUPPORT02', 0, 'EA', 'OM036-17-012025', '흑색아세탈\r', NULL),
	(125, '핸드스캐너 SUPPORT03', 0, 'EA', 'OM036-17-012026', '흑색아세탈\r', NULL),
	(126, 'REDUCER PLATE 01', 0, 'EA', 'OM036-17-022001', 'A6061\r', NULL),
	(127, 'TABLE BLOCK 01', 0, 'EA', 'OM036-17-022002', 'A6061\r', NULL),
	(128, 'TURN TABLE', 0, 'EA', 'OM036-17-022003', 'A6061\r', NULL),
	(129, 'COVER 05', 0, 'EA', 'OM036-17-022008_MIR', 'A6061\r', NULL),
	(130, 'COVER 06', 0, 'EA', 'OM036-17-022009', 'A6061', NULL),
	(131, 'COVER 05', 0, 'EA', 'OM036-17-022008', 'A6061\r', NULL),
	(132, 'COVER 01', 0, 'EA', 'OM036-17-022004', 'A6061\r', NULL),
	(133, 'COVER 02', 0, 'EA', 'OM036-17-022005', 'A6061\r', NULL),
	(134, 'SWITCH BLOCK 01', 0, 'EA', 'OM036-17-022015', 'A6061\r', NULL),
	(135, 'SWITCH SHAFT 01', 0, 'EA', 'OM036-17-022016', 'S45C\r', NULL),
	(136, 'MAIN PLATE 01', 0, 'EA', 'OM036-17-032001', 'A6061\r', NULL),
	(137, 'Z-AXIS FIX BLOCK 01', 0, 'EA', 'OM036-17-032002', 'A6061\r', NULL),
	(138, 'X-AXIS PLATE 01', 0, 'EA', 'OM036-17-032003', 'A6061\r', NULL),
	(139, 'Z-AXIS BLOCK 02', 0, 'EA', 'OM036-17-032010', 'A6061\r', NULL),
	(140, 'RIB 01', 0, 'EA', 'OM036-17-032011', 'A6061\r', NULL),
	(141, 'CAMERA PLATE 01', 0, 'EA', 'OM036-17-032004', 'A6061\r', NULL),
	(142, 'CAMERA PLATE 02', 0, 'EA', 'OM036-17-032005', 'A6061\r', NULL),
	(143, 'CAMERA PLATE 03', 0, 'EA', 'OM036-17-032006', 'A6061\r', NULL),
	(144, 'ALIGN BLOCK 01', 0, 'EA', 'OM036-17-032007', 'A6061\r', NULL),
	(145, 'ALIGN B0LT 01', 0, 'EA', 'OM036-17-032008', 'S45C\r', NULL),
	(146, 'SIDE PLATE 01', 0, 'EA', 'OM036-17-032009', 'A6061\r', NULL),
	(147, 'STOPPER 01', 0, 'EA', 'OM036-17-032017', '우레탄\r', NULL),
	(148, 'JIG PLATE 01', 0, 'EA', 'OM036-17-042001', 'A6061\r', NULL),
	(149, 'ALIGN BLOCK 01', 0, 'EA', 'OM036-17-042011', 'A6061\r', NULL),
	(150, 'TENSION BOLT 01', 0, 'EA', 'OM036-17-042012', 'S45C\r', NULL),
	(151, 'ALIGN BLOCK 02', 0, 'EA', 'OM036-17-042013', 'A6061\r', NULL),
	(152, 'ALIGN B0LT 02', 0, 'EA', 'OM036-17-042014', 'S45C\r', NULL),
	(153, 'FIX BLOCK 01', 0, 'EA', 'OM036-17-042015', 'A6061\r', NULL),
	(154, 'FIX BLOCK 02', 0, 'EA', 'OM036-17-042016', 'A6061\r', NULL),
	(155, 'FIX BLOCK 03', 0, 'EA', 'OM036-17-042017', 'A6061\r', NULL),
	(156, 'FIX BLOCK 03', 0, 'EA', 'OM036-17-042017-MIR', 'A6061\r', NULL),
	(157, 'TILTE BLOCK 01', 0, 'EA', 'OM036-17-042003', 'A6061\r', NULL),
	(158, 'TILTE HAFT 01', 0, 'EA', 'OM036-17-042004', 'A6061\r', NULL),
	(159, 'COLLAR 01', 0, 'EA', 'OM036-17-042005', 'A6061\r', NULL),
	(160, 'TILE BLOCK 02', 0, 'EA', 'OM036-17-042006', 'A6061', NULL),
	(161, 'END CAP 01', 0, 'EA', 'OM036-17-042007', 'A6061\r', NULL),
	(162, 'TILTE BLOCK 01', 0, 'EA', 'OM036-17-042003-MIR', 'A6061\r', NULL),
	(163, 'TILTE HAFT 01', 0, 'EA', 'OM036-17-042004', 'A6061\r', NULL),
	(164, 'COLLAR 01', 0, 'EA', 'OM036-17-042005', 'A6061\r', NULL),
	(165, 'TILE BLOCK 02', 0, 'EA', 'OM036-17-042006', 'A6061\r', NULL),
	(166, 'END CAP 01', 0, 'EA', 'OM036-17-042007', 'A6061\r', NULL),
	(167, 'JIG PLATE 02', 0, 'EA', 'OM036-17-042010', 'A6061\r', NULL),
	(168, 'HANDLE 01', 0, 'EA', 'OM036-17-042026', 'A6061\r', NULL),
	(169, 'SIDE PLATE 01', 0, 'EA', 'OM036-17-042002', 'A6061\r', NULL),
	(170, 'TENSION BLOCK 01', 0, 'EA', 'OM036-17-042008', 'A6061\r', NULL),
	(171, 'TENSION BLOCK 02', 0, 'EA', 'OM036-17-042009', 'A6061\r', NULL),
	(172, 'SIDE PLATE 01', 0, 'EA', 'OM036-17-042002-MIR', 'A6061\r', NULL),
	(173, 'TENSION BLOCK 01', 0, 'EA', 'OM036-17-042008', 'A6061\r', NULL),
	(174, 'TENSION BLOCK 02', 0, 'EA', 'OM036-17-042009-MIR', 'A6061\r', NULL),
	(175, 'PCB PLATE 01', 0, 'EA', 'OM036-17-042027', 'A6061\r', NULL),
	(176, 'PCB SUPPORT 01', 0, 'EA', 'OM036-17-042028', 'A6061\r', NULL),
	(177, 'PCB SUPPORT', 0, 'EA', 'OM036-17-042029', 'A6061\r', NULL),
	(178, 'STOPPER BLOCK 01', 0, 'EA', 'OM036-17-042018', 'A6061\r', NULL),
	(179, 'STOPPER BLOCK 02', 0, 'EA', 'OM036-17-042019', 'A6061\r', NULL),
	(180, 'STOPPER 01', 0, 'EA', 'OM036-17-042020', '우레탄\r', NULL),
	(181, 'BR214-123-PBM JIG', 0, 'EA', 'OM036-17-072001', 'A6061\r', NULL),
	(182, 'SUPPORT 01', 0, 'EA', 'OM036-17-072002', '우레탄\r', NULL),
	(183, 'SUPPORT 02', 0, 'EA', 'OM036-17-072003', '우레탄\r', NULL),
	(184, 'SUPPORT PLATE', 0, 'EA', 'OM036-17-052021', 'A6061\r', NULL),
	(185, 'SHUTTER COVER 01', 0, 'EA', 'OM036-17-052003', 'A6061\r', NULL),
	(186, 'SHUTTER COVER 01', 0, 'EA', 'OM036-17-052003-MIR', 'A6061\r', NULL),
	(187, 'SHUTTER COVER 02', 0, 'EA', 'OM036-17-052004', 'A6061\r', NULL),
	(188, 'SHUTTER COVER 03', 0, 'EA', 'OM036-17-052005', 'A6061\r', NULL),
	(189, 'SHUTTER COVER 04', 0, 'EA', 'OM036-17-052006', 'A6061\r', NULL),
	(190, 'SHUTTER COVER 05', 0, 'EA', 'OM036-17-052007', 'A6061\r', NULL),
	(191, 'SHUTTER COVER 05', 0, 'EA', 'OM036-17-052007-MIR', 'A6061\r', NULL),
	(192, 'SHUTTER COVER 06', 0, 'EA', 'OM036-17-052008', 'A6061\r', NULL),
	(193, 'SHUTTER COVER 07', 0, 'EA', 'OM036-17-052009', 'A6061\r', NULL),
	(194, 'MAGNET BRACKET 02', 0, 'EA', 'OM036-17-052020', 'A6061\r', NULL),
	(195, 'MAGNET BRACKET 02', 0, 'EA', 'OM036-17-052020', 'A6061\r', NULL),
	(196, 'MONITOR BLOCK 01', 0, 'EA', 'OM036-17-052024', 'A6061\r', NULL),
	(197, 'MONITOR BLOCK 01', 0, 'EA', 'OM036-17-052024', 'A6061\r', NULL),
	(198, 'DOOR BLOCK 01', 0, 'EA', 'OM036-17-052013', 'A6061\r', NULL),
	(199, 'DOOR BLOCK 02', 0, 'EA', 'OM036-17-052014', 'A6061\r', NULL),
	(200, 'TIL BLOCK 01', 0, 'EA', 'OM036-17-052023', 'A6061', NULL),
	(201, 'MAIN PLATE 01', 0, 'EA', 'OM036-17-062001', 'A6061\r', NULL),
	(202, 'CYLINDER BLOCK 01', 0, 'EA', 'OM036-17-062007', 'A6061\r', NULL),
	(203, 'STOPPER 01', 0, 'EA', 'OM036-17-062013', '우레탄\r', NULL),
	(204, 'SHUTTER 01', 0, 'EA', 'OM036-17-062002', 'A6061\r', NULL),
	(205, 'SHUTTER 02', 0, 'EA', 'OM036-17-062003', 'A6061\r', NULL),
	(206, 'SHUTTER 02', 0, 'EA', 'OM036-17-062003-MIR', 'A6061\r', NULL),
	(207, 'SHUTTER 03', 0, 'EA', 'OM036-17-062004', 'A6061\r', NULL),
	(208, 'SHUTTER COVER 01', 0, 'EA', 'OM036-17-062005', 'A6061\r', NULL),
	(209, 'SHUTTER COVER 02', 0, 'EA', 'OM036-17-062006', 'A6061\r', NULL),
	(210, 'CYLINDER BLOCK 02', 0, 'EA', 'OM036-17-062008', 'A6061\r', NULL),
	(211, 'LM BLOCK 01', 0, 'EA', 'OM036-17-062009', 'A6061\r', NULL),
	(212, 'LM BLOCK 01', 0, 'EA', 'OM036-17-062009-MIR', 'A6061\r', NULL),
	(213, 'LM BLOCK 02', 0, 'EA', 'OM036-17-062010', 'A6061\r', NULL),
	(214, 'SHUTTER FIX BLOCK 01', 0, 'EA', 'OM036-17-062011', 'A6061\r', NULL),
	(215, 'MONITOR BRACKET BASE', 0, 'EA', 'MNT-01', 'A6061', NULL);
/*!40000 ALTER TABLE `product` ENABLE KEYS */;

-- 테이블 dg.quality_management 구조 내보내기
DROP TABLE IF EXISTS `quality_management`;
CREATE TABLE IF NOT EXISTS `quality_management` (
  `workProcessNo` int(11) NOT NULL COMMENT '작업 공정 고유번호',
  `WorkInstructionNo` bigint(20) DEFAULT NULL COMMENT '고유번호(바코드값)',
  `FairName` varchar(45) DEFAULT NULL COMMENT '공정 명, 작업명',
  `QualityState` varchar(45) DEFAULT NULL COMMENT '불량/폐기 상태',
  `QualityMember` varchar(45) DEFAULT NULL COMMENT '담당자',
  `QualityMachine` varchar(45) DEFAULT NULL COMMENT '장비명',
  `QualityManager` varchar(45) DEFAULT NULL COMMENT '담당자',
  `QualityCause` varchar(45) DEFAULT NULL COMMENT '원인',
  `QualityDeadline` date DEFAULT NULL COMMENT '조치기한',
  `QualityActions` varchar(45) DEFAULT NULL COMMENT '조치사항',
  `QualityMemo` varchar(200) DEFAULT NULL COMMENT '메모',
  PRIMARY KEY (`workProcessNo`),
  CONSTRAINT `FK_quality_management_workProcessNo_work_process_WorkProcessNo` FOREIGN KEY (`workProcessNo`) REFERENCES `work_process` (`WorkProcessNo`)
) ENGINE=InnoDB DEFAULT CHARSET=utf8 COMMENT='품질(불량)';

-- 테이블 데이터 dg.quality_management:~7 rows (대략적) 내보내기
/*!40000 ALTER TABLE `quality_management` DISABLE KEYS */;
INSERT INTO `quality_management` (`workProcessNo`, `WorkInstructionNo`, `FairName`, `QualityState`, `QualityMember`, `QualityMachine`, `QualityManager`, `QualityCause`, `QualityDeadline`, `QualityActions`, `QualityMemo`) VALUES
	(237, 111, '1', '폐기', '1', '1', '1', '1', '2021-08-09', '1', '1'),
	(241, 2210800900201, '사상', '폐기', '강기원', 'F650/50-1', '담당자', '누수', '2021-09-27', '점검 처리', '누수 처리 불가'),
	(243, 2211000900401, '사상', '불량', '과장 1', 'F650/50-1', NULL, NULL, NULL, NULL, NULL),
	(246, 2211101300201, '사상', '불량', '윤종덕', '', NULL, NULL, NULL, NULL, NULL),
	(248, 2211101300201, '조립', '불량', '윤종덕', '', NULL, NULL, NULL, NULL, NULL),
	(250, 2211101300301, '사상', '불량', '윤종덕', '', NULL, NULL, NULL, NULL, NULL),
	(251, 2211101300301, '방전', '불량', '윤종덕', '', NULL, NULL, NULL, NULL, NULL),
	(252, 2211101300301, '조립', '불량', '윤종덕', '', NULL, NULL, NULL, NULL, NULL);
/*!40000 ALTER TABLE `quality_management` ENABLE KEYS */;

-- 테이블 dg.repairhistory 구조 내보내기
DROP TABLE IF EXISTS `repairhistory`;
CREATE TABLE IF NOT EXISTS `repairhistory` (
  `RepairhistoryNo` int(11) NOT NULL AUTO_INCREMENT COMMENT '점검번호',
  `RepairName` varchar(45) DEFAULT NULL COMMENT '점검명',
  `MachineName` varchar(70) NOT NULL COMMENT '장비명',
  `RepairHistoryTime` int(11) NOT NULL DEFAULT 0 COMMENT '주기',
  `RepairItem` varchar(45) NOT NULL COMMENT '점검항목',
  `RepairHistoryMemo` varchar(45) DEFAULT NULL COMMENT '메모',
  `RepairHistoryTimeCount` int(11) DEFAULT 0 COMMENT '시간주기',
  PRIMARY KEY (`RepairhistoryNo`),
  KEY `FK_repairhistory_MachineName_machine_MachineName` (`MachineName`),
  CONSTRAINT `FK_repairhistory_MachineName_machine_MachineName` FOREIGN KEY (`MachineName`) REFERENCES `machine` (`MachineName`) ON DELETE NO ACTION ON UPDATE CASCADE
) ENGINE=InnoDB AUTO_INCREMENT=12 DEFAULT CHARSET=utf8 COMMENT='점검관리(이력)';

-- 테이블 데이터 dg.repairhistory:~5 rows (대략적) 내보내기
/*!40000 ALTER TABLE `repairhistory` DISABLE KEYS */;
INSERT INTO `repairhistory` (`RepairhistoryNo`, `RepairName`, `MachineName`, `RepairHistoryTime`, `RepairItem`, `RepairHistoryMemo`, `RepairHistoryTimeCount`) VALUES
	(7, '점검 001', 'F500/50', 7, '1,3,8,11', 'etc', 0),
	(8, '점검 002', 'F500/50', 1, '1,2,3,4,5,6,9,10,11', 'etc', 0),
	(9, '점검 003', 'VX960M', 180, '3,5', 'etc', 0),
	(10, '점검 004', 'VX960M', 365, '4,5,6,9,10', '', 0),
	(11, '점검 005', 'F500/50', 1, '2,5,6,10,11', '', 0);
/*!40000 ALTER TABLE `repairhistory` ENABLE KEYS */;

-- 테이블 dg.repairsituation 구조 내보내기
DROP TABLE IF EXISTS `repairsituation`;
CREATE TABLE IF NOT EXISTS `repairsituation` (
  `RepairsituationNo` int(11) NOT NULL AUTO_INCREMENT COMMENT '고유번호',
  `RepairsituationTime` date DEFAULT NULL COMMENT '검사시간',
  `RepairName` varchar(45) NOT NULL COMMENT '점검명',
  `RepairsituationMember` varchar(45) DEFAULT NULL COMMENT '검사자',
  `RepairsituationDetails` varchar(100) DEFAULT NULL COMMENT '점검항목결과',
  `RepairsituationMemo` varchar(45) DEFAULT NULL COMMENT '메모',
  `RepairsituationHistory` int(11) DEFAULT NULL COMMENT '점검 등록 번호',
  PRIMARY KEY (`RepairsituationNo`)
) ENGINE=InnoDB AUTO_INCREMENT=21 DEFAULT CHARSET=utf8 COMMENT='점검 현황';

-- 테이블 데이터 dg.repairsituation:~18 rows (대략적) 내보내기
/*!40000 ALTER TABLE `repairsituation` DISABLE KEYS */;
INSERT INTO `repairsituation` (`RepairsituationNo`, `RepairsituationTime`, `RepairName`, `RepairsituationMember`, `RepairsituationDetails`, `RepairsituationMemo`, `RepairsituationHistory`) VALUES
	(3, '2021-10-07', '점검 003', '과장 1', '3_n,5_n', '', 9),
	(4, NULL, '점검 003', NULL, '3,5', NULL, 9),
	(5, NULL, '점검 003', NULL, '3,5', NULL, 9),
	(6, NULL, '점검 003', NULL, '3,5', NULL, 9),
	(7, NULL, '점검 003', NULL, '3,5', NULL, 9),
	(8, NULL, '점검 003', NULL, '3,5', NULL, 9),
	(9, '2021-06-28', '점검 003', '강기원', '3_t,5_t', '', 9),
	(10, NULL, '점검 003', NULL, '3,5', NULL, 9),
	(11, NULL, '점검 003', NULL, '3,5', NULL, 9),
	(12, '2021-06-28', '점검 003', '강기원', '3_t,5_t', '', 9),
	(13, NULL, '점검 003', NULL, '3,5', NULL, 9),
	(14, NULL, '점검 002', NULL, '1,2,3,4,5,6,9,10,11', NULL, 8),
	(15, NULL, '점검 002', NULL, '1,2,3,4,5,6,9,10,11', NULL, 8),
	(16, NULL, '점검 002', NULL, '1,2,3,4,5,6,9,10,11', NULL, 8),
	(17, NULL, '점검 002', NULL, '1,2,3,4,5,6,9,10,11', NULL, 8),
	(18, NULL, '점검 002', NULL, '1,2,3,4,5,6,9,10,11', NULL, 8),
	(19, NULL, '점검 003', NULL, '3,5', NULL, 9),
	(20, NULL, '점검 001', NULL, '1,3,8,11', NULL, 7);
/*!40000 ALTER TABLE `repairsituation` ENABLE KEYS */;

-- 테이블 dg.work_instruction 구조 내보내기
DROP TABLE IF EXISTS `work_instruction`;
CREATE TABLE IF NOT EXISTS `work_instruction` (
  `WorkInstructionNo` bigint(20) NOT NULL COMMENT '고유번호(바코드값)',
  `OrderNo` int(11) NOT NULL COMMENT '수주 고유번호',
  `WorkInstructionState` int(11) NOT NULL COMMENT '작업지시서 상태',
  `WorkInstructionTime` date NOT NULL COMMENT '작업지시서 생성 날짜',
  `WorkInstructionMemo` varchar(100) DEFAULT NULL COMMENT '작업지시서 메모',
  `WorkInstructionStateEnd` int(11) DEFAULT NULL COMMENT '출고 공정 상태',
  KEY `WorkInstructionNo` (`WorkInstructionNo`),
  CONSTRAINT `FK_work_instruction_bom` FOREIGN KEY (`WorkInstructionNo`) REFERENCES `bom` (`WorkInstructionNo`)
) ENGINE=InnoDB DEFAULT CHARSET=utf8 COMMENT='작업지시서(바코드 생성)';

-- 테이블 데이터 dg.work_instruction:~174 rows (대략적) 내보내기
/*!40000 ALTER TABLE `work_instruction` DISABLE KEYS */;
INSERT INTO `work_instruction` (`WorkInstructionNo`, `OrderNo`, `WorkInstructionState`, `WorkInstructionTime`, `WorkInstructionMemo`, `WorkInstructionStateEnd`) VALUES
	(2210700100201, 1, 6, '2021-07-27', NULL, NULL),
	(1210700100301, 1, 6, '2021-07-27', NULL, NULL),
	(1210700200101, 2, 6, '2021-07-27', NULL, NULL),
	(1210700200201, 2, 6, '2021-07-27', NULL, NULL),
	(2210700300101, 3, 6, '2021-07-27', NULL, NULL),
	(1210700300201, 3, 6, '2021-07-27', NULL, NULL),
	(2210700400501, 4, 6, '2021-07-27', NULL, NULL),
	(2210700400502, 4, 6, '2021-07-27', NULL, NULL),
	(2210700500301, 5, 6, '2021-07-27', NULL, NULL),
	(1210700500501, 5, 6, '2021-07-27', NULL, NULL),
	(2210700600401, 6, 6, '2021-07-28', NULL, NULL),
	(1210700600501, 6, 6, '2021-07-28', NULL, NULL),
	(1210700600502, 6, 6, '2021-07-28', NULL, NULL),
	(2210700700301, 7, 6, '2021-07-28', NULL, NULL),
	(2210700700401, 7, 6, '2021-07-28', NULL, NULL),
	(1210700800201, 8, 6, '2021-07-28', NULL, NULL),
	(2210700800301, 8, 6, '2021-07-28', NULL, NULL),
	(2210700800401, 8, 6, '2021-07-28', NULL, NULL),
	(2210700800501, 8, 6, '2021-07-28', NULL, NULL),
	(2210800900101, 9, 4, '2021-08-04', NULL, NULL),
	(2210800900201, 9, 3, '2021-08-04', NULL, NULL),
	(2211000900401, 9, 3, '2021-10-06', NULL, NULL),
	(1211101100201, 11, 3, '2021-11-22', NULL, NULL),
	(2211101200101, 12, 4, '2021-11-22', NULL, NULL),
	(2211101300201, 13, 3, '2021-11-22', NULL, NULL),
	(2211101300301, 13, 3, '2021-11-22', NULL, NULL),
	(2211101300401, 13, 3, '2021-11-22', NULL, NULL),
	(2211201403401, 14, 0, '2021-12-02', NULL, NULL),
	(2211201403501, 14, 0, '2021-12-02', NULL, NULL),
	(2211201403601, 14, 0, '2021-12-02', NULL, NULL),
	(2211201403602, 14, 0, '2021-12-02', NULL, NULL),
	(2211201403603, 14, 0, '2021-12-02', NULL, NULL),
	(2211201403604, 14, 0, '2021-12-02', NULL, NULL),
	(2211201403605, 14, 0, '2021-12-02', NULL, NULL),
	(2211201403606, 14, 0, '2021-12-02', NULL, NULL),
	(2211201403607, 14, 0, '2021-12-02', NULL, NULL),
	(2211201403608, 14, 0, '2021-12-02', NULL, NULL),
	(2211201403609, 14, 0, '2021-12-02', NULL, NULL),
	(2211201403610, 14, 0, '2021-12-02', NULL, NULL),
	(2211201403611, 14, 0, '2021-12-02', NULL, NULL),
	(2211201403612, 14, 0, '2021-12-02', NULL, NULL),
	(2211201403613, 14, 0, '2021-12-02', NULL, NULL),
	(2211201403614, 14, 0, '2021-12-02', NULL, NULL),
	(2211201501901, 15, 0, '2021-12-02', NULL, NULL),
	(2211201502301, 15, 0, '2021-12-02', NULL, NULL),
	(2211201502201, 15, 0, '2021-12-02', NULL, NULL),
	(2211201502501, 15, 0, '2021-12-02', NULL, NULL),
	(2211201502502, 15, 0, '2021-12-02', NULL, NULL),
	(2211201502503, 15, 0, '2021-12-02', NULL, NULL),
	(2211201502504, 15, 0, '2021-12-02', NULL, NULL),
	(2211201502601, 15, 0, '2021-12-02', NULL, NULL),
	(2211201502602, 15, 0, '2021-12-02', NULL, NULL),
	(2211201502603, 15, 0, '2021-12-02', NULL, NULL),
	(2211201502604, 15, 0, '2021-12-02', NULL, NULL),
	(2211201503001, 15, 0, '2021-12-02', NULL, NULL),
	(2211201503101, 15, 0, '2021-12-02', NULL, NULL),
	(2211201503201, 15, 0, '2021-12-02', NULL, NULL),
	(2211201503202, 15, 0, '2021-12-02', NULL, NULL),
	(2211201503203, 15, 0, '2021-12-02', NULL, NULL),
	(2211201503204, 15, 0, '2021-12-02', NULL, NULL),
	(2211201502401, 15, 0, '2021-12-02', NULL, NULL),
	(2211201603701, 16, 0, '2021-12-02', NULL, NULL),
	(2211201603801, 16, 0, '2021-12-02', NULL, NULL),
	(2211201603802, 16, 0, '2021-12-02', NULL, NULL),
	(2211201710601, 17, 0, '2021-12-02', NULL, NULL),
	(2211201710701, 17, 0, '2021-12-02', NULL, NULL),
	(2211201710801, 17, 0, '2021-12-02', NULL, NULL),
	(2211201710901, 17, 0, '2021-12-02', NULL, NULL),
	(2211201711001, 17, 0, '2021-12-02', NULL, NULL),
	(2211201711101, 17, 0, '2021-12-02', NULL, NULL),
	(2211201811301, 18, 0, '2021-12-02', NULL, NULL),
	(2211201811401, 18, 0, '2021-12-02', NULL, NULL),
	(2211201811501, 18, 0, '2021-12-02', NULL, NULL),
	(2211201811601, 18, 0, '2021-12-02', NULL, NULL),
	(2211201811701, 18, 0, '2021-12-02', NULL, NULL),
	(2211201811801, 18, 0, '2021-12-02', NULL, NULL),
	(2211201811901, 18, 0, '2021-12-02', NULL, NULL),
	(2211201812001, 18, 0, '2021-12-02', NULL, NULL),
	(2211201812101, 18, 0, '2021-12-02', NULL, NULL),
	(2211201812201, 18, 0, '2021-12-02', NULL, NULL),
	(2211201812301, 18, 0, '2021-12-02', NULL, NULL),
	(2211201812401, 18, 0, '2021-12-02', NULL, NULL),
	(2211201812501, 18, 0, '2021-12-02', NULL, NULL),
	(2211201812601, 18, 0, '2021-12-02', NULL, NULL),
	(2211201812701, 18, 0, '2021-12-02', NULL, NULL),
	(2211201812801, 18, 0, '2021-12-02', NULL, NULL),
	(2211201812901, 18, 0, '2021-12-02', NULL, NULL),
	(2211201813001, 18, 0, '2021-12-02', NULL, NULL),
	(2211201813101, 18, 0, '2021-12-02', NULL, NULL),
	(2211201813201, 18, 0, '2021-12-02', NULL, NULL),
	(2211201813301, 18, 0, '2021-12-02', NULL, NULL),
	(2211201813401, 18, 0, '2021-12-02', NULL, NULL),
	(2211201813501, 18, 0, '2021-12-02', NULL, NULL),
	(2211201813601, 18, 0, '2021-12-02', NULL, NULL),
	(2211201813701, 18, 0, '2021-12-02', NULL, NULL),
	(2211201813801, 18, 0, '2021-12-02', NULL, NULL),
	(2211201813901, 18, 0, '2021-12-02', NULL, NULL),
	(2211201814001, 18, 0, '2021-12-02', NULL, NULL),
	(2211201814101, 18, 0, '2021-12-02', NULL, NULL),
	(2211201814201, 18, 0, '2021-12-02', NULL, NULL),
	(2211201814301, 18, 0, '2021-12-02', NULL, NULL),
	(2211201814401, 18, 0, '2021-12-02', NULL, NULL),
	(2211201814501, 18, 0, '2021-12-02', NULL, NULL),
	(2211201814601, 18, 0, '2021-12-02', NULL, NULL),
	(2211201814701, 18, 0, '2021-12-02', NULL, NULL),
	(2211201814801, 18, 0, '2021-12-02', NULL, NULL),
	(2211201814901, 18, 0, '2021-12-02', NULL, NULL),
	(2211201815001, 18, 0, '2021-12-02', NULL, NULL),
	(2211201815101, 18, 0, '2021-12-02', NULL, NULL),
	(2211201815201, 18, 0, '2021-12-02', NULL, NULL),
	(2211201815301, 18, 0, '2021-12-02', NULL, NULL),
	(2211201815401, 18, 0, '2021-12-02', NULL, NULL),
	(2211201815501, 18, 0, '2021-12-02', NULL, NULL),
	(2211201815601, 18, 0, '2021-12-02', NULL, NULL),
	(2211201815701, 18, 0, '2021-12-02', NULL, NULL),
	(2211201815801, 18, 0, '2021-12-02', NULL, NULL),
	(2211201815901, 18, 0, '2021-12-02', NULL, NULL),
	(2211201816001, 18, 0, '2021-12-02', NULL, NULL),
	(2211201816101, 18, 0, '2021-12-02', NULL, NULL),
	(2211201816201, 18, 0, '2021-12-02', NULL, NULL),
	(2211201816301, 18, 0, '2021-12-02', NULL, NULL),
	(2211201816401, 18, 0, '2021-12-02', NULL, NULL),
	(2211201816501, 18, 0, '2021-12-02', NULL, NULL),
	(2211201816601, 18, 0, '2021-12-02', NULL, NULL),
	(2211201816701, 18, 0, '2021-12-02', NULL, NULL),
	(2211201816801, 18, 0, '2021-12-02', NULL, NULL),
	(2211201816901, 18, 0, '2021-12-02', NULL, NULL),
	(2211201817001, 18, 0, '2021-12-02', NULL, NULL),
	(2211201817101, 18, 0, '2021-12-02', NULL, NULL),
	(2211201817201, 18, 0, '2021-12-02', NULL, NULL),
	(2211201817301, 18, 0, '2021-12-02', NULL, NULL),
	(2211201817401, 18, 0, '2021-12-02', NULL, NULL),
	(2211201817501, 18, 0, '2021-12-02', NULL, NULL),
	(2211201817601, 18, 0, '2021-12-02', NULL, NULL),
	(2211201817701, 18, 0, '2021-12-02', NULL, NULL),
	(2211201817801, 18, 0, '2021-12-02', NULL, NULL),
	(2211201817901, 18, 0, '2021-12-02', NULL, NULL),
	(2211201818001, 18, 0, '2021-12-02', NULL, NULL),
	(2211201818101, 18, 0, '2021-12-02', NULL, NULL),
	(2211201818201, 18, 0, '2021-12-02', NULL, NULL),
	(2211201818301, 18, 0, '2021-12-02', NULL, NULL),
	(2211201818401, 18, 0, '2021-12-02', NULL, NULL),
	(2211201818501, 18, 0, '2021-12-02', NULL, NULL),
	(2211201818601, 18, 0, '2021-12-02', NULL, NULL),
	(2211201818701, 18, 0, '2021-12-02', NULL, NULL),
	(2211201818801, 18, 0, '2021-12-02', NULL, NULL),
	(2211201818901, 18, 0, '2021-12-02', NULL, NULL),
	(2211201819001, 18, 0, '2021-12-02', NULL, NULL),
	(2211201819101, 18, 0, '2021-12-02', NULL, NULL),
	(2211201819201, 18, 0, '2021-12-02', NULL, NULL),
	(2211201819301, 18, 0, '2021-12-02', NULL, NULL),
	(2211201819401, 18, 0, '2021-12-02', NULL, NULL),
	(2211201819501, 18, 0, '2021-12-02', NULL, NULL),
	(2211201819601, 18, 0, '2021-12-02', NULL, NULL),
	(2211201819701, 18, 0, '2021-12-02', NULL, NULL),
	(2211201819801, 18, 0, '2021-12-02', NULL, NULL),
	(2211201819901, 18, 0, '2021-12-02', NULL, NULL),
	(2211201820001, 18, 0, '2021-12-02', NULL, NULL),
	(2211201820101, 18, 0, '2021-12-02', NULL, NULL),
	(2211201820201, 18, 0, '2021-12-02', NULL, NULL),
	(2211201820301, 18, 0, '2021-12-02', NULL, NULL),
	(2211201820401, 18, 0, '2021-12-02', NULL, NULL),
	(2211201820501, 18, 0, '2021-12-02', NULL, NULL),
	(2211201820601, 18, 0, '2021-12-02', NULL, NULL),
	(2211201820701, 18, 0, '2021-12-02', NULL, NULL),
	(2211201820801, 18, 0, '2021-12-02', NULL, NULL),
	(2211201820901, 18, 0, '2021-12-02', NULL, NULL),
	(2211201821001, 18, 0, '2021-12-02', NULL, NULL),
	(2211201821101, 18, 0, '2021-12-02', NULL, NULL),
	(2211201821201, 18, 0, '2021-12-02', NULL, NULL),
	(2211201821301, 18, 0, '2021-12-02', NULL, NULL),
	(2211201821401, 18, 0, '2021-12-02', NULL, NULL),
	(2211201821501, 18, 0, '2021-12-02', NULL, NULL),
	(2211201300101, 13, 3, '2021-12-06', NULL, NULL);
/*!40000 ALTER TABLE `work_instruction` ENABLE KEYS */;

-- 테이블 dg.work_order 구조 내보내기
DROP TABLE IF EXISTS `work_order`;
CREATE TABLE IF NOT EXISTS `work_order` (
  `OrderNo` int(11) NOT NULL COMMENT '수주 고유번호',
  `OrderName` varchar(45) DEFAULT NULL COMMENT '수주 명',
  `OrderStateName` varchar(45) NOT NULL COMMENT '수주 상태 명',
  `OrderDate` date DEFAULT NULL COMMENT '수주 일자',
  `OrderDateEnd` date DEFAULT NULL COMMENT '수주 출하 예정일',
  `OrderStartSchedule` date DEFAULT NULL COMMENT '수주 작업 시작 일정',
  `OrderEndSchedule` date DEFAULT NULL COMMENT '수주 작업 종료 일정',
  `CustomerNo` int(11) DEFAULT NULL COMMENT '고객사 번호',
  `CustomerMemberNo` int(11) DEFAULT NULL COMMENT '고객사 담당자 고유번호',
  `OrderMemo` varchar(500) DEFAULT NULL COMMENT '수주/출하메모',
  `OrderPrice` bigint(20) unsigned NOT NULL DEFAULT 0 COMMENT '수주 금액',
  PRIMARY KEY (`OrderNo`),
  KEY `FK_work_order_OrderName_def_order_state_OrderStateName` (`OrderStateName`) USING BTREE,
  KEY `CustomerNo` (`CustomerNo`),
  CONSTRAINT `FK_work_order_OrderName_def_order_state_OrderStateName` FOREIGN KEY (`OrderStateName`) REFERENCES `def_order_state` (`OrderStateName`),
  CONSTRAINT `FK_work_order_customer` FOREIGN KEY (`CustomerNo`) REFERENCES `customer` (`CustomerNo`)
) ENGINE=InnoDB DEFAULT CHARSET=utf8 COMMENT='수주/출하';

-- 테이블 데이터 dg.work_order:~18 rows (대략적) 내보내기
/*!40000 ALTER TABLE `work_order` DISABLE KEYS */;
INSERT INTO `work_order` (`OrderNo`, `OrderName`, `OrderStateName`, `OrderDate`, `OrderDateEnd`, `OrderStartSchedule`, `OrderEndSchedule`, `CustomerNo`, `CustomerMemberNo`, `OrderMemo`, `OrderPrice`) VALUES
	(1, 'TEST수주', '5', '2021-07-27', '2021-07-27', '2021-07-27', '2021-07-29', 49, 42, '수량 100', 321312),
	(2, '20차수주', '5', '2021-07-27', '2021-07-27', '2021-08-05', '2021-08-09', 50, 43, '', 2222),
	(3, '21년수주', '5', '2021-07-27', '2021-07-27', '2021-07-27', '2023-07-27', 49, 42, '', 77777),
	(4, '11월발주', '5', '2021-07-27', '2021-07-27', '2021-07-27', '2021-07-27', 49, 42, '', 0),
	(5, '09월수주', '5', '2021-07-27', '2021-07-27', '2021-07-27', '2021-07-27', 49, 42, '', 0),
	(6, '08월납품', '5', '2021-07-28', '2021-07-30', '2021-07-28', '2021-07-31', 49, 42, '', 0),
	(7, '07월31일', '5', '2021-07-28', '2021-07-28', '2021-07-28', '2021-07-28', 49, 42, '', 0),
	(8, '7월2차', '5', '2021-07-28', '2021-07-28', '2021-07-28', '2021-08-01', 49, 42, '', 0),
	(9, '10월1차', '2', '2021-08-04', '2021-08-04', '2021-09-27', '2021-10-01', 49, 42, '', 13000000),
	(10, '10월2차', '3', '2021-09-16', '2021-09-16', '2021-09-16', '2021-09-19', 49, 42, '', 10000),
	(11, '1차 수주', '3', '2021-11-22', '2021-11-22', NULL, NULL, 49, 42, '볼트', 10000000),
	(12, '10월3차', '6', '2021-11-22', '2021-11-22', NULL, NULL, 49, 42, '비고 없음', 111111),
	(13, '22년납기', '3', '2021-11-22', '2021-11-22', '2022-04-05', '2022-04-05', 49, 42, '메모 없음', 100000),
	(14, 'YI2034', '1', '2021-12-02', '2022-01-11', NULL, NULL, 60, 53, '', 0),
	(15, 'GT21100', '1', '2021-06-01', '2021-06-28', NULL, NULL, 84, 78, '발주담당자 : 배필한 010-7162-7965\r\n설계담당자 : 박경환 010-8258-7610', 2294000),
	(16, 'DYA-F-YEK-210524-01-1', '1', '2021-06-11', '2021-06-16', NULL, NULL, 89, 83, '담당자 : DEV부 김기용', 185000),
	(17, '엠시스 가공품', '1', '2021-11-01', '2021-11-25', NULL, NULL, 56, 50, '', 0),
	(18, '(Furnace)포인트엔지니어링', '1', '2021-08-27', '2021-12-31', '2021-08-27', '2021-11-10', 104, 98, '', 0);
/*!40000 ALTER TABLE `work_order` ENABLE KEYS */;

-- 테이블 dg.work_process 구조 내보내기
DROP TABLE IF EXISTS `work_process`;
CREATE TABLE IF NOT EXISTS `work_process` (
  `WorkProcessNo` int(11) NOT NULL AUTO_INCREMENT COMMENT '프로세스 고유번호',
  `WorkInstructionNo` bigint(20) NOT NULL COMMENT '작업지시서 번호',
  `WorkProcessStateName` varchar(50) NOT NULL COMMENT '프로세스 상태',
  `FairGroup` varchar(50) DEFAULT NULL COMMENT '공정 그룹',
  `FairName` varchar(50) NOT NULL COMMENT '공정명',
  `FairReal` varchar(50) NOT NULL COMMENT '실공정명',
  `FairSort` int(11) NOT NULL COMMENT '공정 순서',
  `MemberId` varchar(50) DEFAULT NULL COMMENT '작업자ID',
  `MachineNo` varchar(50) DEFAULT NULL COMMENT '장비번호',
  `WorkProcessPlanStart` date NOT NULL COMMENT '계획시작시간',
  `WorkProcessPlanEnd` date NOT NULL COMMENT '계획종료시간',
  `WorkProcessStartTime` datetime DEFAULT NULL COMMENT '실제시작시간',
  `WorkProcessEndTime` datetime DEFAULT NULL COMMENT '실제종료시간',
  `WorkProcessMemo` varchar(50) DEFAULT NULL COMMENT '프로세스 메모',
  PRIMARY KEY (`WorkProcessNo`),
  KEY `WorkInstructionNo` (`WorkInstructionNo`),
  KEY `WorkProcessStateName` (`WorkProcessStateName`),
  KEY `MemberId` (`MemberId`),
  KEY `MachineNo` (`MachineNo`),
  CONSTRAINT `FK_work_process_def_work_process_state` FOREIGN KEY (`WorkProcessStateName`) REFERENCES `def_work_process_state` (`WorkProcessStateName`),
  CONSTRAINT `FK_work_process_work_instruction` FOREIGN KEY (`WorkInstructionNo`) REFERENCES `work_instruction` (`WorkInstructionNo`)
) ENGINE=InnoDB AUTO_INCREMENT=261 DEFAULT CHARSET=utf8;

-- 테이블 데이터 dg.work_process:~40 rows (대략적) 내보내기
/*!40000 ALTER TABLE `work_process` DISABLE KEYS */;
INSERT INTO `work_process` (`WorkProcessNo`, `WorkInstructionNo`, `WorkProcessStateName`, `FairGroup`, `FairName`, `FairReal`, `FairSort`, `MemberId`, `MachineNo`, `WorkProcessPlanStart`, `WorkProcessPlanEnd`, `WorkProcessStartTime`, `WorkProcessEndTime`, `WorkProcessMemo`) VALUES
	(216, 2210700100201, '5', '외주 제작', '외주', '외주', 0, 'User2', '7', '2021-09-21', '2021-09-30', '2021-09-21 16:01:29', '2021-09-28 16:01:33', ''),
	(217, 1210700100301, '5', '외주 제작', '외주', '외주', 0, 'admin', '1', '2020-01-01', '2020-01-01', NULL, NULL, ''),
	(219, 1210700200101, '5', '외주 제작', '외주', '외주', 0, 'admin', '2', '2020-01-01', '2020-01-01', NULL, NULL, ''),
	(220, 1210700200201, '5', '외주 제작', '외주', '외주', 0, 'admin', '3', '2020-01-01', '2020-01-01', NULL, NULL, ''),
	(221, 2210700300101, '5', '외주 제작', '외주', '외주', 0, 'admin', '4', '2020-01-01', '2020-01-01', '2021-07-27 17:13:29', '2021-07-27 17:13:33', ''),
	(222, 1210700300201, '5', '외주 제작', '외주', '외주', 0, 'admin', '5', '2020-01-01', '2020-01-01', NULL, NULL, ''),
	(223, 2210700300101, '5', '외주 제작', '외주', '외주', 0, 'admin', '4', '2020-01-01', '2020-01-01', '2020-02-02 00:00:00', '2020-02-02 00:00:00', ''),
	(224, 2210700400502, '5', '외주 제작', '외주', '외주', 0, 'admin', '3', '2020-01-01', '2020-01-01', '2021-07-27 17:26:22', '2021-07-27 17:27:28', ''),
	(225, 2210700400501, '5', '외주 제작', '외주', '외주', 0, 'admin', '2', '2020-01-01', '2020-01-01', '2021-07-27 17:28:04', '2021-07-27 17:28:13', ''),
	(227, 1210700500501, '5', '외주 제작', '외주', '외주', 0, 'admin', '1', '2020-01-01', '2020-01-01', NULL, NULL, ''),
	(228, 2210700500301, '5', '외주 제작', '외주', '외주', 0, 'admin', '7', '2020-01-01', '2020-01-01', '2021-07-27 17:35:45', '2021-07-27 17:35:50', ''),
	(230, 2210700600401, '5', '외주 제작', '외주', '외주', 0, 'admin', '6', '2020-01-01', '2020-01-01', '2021-07-28 09:30:05', '2021-07-28 09:30:10', ''),
	(232, 1210700600501, '5', '외주 제작', '외주', '외주', 0, 'admin', '5', '2021-07-28', '2021-07-30', NULL, NULL, ''),
	(233, 2210700700301, '5', '생산 공정', '방전', '방전', 2, 'admin', '4', '2021-07-28', '2021-07-28', '2021-07-28 13:52:24', '2021-07-28 13:52:36', NULL),
	(234, 2210700700401, '5', '생산 공정', '사상', '사상', 3, 'admin', '3', '2021-07-28', '2021-07-28', '2021-07-28 13:52:23', '2021-07-28 13:52:31', NULL),
	(235, 2210700800301, '5', '생산 공정', '방전', '방전', 2, 'admin', '2', '2021-07-28', '2021-07-28', '2021-07-28 13:54:09', '2021-07-28 13:54:19', NULL),
	(236, 2210700800401, '5', '생산 공정', '조립', '조립', 4, 'admin', '1', '2021-07-28', '2021-07-28', '2021-07-28 13:54:08', '2021-07-28 13:54:18', NULL),
	(237, 2210700800501, '5', '생산 공정', '사상', '사상', 3, 'admin', '7', '2021-07-28', '2021-07-28', '2021-07-28 13:54:08', '2021-07-28 13:54:18', NULL),
	(238, 1210700800201, '5', '외주 제작', '외주', '외주', 0, 'admin', '5', '2021-07-28', '2021-07-28', NULL, NULL, ''),
	(239, 2210800900101, '2', '생산 공정', '가공', '가공', 1, 'admin', '7', '2021-08-04', '2021-08-04', NULL, NULL, NULL),
	(241, 2210800900201, '5', '생산 공정', '사상', '사상', 3, 'admin', '2', '2021-08-04', '2021-08-04', '2021-12-01 12:36:15', '2021-12-03 12:37:40', NULL),
	(242, 2210800900201, '5', '생산 공정', '방전', '방전', 2, 'admin', '7', '2021-08-04', '2021-08-04', '2021-10-06 15:06:01', '2022-04-05 15:57:03', NULL),
	(243, 2211000900401, '5', '생산 공정', '사상', '사상', 3, 'User1', '2', '2021-08-04', '2021-08-04', '2021-10-06 10:05:53', '2021-11-29 15:05:09', NULL),
	(244, 1211101100201, '5', '외주 제작', '외주', '외주', 0, 'admin', '6', '2021-11-22', '2021-11-22', NULL, NULL, ''),
	(245, 2211101300201, '5', '생산 공정', '가공', '가공', 1, 'admin', NULL, '2021-11-22', '2021-11-22', '2022-04-05 15:45:56', '2022-04-05 15:46:00', NULL),
	(246, 2211101300201, '5', '생산 공정', '사상', '사상', 3, 'admin', NULL, '2021-11-22', '2021-11-22', '2022-04-05 15:45:57', '2022-04-05 15:46:03', NULL),
	(247, 2211101300201, '5', '생산 공정', '방전', '방전', 2, 'admin', NULL, '2021-11-22', '2021-11-22', '2022-04-05 15:45:57', '2022-04-05 15:46:07', NULL),
	(248, 2211101300201, '5', '생산 공정', '조립', '조립', 4, 'admin', NULL, '2021-11-22', '2021-11-22', '2022-04-05 15:45:57', '2022-04-05 15:46:09', NULL),
	(249, 2211101300301, '5', '생산 공정', '가공', '가공', 1, 'admin', NULL, '2021-11-22', '2021-11-22', '2022-04-05 15:53:13', '2022-04-05 15:53:56', NULL),
	(250, 2211101300301, '5', '생산 공정', '사상', '사상', 3, 'admin', NULL, '2021-11-22', '2021-11-22', '2022-04-05 15:53:40', '2022-04-05 15:55:08', NULL),
	(251, 2211101300301, '5', '생산 공정', '방전', '방전', 2, 'admin', NULL, '2021-11-22', '2021-11-22', '2022-04-05 15:53:41', '2022-04-05 15:55:43', NULL),
	(252, 2211101300301, '5', '생산 공정', '조립', '조립', 4, 'admin', NULL, '2021-11-22', '2021-11-22', '2022-04-05 15:53:41', '2022-04-05 15:55:46', NULL),
	(253, 2211101300401, '5', '생산 공정', '가공', '가공', 1, 'admin', NULL, '2021-11-22', '2021-11-22', '2022-04-05 15:56:59', '2022-04-05 15:57:02', NULL),
	(254, 2211101300401, '5', '생산 공정', '사상', '사상', 3, 'admin', NULL, '2021-11-22', '2021-11-22', '2022-04-05 15:57:00', '2022-04-05 15:57:03', NULL),
	(255, 2211101300401, '5', '생산 공정', '방전', '방전', 2, 'admin', NULL, '2021-11-22', '2021-11-22', '2022-04-05 15:57:00', '2022-04-05 15:57:03', NULL),
	(256, 2211101300401, '5', '생산 공정', '조립', '조립', 4, 'admin', NULL, '2021-11-22', '2021-11-22', '2022-04-05 15:57:00', '2022-04-05 15:57:03', NULL),
	(257, 2211201300101, '5', '생산 공정', '가공', '가공', 1, 'admin', NULL, '2021-11-22', '2021-11-22', '2022-04-05 15:57:31', '2022-04-05 15:57:36', NULL),
	(258, 2211201300101, '1', '생산 공정', '사상', '사상', 3, 'admin', NULL, '2021-11-22', '2021-11-22', '2022-04-05 15:57:32', NULL, NULL),
	(259, 2211201300101, '1', '생산 공정', '방전', '방전', 2, 'admin', NULL, '2021-11-22', '2021-11-22', '2022-04-05 15:57:32', NULL, NULL),
	(260, 2211201300101, '1', '생산 공정', '조립', '조립', 4, 'admin', NULL, '2021-11-22', '2021-11-22', '2022-04-05 15:57:33', NULL, NULL);
/*!40000 ALTER TABLE `work_process` ENABLE KEYS */;

/*!40101 SET SQL_MODE=IFNULL(@OLD_SQL_MODE, '') */;
/*!40014 SET FOREIGN_KEY_CHECKS=IF(@OLD_FOREIGN_KEY_CHECKS IS NULL, 1, @OLD_FOREIGN_KEY_CHECKS) */;
/*!40101 SET CHARACTER_SET_CLIENT=@OLD_CHARACTER_SET_CLIENT */;
